student_id,year_of_study,target_roles,lvl_prog_oop,lvl_python,lvl_javascript_ts,lvl_problem_solving,lvl_version_control,lvl_frontend,lvl_backend_api,lvl_mobile,lvl_databases_sql,lvl_nosql,lvl_data_analysis,lvl_machine_learning,lvl_statistics,lvl_cloud,lvl_devops_cicd,lvl_containers,lvl_linux,lvl_networking,lvl_security,lvl_testing_manual,lvl_test_automation,lvl_agile,lvl_ui_ux,lvl_business_analysis,lvl_project_management,lvl_communication,hidden_track,hidden_secondary,hidden_ability,rel_software_engineer,rel_qa_engineer,rel_frontend_engineer,rel_mobile_developer,rel_devops_engineer,rel_data_analyst,rel_data_scientist,rel_business_analyst,rel_ui_ux_designer,rel_network_engineer,rel_cybersecurity_analyst,rel_project_coordinator
SYN-C3-0000,4,mobile_developer,1,0,2,1,2,1,2,3,2,2,1,0,1,0,1,1,1,1,1,1,0,2,2,1,1,3,mobile_developer,,0.9406,3,2,2,3,2,2,1,3,3,2,1,3
SYN-C3-0001,3,qa_engineer,2,1,1,1,0,0,0,0,2,1,0,1,0,0,1,1,1,1,0,2,2,1,0,0,0,2,qa_engineer,,0.2236,2,3,0,1,1,2,0,1,1,1,1,0
SYN-C3-0002,3,frontend_engineer,0,0,1,1,1,1,1,0,1,0,0,0,0,0,0,0,0,0,0,0,0,1,0,1,0,1,frontend_engineer,,-1.6873,1,1,2,1,0,0,0,0,2,0,0,1
SYN-C3-0003,4,devops_engineer|project_coordinator,1,1,1,1,2,0,0,0,1,1,0,1,0,1,1,1,3,1,1,0,1,2,0,1,1,3,devops_engineer,project_coordinator,-0.4154,2,2,1,2,3,2,1,2,1,3,3,3
SYN-C3-0004,3,software_engineer,2,0,1,1,1,1,2,0,2,0,0,0,0,0,0,1,0,0,0,0,0,1,1,0,0,1,software_engineer,,-1.107,2,1,1,2,0,1,0,0,1,0,0,0
SYN-C3-0005,3,qa_engineer,3,0,1,2,3,1,1,1,3,1,1,0,1,1,1,0,1,2,1,3,2,2,0,2,1,3,qa_engineer,,1.8369,3,3,2,2,2,2,1,3,2,2,2,3
SYN-C3-0006,4,ui_ux_designer,2,2,0,1,1,2,0,0,2,2,0,1,0,0,0,0,1,1,1,1,1,3,2,2,0,3,ui_ux_designer,mobile_developer,-0.252,2,3,2,2,1,2,1,2,3,1,1,3
SYN-C3-0007,4,qa_engineer,2,1,1,0,1,1,0,1,0,0,0,0,1,0,1,0,1,1,0,2,1,1,0,1,0,3,qa_engineer,,-0.6711,1,3,1,1,1,1,0,1,2,1,1,2
SYN-C3-0008,3,devops_engineer,0,0,0,1,1,0,0,0,0,0,0,0,1,1,1,1,1,1,1,0,0,0,0,0,0,1,devops_engineer,,-1.2516,0,0,0,0,2,0,1,0,0,1,1,0
SYN-C3-0009,3,cybersecurity_analyst,1,1,0,1,1,1,1,1,2,0,0,1,1,2,1,0,2,3,3,1,1,1,0,1,0,2,cybersecurity_analyst,,0.9283,1,2,1,1,2,3,2,1,2,3,3,1
SYN-C3-0010,3,ui_ux_designer,1,2,1,1,0,1,0,0,0,0,0,0,1,0,0,0,0,1,0,0,0,0,2,1,0,1,ui_ux_designer,,-1.1419,0,0,1,0,0,0,0,0,2,0,1,0
SYN-C3-0011,4,network_engineer,2,0,2,2,1,2,0,0,1,1,0,1,0,1,0,0,0,2,1,0,0,1,0,0,1,2,network_engineer,,-0.1913,2,1,2,2,1,0,0,0,1,2,2,1
SYN-C3-0012,3,cybersecurity_analyst,0,1,1,1,1,0,1,1,1,0,0,0,0,0,1,1,1,1,2,1,0,1,1,0,0,2,cybersecurity_analyst,,0.188,1,2,1,1,1,1,0,1,2,2,3,0
SYN-C3-0013,4,network_engineer,2,1,2,2,1,1,0,1,1,0,1,0,0,2,2,0,1,2,1,1,0,1,1,0,1,3,network_engineer,,0.7138,2,1,2,2,2,1,1,2,3,3,3,2
SYN-C3-0014,3,ui_ux_designer,0,0,0,0,1,0,0,0,1,0,0,0,0,1,0,0,0,1,0,1,0,1,0,1,2,2,project_coordinator,,-0.9024,0,1,0,0,0,0,0,1,1,1,0,2
SYN-C3-0015,3,frontend_engineer|data_scientist,1,2,2,2,2,2,0,1,1,0,1,2,0,0,0,1,1,1,0,0,1,1,1,1,0,3,frontend_engineer,data_scientist,0.6475,2,2,3,2,1,1,2,2,3,1,1,2
SYN-C3-0016,4,qa_engineer,3,1,0,1,1,0,2,2,3,1,1,1,1,0,1,1,0,1,1,3,2,2,1,1,0,2,qa_engineer,,0.74,2,3,1,3,1,3,2,3,2,1,1,2
SYN-C3-0017,4,ui_ux_designer,0,1,1,1,0,1,0,0,2,0,1,0,0,0,1,0,0,0,0,1,0,3,0,2,2,2,business_analyst,,-0.1322,1,2,0,1,0,3,0,3,2,0,0,3
SYN-C3-0018,3,data_scientist,1,2,0,1,1,1,0,0,1,0,1,1,1,1,0,0,0,0,0,0,0,0,0,0,0,1,data_scientist,,-0.4898,0,0,0,0,0,1,2,0,0,0,0,0
SYN-C3-0019,3,mobile_developer,3,0,2,1,1,1,0,1,2,1,0,1,1,1,0,1,0,0,0,0,0,1,2,0,0,2,mobile_developer,,-0.1474,2,2,2,3,0,2,1,1,3,1,0,1
SYN-C3-0020,3,software_engineer,0,0,2,2,1,1,2,0,3,1,0,1,1,0,1,1,0,1,0,1,0,1,0,1,1,1,software_engineer,,0.3829,3,1,1,1,0,1,1,1,2,0,0,1
SYN-C3-0021,3,data_analyst,1,2,1,1,0,1,0,0,3,0,2,1,1,1,0,0,0,0,0,0,0,1,0,1,0,3,data_analyst,,0.1212,1,1,0,1,0,3,2,1,2,0,1,2
SYN-C3-0022,4,frontend_engineer,2,1,2,1,3,2,1,0,1,1,2,0,2,1,1,1,1,1,1,1,2,1,1,0,1,3,frontend_engineer,,0.6986,3,2,3,3,2,2,2,3,2,2,2,2
SYN-C3-0023,4,cybersecurity_analyst,3,1,2,3,2,1,3,2,3,2,1,1,1,1,1,0,2,0,0,2,1,3,0,0,0,2,software_engineer,,0.6532,3,3,2,3,2,2,2,1,2,1,2,1
SYN-C3-0024,4,data_analyst,2,3,1,2,1,1,2,0,2,1,2,1,3,1,1,1,1,2,1,1,1,1,1,3,0,2,data_analyst,,1.3817,3,2,2,2,2,3,3,3,3,2,2,1
SYN-C3-0025,4,qa_engineer,2,1,0,2,0,1,0,0,1,1,1,0,2,1,0,1,3,3,1,0,1,0,0,0,1,2,network_engineer,,0.1486,1,1,0,1,2,2,1,1,0,3,2,0
SYN-C3-0026,3,frontend_engineer,2,0,2,1,2,3,0,0,2,1,1,1,0,1,0,1,1,1,0,0,0,2,2,0,0,2,frontend_engineer,,0.5595,3,1,3,3,1,1,1,1,3,1,1,2
SYN-C3-0027,3,cybersecurity_analyst,1,2,1,1,1,0,0,1,1,0,0,0,2,1,0,0,1,1,2,1,0,0,0,0,0,1,cybersecurity_analyst,,0.0234,1,1,0,0,1,1,1,0,0,2,3,0
SYN-C3-0028,4,devops_engineer,2,1,2,2,1,1,2,0,2,1,1,1,2,1,1,2,1,0,1,1,0,1,2,1,0,3,software_engineer,,-0.0222,3,2,2,2,2,3,2,2,3,1,1,2
SYN-C3-0029,4,cybersecurity_analyst,2,0,1,2,1,1,1,2,3,0,1,1,0,1,1,0,1,1,0,2,0,2,0,3,1,3,business_analyst,,0.8291,3,3,1,2,1,2,1,3,2,2,1,3
SYN-C3-0030,3,project_coordinator,2,0,1,2,2,0,1,2,2,1,0,0,0,0,0,0,0,0,0,1,0,1,0,1,0,2,mobile_developer,,0.028,3,2,1,3,0,1,0,1,1,1,0,2
SYN-C3-0031,3,ui_ux_designer,0,0,0,0,1,1,0,0,0,1,0,0,1,0,0,0,0,1,0,0,0,1,1,0,0,1,ui_ux_designer,,-1.2864,0,0,0,1,0,0,0,0,2,0,0,0
SYN-C3-0032,3,mobile_developer|cybersecurity_analyst,1,0,1,0,0,0,0,1,1,0,0,0,0,0,0,0,0,1,0,1,0,1,0,0,0,1,mobile_developer,cybersecurity_analyst,-1.6823,0,0,0,1,0,0,0,0,0,0,0,0
SYN-C3-0033,3,ui_ux_designer,0,0,1,1,0,2,1,0,1,0,0,0,0,1,0,0,0,0,0,0,0,1,2,1,1,1,ui_ux_designer,,-0.0129,1,0,2,0,0,0,0,1,3,0,0,1
SYN-C3-0034,3,qa_engineer,1,1,1,1,2,1,1,0,3,0,1,0,0,0,1,0,1,0,1,2,1,1,1,0,1,1,qa_engineer,,0.324,2,3,2,2,1,2,1,1,2,0,1,1
SYN-C3-0035,3,project_coordinator,1,1,0,1,0,1,0,0,0,1,1,0,0,0,0,1,2,1,1,0,0,2,1,1,1,2,project_coordinator,devops_engineer,0.224,0,1,1,1,1,1,0,2,2,1,2,3
SYN-C3-0036,3,cybersecurity_analyst,1,0,0,1,0,0,0,0,1,0,0,0,0,0,0,0,1,1,1,0,0,0,0,0,0,1,cybersecurity_analyst,,-2.2757,0,0,0,0,0,0,0,0,0,1,2,0
SYN-C3-0037,4,data_scientist|mobile_developer,1,1,0,1,1,1,0,3,2,0,0,3,3,1,0,1,0,1,1,0,0,0,1,1,1,1,data_scientist,mobile_developer,-0.7776,0,1,0,2,0,2,3,1,1,1,1,1
SYN-C3-0038,3,ui_ux_designer,2,1,1,0,2,2,1,0,2,1,1,0,1,1,1,0,1,1,0,2,1,3,0,1,0,3,qa_engineer,,0.6644,2,3,1,2,1,2,1,2,2,1,1,2
SYN-C3-0039,4,software_engineer,2,2,2,2,2,2,2,0,3,2,0,0,0,0,0,1,2,2,0,2,1,2,1,0,1,2,software_engineer,,0.6556,3,2,3,3,1,1,1,2,2,2,2,1
SYN-C3-0040,4,data_scientist,2,0,1,2,1,1,1,0,3,0,0,1,0,0,0,1,0,1,0,0,0,1,0,1,0,2,software_engineer,,-1.1609,2,1,2,2,0,1,1,1,2,0,0,1
SYN-C3-0041,3,frontend_engineer,0,1,1,1,1,2,0,0,1,0,0,0,1,0,1,0,0,1,1,0,1,0,1,1,0,2,frontend_engineer,,0.2153,1,1,2,0,1,1,0,0,2,1,1,1
SYN-C3-0042,3,network_engineer,1,1,1,0,2,1,0,3,2,1,1,0,1,0,1,0,0,0,0,0,0,0,1,0,0,2,mobile_developer,,0.2519,1,1,1,3,0,2,1,0,2,0,0,0
SYN-C3-0043,4,frontend_engineer|business_analyst,3,1,3,2,1,2,1,0,3,1,1,1,1,1,1,1,1,1,0,0,1,2,1,2,1,2,frontend_engineer,business_analyst,1.1589,3,3,3,2,2,3,2,3,3,1,2,3
SYN-C3-0044,3,project_coordinator,0,0,0,0,1,0,0,0,1,0,0,0,0,0,0,0,0,0,0,0,0,1,0,1,2,2,project_coordinator,,-1.7145,0,1,0,1,0,0,0,1,1,0,0,2
SYN-C3-0045,3,data_analyst,1,1,1,1,0,1,0,0,2,0,1,0,1,1,0,0,1,2,0,0,0,0,0,1,0,2,data_analyst,,-0.3644,1,1,0,0,1,3,1,0,1,2,2,1
SYN-C3-0046,3,frontend_engineer,0,1,2,2,2,2,1,0,2,1,0,1,2,1,0,1,1,1,1,0,1,1,1,0,0,2,frontend_engineer,data_scientist,0.173,2,1,3,2,2,3,2,1,2,2,2,0
SYN-C3-0047,4,software_engineer,2,1,2,1,1,1,2,2,2,1,0,0,1,0,1,1,1,1,0,0,0,1,1,1,0,2,software_engineer,mobile_developer,-0.806,3,2,2,3,1,1,1,2,3,0,1,1
SYN-C3-0048,3,data_analyst|project_coordinator,2,2,0,2,1,2,0,0,2,0,1,0,1,0,0,1,0,2,0,1,0,2,0,2,1,3,data_analyst,project_coordinator,0.4467,2,2,1,1,1,2,2,2,2,1,1,3
SYN-C3-0049,4,project_coordinator|mobile_developer,3,1,0,2,2,1,1,1,3,1,1,1,1,1,0,0,1,1,1,2,2,2,1,2,3,3,project_coordinator,mobile_developer,0.8439,2,3,2,3,2,3,2,3,2,2,2,3
SYN-C3-0050,4,frontend_engineer,0,1,3,1,1,3,0,0,1,0,0,0,0,0,0,1,1,0,0,0,1,1,0,0,0,3,frontend_engineer,,-0.6141,1,1,3,1,0,1,0,0,2,1,1,1
SYN-C3-0051,3,software_engineer|network_engineer,2,0,0,1,2,2,1,0,2,0,0,0,2,0,0,1,1,1,0,1,0,1,0,1,0,1,software_engineer,network_engineer,-1.0183,2,1,1,1,0,1,1,1,1,1,0,1
SYN-C3-0052,3,devops_engineer,1,2,1,2,2,2,2,1,0,0,1,1,1,3,2,3,3,3,1,1,0,1,2,1,1,2,devops_engineer,,1.3777,3,1,3,2,3,2,2,1,3,3,3,2
SYN-C3-0053,3,devops_engineer,1,1,1,0,1,1,1,0,1,0,1,0,0,1,3,1,2,0,1,0,0,1,0,0,1,3,devops_engineer,,0.2447,2,2,1,2,3,1,1,2,1,1,2,2
SYN-C3-0054,3,cybersecurity_analyst|frontend_engineer,1,1,1,1,3,1,1,0,1,0,1,0,1,0,1,2,1,0,1,0,1,1,0,1,0,1,devops_engineer,frontend_engineer,-0.9911,1,2,1,2,2,1,1,1,2,0,1,1
SYN-C3-0055,4,mobile_developer,3,1,2,2,2,2,1,2,2,2,1,2,1,1,2,0,0,2,0,1,0,2,1,1,1,2,mobile_developer,,1.1402,3,2,2,3,1,3,2,2,3,2,2,3
SYN-C3-0056,3,business_analyst,1,1,0,1,0,0,0,0,1,0,0,0,0,0,0,0,0,0,0,0,0,2,0,2,1,2,business_analyst,,-1.7734,0,1,0,0,0,1,0,2,1,0,0,2
SYN-C3-0057,4,business_analyst,1,2,0,0,0,2,0,0,1,0,1,2,1,0,0,0,0,1,1,1,0,1,1,2,0,1,business_analyst,,-0.9048,1,1,0,1,0,2,1,2,2,0,0,1
SYN-C3-0058,4,business_analyst,1,2,1,1,1,0,1,0,2,1,1,0,1,0,0,0,1,1,0,1,1,2,1,2,1,2,business_analyst,,-0.1638,2,2,2,2,1,3,1,3,2,1,1,3
SYN-C3-0059,3,software_engineer,3,0,2,2,1,2,1,1,3,0,2,0,1,1,0,1,1,1,1,2,0,1,1,1,1,2,software_engineer,,0.7529,3,2,2,3,1,3,2,2,3,2,2,2
SYN-C3-0060,4,frontend_engineer,1,1,2,1,0,2,0,0,1,0,0,0,0,0,0,0,1,1,0,0,1,1,0,0,0,2,frontend_engineer,,-1.2574,1,2,2,0,0,1,0,0,1,1,1,0
SYN-C3-0061,4,network_engineer,3,2,2,1,2,1,1,0,1,0,1,1,1,0,0,0,2,3,2,0,0,0,1,1,0,3,network_engineer,,0.3574,2,1,2,2,2,2,2,2,2,3,3,1
SYN-C3-0062,4,frontend_engineer|data_analyst,1,2,3,2,3,2,2,1,3,1,2,1,2,1,1,1,1,1,1,3,1,3,2,2,0,3,frontend_engineer,data_analyst,1.9509,3,3,3,3,2,3,3,3,3,2,2,2
SYN-C3-0063,4,network_engineer,0,1,0,2,2,0,0,0,2,0,0,1,1,0,0,1,2,2,1,0,1,0,0,1,0,2,network_engineer,,-0.4625,1,1,1,0,2,2,1,1,0,3,2,1
SYN-C3-0064,3,devops_engineer|frontend_engineer,0,1,1,0,2,1,0,0,1,0,1,0,0,1,1,1,3,0,1,0,0,1,1,0,0,1,devops_engineer,frontend_engineer,-0.9342,1,1,1,1,2,1,0,1,2,1,2,0
SYN-C3-0065,3,software_engineer,3,0,1,2,3,3,2,1,3,0,0,0,0,1,1,1,1,1,1,1,1,1,1,1,0,2,software_engineer,,0.7584,3,3,3,3,2,2,1,2,3,2,1,1
SYN-C3-0066,4,software_engineer,3,0,1,1,3,1,0,0,2,1,0,0,0,1,0,0,0,0,1,1,1,1,0,0,1,2,software_engineer,,-0.909,3,2,1,1,1,1,0,1,2,1,0,1
SYN-C3-0067,4,software_engineer,1,2,1,1,2,1,1,0,2,1,2,0,2,1,0,1,2,2,2,2,0,1,1,2,1,3,business_analyst,,1.1635,3,3,2,2,2,3,2,3,3,3,3,2
SYN-C3-0068,4,data_scientist,2,2,0,2,1,1,0,1,2,0,1,1,2,2,0,1,0,1,0,0,1,1,0,0,0,1,data_scientist,,0.1858,1,2,1,1,1,2,3,0,1,0,1,0
SYN-C3-0069,4,software_engineer,3,1,2,2,3,2,2,2,3,1,1,0,1,1,1,1,1,2,1,1,0,2,1,0,0,2,software_engineer,,0.4422,3,2,3,3,2,2,2,2,2,2,3,1
SYN-C3-0070,3,frontend_engineer,1,0,2,1,0,0,0,0,1,0,0,0,0,0,0,0,0,0,0,1,1,0,0,0,0,1,qa_engineer,ui_ux_designer,-1.628,0,1,0,0,0,0,0,0,0,0,0,0
SYN-C3-0071,3,frontend_engineer,0,1,2,0,1,1,0,0,1,0,0,0,0,0,1,0,0,0,0,0,0,0,1,0,0,2,frontend_engineer,,-0.7957,0,1,2,1,1,1,0,0,2,0,0,0
SYN-C3-0072,4,software_engineer|devops_engineer,2,2,1,2,3,1,2,0,3,2,1,1,0,2,1,1,2,1,0,0,0,2,2,1,0,3,software_engineer,devops_engineer,0.064,3,2,2,3,3,2,2,3,3,2,2,3
SYN-C3-0073,3,frontend_engineer,1,1,2,2,2,2,1,0,2,0,0,0,1,0,0,0,0,1,0,0,1,1,1,1,0,2,frontend_engineer,,-0.282,2,1,3,2,0,3,1,1,2,0,1,1
SYN-C3-0074,3,project_coordinator,1,0,0,1,0,1,0,0,2,1,0,0,0,0,1,0,1,0,0,1,0,1,0,1,1,2,project_coordinator,,-0.3349,2,1,0,0,0,1,0,1,2,0,0,2
SYN-C3-0075,3,software_engineer|frontend_engineer,3,1,2,2,3,3,3,1,3,3,1,0,0,2,2,3,0,2,1,2,0,3,2,1,1,3,software_engineer,frontend_engineer,2.0323,3,2,3,3,3,2,1,3,3,2,2,3
SYN-C3-0076,4,ui_ux_designer,1,0,0,1,1,1,0,0,2,0,0,0,0,1,0,1,0,1,0,1,1,2,2,1,1,2,ui_ux_designer,,-0.6528,1,2,1,1,1,1,1,2,3,1,1,3
SYN-C3-0077,3,software_engineer|business_analyst,2,1,1,2,2,1,1,0,2,1,2,1,1,1,0,0,2,0,0,1,0,1,1,1,0,2,software_engineer,business_analyst,0.6108,3,2,2,3,1,3,2,2,3,1,2,2
SYN-C3-0078,3,mobile_developer,2,2,1,1,1,0,1,1,1,0,0,0,1,2,0,0,1,0,1,0,0,1,1,0,0,1,mobile_developer,,-0.7358,1,1,1,2,1,1,1,1,1,1,1,0
SYN-C3-0079,4,frontend_engineer,0,1,1,1,3,3,0,0,1,1,0,0,2,0,1,0,0,0,0,1,1,1,1,0,1,3,frontend_engineer,,-0.0712,1,2,3,1,1,2,1,2,3,0,0,2
SYN-C3-0080,4,mobile_developer|qa_engineer,3,1,2,0,1,2,1,1,3,1,1,0,0,0,0,0,1,2,0,0,1,3,1,0,1,2,mobile_developer,qa_engineer,-0.2558,2,2,2,3,1,2,0,2,2,1,1,1
SYN-C3-0081,3,frontend_engineer|devops_engineer,0,1,1,2,2,3,1,1,1,0,0,0,0,0,0,0,0,0,1,0,0,3,1,1,1,3,frontend_engineer,devops_engineer,0.4017,1,1,3,2,1,1,1,3,3,0,0,3
SYN-C3-0082,3,qa_engineer,1,0,1,0,2,1,1,1,2,1,1,0,2,0,1,0,1,2,0,3,0,2,0,1,2,2,qa_engineer,,0.7901,2,3,1,2,1,2,1,3,2,1,1,3
SYN-C3-0083,4,software_engineer,2,0,2,1,2,1,1,0,2,0,0,0,0,0,0,0,1,1,0,1,0,1,0,0,0,2,software_engineer,,-1.5637,3,2,2,2,1,1,1,1,2,1,0,1
SYN-C3-0084,4,ui_ux_designer,2,0,0,1,0,1,1,0,1,0,0,1,1,0,1,2,1,1,0,1,0,1,1,1,0,2,ui_ux_designer,,0.1954,2,1,1,2,1,1,1,1,3,1,1,1
SYN-C3-0085,3,qa_engineer,1,1,1,0,1,1,0,1,1,0,0,0,0,0,1,1,0,1,1,2,1,1,0,1,2,2,qa_engineer,,0.4153,1,3,1,1,1,1,0,2,2,0,1,2
SYN-C3-0086,4,business_analyst|ui_ux_designer,1,0,0,2,1,1,0,0,2,0,1,1,0,1,0,0,0,1,0,1,0,1,1,3,1,2,business_analyst,ui_ux_designer,-0.6428,2,2,1,1,0,2,2,3,2,1,1,2
SYN-C3-0087,4,project_coordinator,2,1,1,1,2,0,0,0,3,1,0,0,0,0,0,1,1,0,0,2,1,1,1,0,0,3,software_engineer,qa_engineer,-1.3316,3,2,2,2,1,1,1,1,1,1,0,0
SYN-C3-0088,3,data_analyst|frontend_engineer,1,1,1,1,1,2,1,0,3,0,2,1,3,0,0,0,0,2,0,1,1,1,0,2,1,3,data_analyst,frontend_engineer,-0.3435,2,2,2,1,0,3,2,3,2,1,1,3
SYN-C3-0089,3,business_analyst,2,0,1,1,0,0,0,1,2,0,0,0,2,1,0,1,1,1,0,2,0,2,0,2,2,3,business_analyst,network_engineer,0.2918,2,2,0,1,1,2,1,3,1,2,1,3
SYN-C3-0090,3,network_engineer|data_analyst,2,0,1,2,1,1,1,1,3,1,1,3,1,1,0,1,1,3,2,1,1,0,2,1,2,3,network_engineer,data_analyst,2.0917,2,2,2,2,0,3,2,2,2,3,2,2
SYN-C3-0091,3,data_analyst|ui_ux_designer,1,1,2,2,1,1,0,0,3,1,2,1,2,0,0,0,2,1,0,0,0,1,0,3,1,3,data_analyst,ui_ux_designer,0.8439,2,1,1,1,1,3,3,2,2,1,2,3
SYN-C3-0092,3,software_engineer|cybersecurity_analyst,3,0,2,1,2,1,0,1,2,1,0,0,0,1,1,0,2,2,1,0,0,0,0,0,0,2,software_engineer,cybersecurity_analyst,-0.6856,2,2,1,2,2,1,1,0,1,3,2,0
SYN-C3-0093,4,ui_ux_designer,2,2,1,2,3,2,2,1,3,2,2,1,3,1,2,1,3,3,1,2,1,3,2,3,2,3,business_analyst,devops_engineer,2.4692,3,3,3,3,3,3,3,3,3,3,3,3
SYN-C3-0094,4,data_scientist,1,1,1,1,2,1,0,0,2,0,1,2,1,0,0,1,0,0,0,0,0,0,0,1,0,1,data_scientist,,-1.4881,1,1,1,1,1,2,2,0,1,0,0,1
SYN-C3-0095,4,cybersecurity_analyst,1,1,2,3,1,1,1,0,1,0,1,0,1,1,0,0,2,2,2,1,0,1,1,1,0,1,cybersecurity_analyst,project_coordinator,-0.6775,2,2,2,2,1,2,1,2,2,3,3,2
SYN-C3-0096,3,ui_ux_designer|data_scientist,1,2,2,3,2,2,0,1,2,1,0,2,1,0,0,2,0,1,0,2,0,1,3,2,0,3,ui_ux_designer,data_scientist,0.8687,3,2,3,2,1,2,2,2,3,0,1,1
SYN-C3-0097,3,cybersecurity_analyst,0,1,0,1,0,0,1,0,1,0,0,0,1,0,0,0,1,2,1,2,1,1,1,1,0,0,cybersecurity_analyst,,-0.0423,0,1,0,0,0,1,0,0,1,1,2,0
SYN-C3-0098,3,data_analyst,1,1,1,2,1,1,1,0,3,0,1,1,2,1,0,0,0,1,0,0,1,0,0,2,1,2,data_analyst,,0.2931,1,2,0,1,0,3,2,1,1,1,1,2
SYN-C3-0099,3,business_analyst,1,1,1,1,0,1,0,0,1,0,1,0,0,0,1,0,1,0,1,1,0,2,0,2,1,3,business_analyst,,-0.0037,1,2,1,1,1,1,1,3,2,1,1,3
SYN-C3-0100,3,devops_engineer,2,1,1,1,1,0,0,1,1,0,0,0,0,2,1,2,2,1,0,0,0,1,1,0,0,3,devops_engineer,,-0.3484,2,1,1,2,3,1,1,0,2,2,2,1
SYN-C3-0101,4,data_analyst,2,0,0,0,0,0,0,0,1,0,3,1,2,0,0,0,0,1,1,1,0,1,0,1,1,1,data_analyst,,-0.2456,1,1,0,0,0,2,1,2,1,0,0,1
SYN-C3-0102,4,data_scientist,1,1,2,1,1,2,1,0,1,0,0,0,1,0,1,0,0,0,0,0,0,1,2,0,0,0,frontend_engineer,,-1.0411,1,1,3,2,0,0,0,0,2,0,0,0
SYN-C3-0103,4,qa_engineer,3,1,2,1,3,1,0,0,2,0,1,0,1,0,1,0,1,2,1,2,2,2,1,1,0,1,qa_engineer,,0.3229,3,3,2,1,1,2,1,2,2,1,2,2
SYN-C3-0104,3,business_analyst|data_scientist,0,1,0,2,2,2,0,1,3,0,3,0,2,1,1,0,1,0,0,1,0,2,2,2,1,3,business_analyst,data_scientist,0.9891,2,2,2,1,1,3,3,3,3,1,1,3
SYN-C3-0105,4,data_scientist,2,2,0,1,0,1,0,1,1,1,2,2,2,1,0,1,0,0,0,0,0,1,0,0,1,2,data_scientist,,-0.7768,1,1,0,1,1,2,3,1,1,0,1,2
SYN-C3-0106,4,data_analyst,2,1,0,2,0,1,0,0,2,1,1,0,1,0,0,1,1,0,0,0,1,1,0,0,0,2,data_analyst,,-0.677,2,1,1,1,0,3,1,1,1,0,1,1
SYN-C3-0107,4,software_engineer,3,1,3,2,1,2,2,0,3,1,1,1,1,1,1,1,0,1,0,1,1,2,2,1,0,3,software_engineer,ui_ux_designer,0.8033,3,3,3,2,1,3,2,3,3,1,1,2
SYN-C3-0108,4,frontend_engineer|data_analyst,2,1,2,1,2,3,3,1,2,1,1,2,2,2,2,0,1,1,1,1,3,1,2,2,1,3,frontend_engineer,data_analyst,1.6163,3,3,3,3,3,3,2,3,3,2,2,2
SYN-C3-0109,4,qa_engineer,2,1,1,2,1,1,1,1,3,1,0,1,2,1,1,1,1,1,0,3,1,2,2,1,0,3,qa_engineer,data_analyst,0.3798,3,3,2,2,2,3,2,3,3,1,1,2
SYN-C3-0110,3,network_engineer,1,0,0,1,1,1,0,1,0,0,0,0,1,0,0,0,0,2,0,0,0,0,0,1,0,2,network_engineer,mobile_developer,-1.2557,0,0,0,0,0,1,0,0,1,2,1,1
SYN-C3-0111,4,ui_ux_designer,3,2,2,1,2,2,0,0,2,1,1,1,2,2,0,1,1,0,0,1,1,3,3,1,1,3,ui_ux_designer,,1.1916,3,3,3,3,1,3,3,3,3,1,1,3
SYN-C3-0112,3,data_scientist|business_analyst,2,3,1,2,2,1,1,1,2,1,2,2,2,1,2,1,1,2,0,2,1,3,1,2,1,3,data_scientist,business_analyst,1.434,3,3,2,3,2,3,3,3,3,2,2,3
SYN-C3-0113,4,mobile_developer|project_coordinator,1,1,1,1,2,0,1,1,2,0,0,0,1,0,0,0,1,1,1,0,1,3,0,1,1,2,mobile_developer,project_coordinator,-0.6391,1,2,1,2,1,2,1,2,2,1,2,2
SYN-C3-0114,4,frontend_engineer|qa_engineer,0,0,3,1,2,2,2,0,1,0,0,1,1,1,1,0,0,1,0,1,2,3,1,1,0,2,frontend_engineer,qa_engineer,-0.7077,2,3,3,2,1,1,1,2,3,1,1,2
SYN-C3-0115,4,data_scientist|project_coordinator,2,2,0,2,2,0,0,0,1,0,1,1,2,0,0,1,1,1,0,0,0,1,0,2,1,2,data_scientist,project_coordinator,-0.5446,1,1,1,1,1,3,3,2,1,1,1,2
SYN-C3-0116,3,data_analyst,3,2,1,1,2,1,1,0,3,1,2,1,2,0,2,2,1,0,0,1,1,0,1,2,1,2,data_analyst,,1.6703,3,2,2,2,1,3,3,2,2,1,0,1
SYN-C3-0117,3,software_engineer,2,0,2,2,2,1,1,0,2,0,1,1,1,0,0,0,0,0,0,1,0,1,0,1,0,1,software_engineer,,-0.9925,3,2,2,2,0,2,1,1,2,0,0,1
SYN-C3-0118,3,software_engineer,1,1,2,2,0,0,1,0,2,1,0,0,1,0,0,0,0,0,0,1,0,1,0,1,0,2,software_engineer,,-0.4117,2,2,1,1,0,2,1,1,1,0,0,1
SYN-C3-0119,3,business_analyst|mobile_developer,2,1,2,1,1,0,0,1,2,1,1,0,1,1,0,0,0,1,0,1,2,1,1,2,0,3,business_analyst,mobile_developer,-0.269,2,3,2,3,1,2,1,3,2,0,1,2
SYN-C3-0120,4,software_engineer,3,1,2,1,1,1,2,1,3,2,1,0,1,1,1,1,0,3,1,1,2,2,1,1,2,2,software_engineer,,0.5835,3,3,2,3,2,3,2,3,3,2,2,3
SYN-C3-0121,3,data_analyst,2,3,1,3,1,1,2,1,3,1,2,1,3,1,0,1,0,1,0,0,2,1,1,2,1,3,data_analyst,data_scientist,1.3747,3,2,2,2,1,3,3,3,3,2,1,2
SYN-C3-0122,4,mobile_developer|network_engineer,2,0,1,0,1,0,0,1,2,1,0,1,0,0,0,0,1,0,0,0,0,1,1,1,0,2,mobile_developer,network_engineer,-1.9787,1,1,1,3,0,1,0,2,2,1,0,1
SYN-C3-0123,4,network_engineer,3,1,1,2,2,2,1,0,1,1,1,1,1,1,0,0,2,3,1,1,0,1,1,2,1,3,network_engineer,,0.3681,3,2,3,3,2,2,2,3,3,3,3,2
SYN-C3-0124,4,software_engineer,2,2,2,2,2,1,2,1,3,0,0,2,0,2,0,2,1,2,2,0,1,1,1,1,1,2,software_engineer,data_scientist,0.5289,3,2,3,2,2,2,2,1,3,3,3,2
SYN-C3-0125,3,software_engineer|frontend_engineer,1,1,2,2,0,2,1,0,2,0,0,0,0,0,0,0,0,1,0,0,0,1,1,0,0,2,software_engineer,frontend_engineer,-1.4021,2,1,2,1,0,1,0,0,2,0,1,1
SYN-C3-0126,3,software_engineer,3,0,2,3,2,0,0,0,2,1,0,0,0,0,0,0,2,0,0,0,0,1,1,0,0,2,software_engineer,,-0.3029,3,1,2,3,1,1,0,0,1,1,1,1
SYN-C3-0127,4,ui_ux_designer,0,0,1,1,3,0,0,0,1,0,0,1,1,1,2,1,1,1,0,1,0,1,0,2,1,1,devops_engineer,,-1.1013,1,1,1,0,2,1,1,1,1,2,1,2
SYN-C3-0128,3,data_scientist,1,2,1,2,1,1,0,0,1,0,2,3,2,2,0,1,0,0,0,0,1,0,0,0,0,3,data_scientist,,0.41,1,2,1,0,1,2,3,1,1,1,1,0
SYN-C3-0129,3,data_analyst,2,2,1,1,1,1,1,0,3,1,1,1,2,2,1,1,2,1,1,1,1,2,1,1,1,3,data_analyst,cybersecurity_analyst,1.7111,3,3,2,2,2,3,2,3,3,3,3,3
SYN-C3-0130,4,qa_engineer,3,0,1,1,1,0,0,1,1,0,0,1,0,1,0,0,0,0,0,2,2,1,0,1,1,3,qa_engineer,,-0.6934,1,3,1,2,0,1,0,2,2,0,0,2
SYN-C3-0131,4,software_engineer,3,1,1,2,2,0,1,2,2,0,0,1,1,0,1,2,1,0,1,0,1,1,0,0,0,3,software_engineer,cybersecurity_analyst,-1.147,3,2,1,2,2,2,2,0,1,1,2,2
SYN-C3-0132,3,ui_ux_designer,3,1,1,1,2,1,1,1,1,1,2,1,1,1,1,2,1,1,0,0,0,2,1,2,1,3,ui_ux_designer,,1.7609,3,2,2,3,2,2,2,3,3,1,2,3
SYN-C3-0133,3,mobile_developer,1,2,2,2,1,1,0,2,1,0,2,1,2,0,1,0,1,0,1,1,0,2,0,2,1,3,project_coordinator,,1.1469,1,2,1,2,1,3,2,3,2,1,1,3
SYN-C3-0134,4,data_analyst,0,2,0,1,0,0,0,1,2,1,1,0,2,0,0,0,1,1,0,1,0,0,0,1,1,2,data_analyst,,-1.1298,1,1,0,0,0,3,2,1,0,1,2,2
SYN-C3-0135,3,mobile_developer,2,0,1,1,1,1,1,1,2,1,0,0,1,0,2,1,1,1,0,1,0,1,0,0,0,2,qa_engineer,,0.3317,2,2,1,3,1,1,1,0,2,1,1,0
SYN-C3-0136,4,ui_ux_designer,3,3,2,2,2,2,1,0,2,0,0,1,1,0,0,0,0,2,1,2,1,2,3,2,1,3,ui_ux_designer,,1.2511,3,3,3,2,1,3,2,3,3,1,2,3
SYN-C3-0137,4,software_engineer|business_analyst,3,1,2,0,1,1,1,0,3,0,1,1,0,0,1,1,0,1,0,2,1,3,0,1,0,2,software_engineer,business_analyst,-0.4335,2,3,1,2,0,2,1,2,2,0,0,2
SYN-C3-0138,3,data_scientist,2,2,1,2,2,0,0,1,3,0,0,1,2,1,2,1,1,1,1,0,0,0,1,1,0,2,data_scientist,,1.2659,2,1,1,2,2,3,3,1,1,2,2,1
SYN-C3-0139,3,qa_engineer|cybersecurity_analyst,1,1,1,1,2,2,0,0,1,1,0,0,1,0,1,2,0,1,0,0,0,2,1,0,0,3,frontend_engineer,cybersecurity_analyst,0.0197,2,2,3,2,2,1,0,1,2,0,1,2
SYN-C3-0140,3,frontend_engineer,1,1,1,2,1,3,0,0,1,0,0,1,1,0,0,0,0,0,0,0,0,1,2,1,0,1,frontend_engineer,,-0.4657,0,2,3,1,0,2,1,1,2,0,0,1
SYN-C3-0141,4,business_analyst,2,1,1,1,1,1,1,0,1,1,1,1,0,0,1,1,1,1,0,2,0,1,2,2,2,2,business_analyst,,-0.1256,3,2,2,2,1,2,1,3,3,1,1,2
SYN-C3-0142,3,cybersecurity_analyst|business_analyst,1,1,0,1,0,2,0,0,0,1,0,1,0,1,0,0,2,1,2,0,0,1,0,0,0,2,cybersecurity_analyst,business_analyst,-0.6228,1,0,0,0,2,1,0,0,1,2,3,0
SYN-C3-0143,4,qa_engineer,2,1,1,0,0,2,1,1,2,0,0,0,0,1,2,1,1,0,1,2,1,2,0,1,0,3,qa_engineer,,-0.0597,3,3,1,2,2,1,0,2,2,0,1,2
SYN-C3-0144,3,software_engineer|frontend_engineer,2,0,2,2,1,2,0,0,1,0,1,0,0,0,1,0,0,0,1,1,0,2,1,0,0,2,software_engineer,frontend_engineer,-1.0512,2,2,3,1,0,1,0,2,2,0,0,1
SYN-C3-0145,3,software_engineer,3,2,3,3,3,3,2,1,3,1,1,0,1,0,2,1,2,2,1,2,0,3,1,1,2,2,software_engineer,,1.9555,3,3,3,3,3,2,2,2,3,2,2,3
SYN-C3-0146,4,mobile_developer,2,0,1,1,2,0,0,2,2,0,0,0,0,0,1,0,0,0,0,0,0,1,0,1,0,3,mobile_developer,,-0.5278,1,2,1,3,0,1,0,1,2,0,0,2
SYN-C3-0147,4,ui_ux_designer|network_engineer,1,1,2,0,2,2,1,1,2,1,1,1,2,1,2,1,0,3,1,2,1,2,2,2,1,3,ui_ux_designer,network_engineer,1.0981,2,3,3,3,2,3,2,3,3,2,2,2
SYN-C3-0148,4,data_analyst|network_engineer,2,1,0,1,1,0,0,1,2,0,2,1,2,0,0,1,1,1,1,1,0,1,0,2,1,3,data_analyst,network_engineer,-0.6352,2,1,0,1,1,3,2,3,1,2,1,2
SYN-C3-0149,3,mobile_developer,1,2,1,0,2,0,1,1,1,1,0,0,0,0,0,1,0,1,0,0,0,1,0,0,0,1,mobile_developer,,-0.7707,1,1,1,3,0,1,0,0,0,0,0,0
SYN-C3-0150,4,devops_engineer,2,1,1,1,2,1,0,1,1,0,1,0,1,1,2,2,2,2,1,0,0,2,1,0,0,2,devops_engineer,,0.2042,2,1,2,2,3,2,1,1,2,3,3,1
SYN-C3-0151,4,data_analyst|business_analyst,2,1,0,2,1,2,0,1,3,1,2,1,0,0,1,0,1,1,0,0,0,1,0,2,0,3,data_analyst,business_analyst,-0.3385,2,2,1,2,1,3,2,2,2,1,1,2
SYN-C3-0152,3,cybersecurity_analyst,1,1,1,1,2,1,1,2,3,0,3,0,2,0,0,1,1,1,0,1,0,1,1,2,0,3,data_analyst,business_analyst,1.2491,2,2,2,3,1,3,2,3,3,0,1,2
SYN-C3-0153,3,business_analyst,3,0,2,1,1,2,0,0,1,0,1,0,1,0,0,1,0,1,0,2,0,0,1,2,0,3,business_analyst,,0.0646,1,2,2,1,0,2,1,3,2,1,1,2
SYN-C3-0154,4,cybersecurity_analyst,0,0,0,1,0,1,0,1,1,0,0,0,0,0,0,0,1,1,2,1,1,0,0,0,1,1,cybersecurity_analyst,,-1.0645,1,0,0,0,0,0,0,0,0,2,1,0
SYN-C3-0155,3,cybersecurity_analyst,1,0,0,1,0,1,0,0,0,0,0,0,0,1,0,0,1,1,1,1,0,1,0,0,0,1,cybersecurity_analyst,,-1.4463,0,1,0,0,0,0,0,0,1,2,2,0
SYN-C3-0156,4,software_engineer,3,1,1,2,0,1,2,0,2,0,0,0,1,1,0,0,0,1,0,0,0,2,0,1,0,1,software_engineer,,-0.6308,2,1,1,1,0,1,1,1,1,1,1,1
SYN-C3-0157,3,ui_ux_designer,1,1,2,2,1,1,0,2,2,1,2,1,0,1,0,0,1,1,0,2,1,2,3,2,1,3,ui_ux_designer,,1.4897,2,3,2,2,1,3,2,3,3,1,2,3
SYN-C3-0158,4,mobile_developer,3,0,2,1,3,1,1,2,2,2,1,1,2,1,0,1,1,2,0,0,2,1,2,1,1,2,mobile_developer,,1.2659,3,3,2,3,1,2,2,2,3,2,2,2
SYN-C3-0159,4,frontend_engineer|project_coordinator,0,0,3,2,2,3,1,0,1,0,0,0,1,0,0,0,1,0,0,0,1,2,2,1,1,3,frontend_engineer,project_coordinator,-0.5249,1,2,3,2,0,1,0,2,2,0,0,3
SYN-C3-0160,3,qa_engineer,1,1,1,0,1,1,0,0,2,1,0,1,1,0,1,0,0,0,0,2,1,2,0,0,0,1,qa_engineer,,0.2308,1,3,1,1,0,1,1,1,1,0,0,0
SYN-C3-0161,3,mobile_developer,2,1,1,1,3,2,1,2,1,2,1,1,0,0,1,1,0,1,2,1,2,2,1,1,1,2,mobile_developer,,1.7562,3,3,2,3,1,2,1,3,2,2,1,3
SYN-C3-0162,3,data_scientist|frontend_engineer,0,2,2,2,2,2,0,0,2,0,1,2,3,1,0,0,1,1,1,0,0,2,1,0,2,2,data_scientist,frontend_engineer,0.1862,2,1,3,1,1,3,3,2,2,2,2,2
SYN-C3-0163,3,frontend_engineer|data_scientist,1,0,2,1,2,2,0,0,1,0,0,1,0,0,0,0,0,0,1,0,0,1,0,1,0,3,frontend_engineer,data_scientist,-1.3642,2,1,3,1,1,1,0,1,2,0,0,2
SYN-C3-0164,4,cybersecurity_analyst,1,0,0,1,0,1,0,1,1,0,0,0,1,0,0,0,2,1,2,0,1,0,0,0,0,1,cybersecurity_analyst,,-1.0242,0,0,0,0,1,0,0,0,0,2,2,0
SYN-C3-0165,3,data_analyst,1,1,0,0,1,0,0,1,3,0,2,0,0,0,0,0,0,0,1,1,0,2,0,3,0,2,business_analyst,,0.5954,1,2,0,1,0,2,1,3,1,0,0,2
SYN-C3-0166,4,software_engineer,3,1,0,1,3,1,3,0,2,1,0,1,1,1,1,1,2,1,2,1,1,2,0,1,0,2,software_engineer,,0.3347,3,2,1,2,2,2,1,2,1,3,3,2
SYN-C3-0167,3,data_scientist|data_analyst,1,1,0,1,1,0,0,0,3,0,1,2,3,1,1,0,1,0,0,0,0,1,1,1,0,2,data_scientist,data_analyst,-0.451,1,1,1,1,1,3,3,2,1,1,1,1
SYN-C3-0168,3,network_engineer|data_analyst,2,1,1,3,3,2,1,0,3,1,1,0,1,0,1,2,2,1,0,1,2,1,0,2,1,3,software_engineer,data_analyst,0.5554,3,3,2,2,2,3,1,3,3,2,2,2
SYN-C3-0169,3,qa_engineer,1,1,1,0,1,1,1,0,1,1,0,0,0,0,1,0,1,0,0,3,0,2,1,1,0,2,qa_engineer,,-0.0491,1,3,1,2,0,1,0,2,3,0,0,2
SYN-C3-0170,3,data_scientist,2,2,1,1,3,1,0,1,1,1,1,1,3,0,1,2,1,1,0,0,0,1,0,0,0,3,data_scientist,mobile_developer,0.4439,2,2,1,3,1,2,3,1,1,1,1,1
SYN-C3-0171,3,business_analyst,1,0,0,1,0,1,0,0,1,0,1,0,0,0,0,0,0,0,0,1,0,1,0,1,1,3,business_analyst,,-1.0333,1,1,0,0,0,1,0,3,2,0,0,3
SYN-C3-0172,3,mobile_developer,2,1,0,2,2,0,1,1,2,1,0,0,0,0,0,0,1,1,0,0,0,2,0,0,1,2,mobile_developer,,0.1524,3,1,1,3,1,1,1,1,1,1,1,2
SYN-C3-0173,3,cybersecurity_analyst,2,1,1,2,0,0,0,0,1,1,0,0,1,0,0,0,2,2,2,0,0,1,0,0,0,2,cybersecurity_analyst,,-0.192,2,1,0,1,1,1,0,0,1,3,3,1
SYN-C3-0174,3,project_coordinator,2,0,2,2,1,0,0,0,2,0,1,0,0,1,0,1,0,1,0,0,2,3,1,1,2,3,project_coordinator,qa_engineer,1.1665,2,3,2,2,0,2,1,3,2,1,1,3
SYN-C3-0175,3,software_engineer,2,1,0,1,1,1,2,0,2,0,0,0,0,0,0,0,0,0,0,0,0,0,0,0,0,1,software_engineer,,-1.96,2,1,0,1,0,1,0,0,0,0,0,0
SYN-C3-0176,3,software_engineer,3,0,3,2,2,2,3,1,3,2,1,1,0,2,2,0,0,1,0,1,1,2,0,1,0,3,software_engineer,mobile_developer,0.8506,3,2,3,3,2,2,1,2,2,1,1,2
SYN-C3-0177,3,software_engineer,3,1,1,3,2,1,1,0,2,2,0,1,0,0,1,2,2,1,0,1,0,0,0,0,0,1,software_engineer,,0.0959,3,1,1,1,1,1,0,0,0,1,1,0
SYN-C3-0178,3,ui_ux_designer|network_engineer,1,1,1,1,1,3,1,1,2,0,0,1,2,0,0,2,1,3,1,1,0,2,3,1,0,3,ui_ux_designer,network_engineer,0.7314,2,2,3,2,1,2,2,2,3,2,2,2
SYN-C3-0179,3,mobile_developer,3,0,1,2,0,1,1,1,2,1,0,0,1,1,1,1,1,1,1,1,1,3,1,2,2,3,project_coordinator,data_analyst,1.6395,3,2,2,3,1,2,1,3,3,1,2,3
SYN-C3-0180,4,software_engineer,2,0,2,2,3,1,2,0,2,1,1,0,0,1,2,0,0,1,0,1,0,1,0,0,1,2,software_engineer,,-0.5725,3,1,2,2,1,1,1,2,2,1,1,1
SYN-C3-0181,4,business_analyst|data_scientist,2,2,0,1,0,0,0,0,2,0,2,1,2,0,0,0,0,1,0,0,0,1,1,2,1,2,business_analyst,data_scientist,-1.2978,0,1,0,1,0,3,2,3,1,0,0,2
SYN-C3-0182,3,software_engineer,3,0,2,1,2,2,2,0,2,0,1,1,0,1,1,1,0,0,0,0,1,2,0,0,0,2,software_engineer,,0.7023,3,2,3,2,1,1,1,2,2,1,0,2
SYN-C3-0183,4,data_analyst,0,0,0,2,0,1,0,0,3,0,0,0,2,1,1,0,0,0,1,1,0,1,1,2,1,3,data_analyst,,-0.2031,1,1,1,0,1,3,1,2,2,1,0,3
SYN-C3-0184,3,data_analyst,0,1,1,1,0,2,0,0,1,0,0,0,0,0,1,0,0,1,0,0,0,0,1,0,1,3,ui_ux_designer,,-0.1724,0,1,1,1,0,1,0,1,2,0,1,1
SYN-C3-0185,4,software_engineer,3,1,3,3,1,2,2,0,3,0,0,0,1,1,1,2,1,2,1,1,2,2,1,1,0,3,software_engineer,,0.8936,3,3,3,2,2,3,1,2,3,3,3,2
SYN-C3-0186,4,project_coordinator,1,1,0,1,1,0,0,0,1,0,0,0,1,0,0,0,0,1,0,0,0,3,1,0,2,3,project_coordinator,,-1.2778,0,2,1,1,0,2,0,2,1,1,1,3
SYN-C3-0187,3,data_scientist|ui_ux_designer,1,2,0,1,1,1,0,1,2,0,1,2,1,1,0,0,0,0,1,0,0,0,0,1,0,1,data_scientist,ui_ux_designer,-0.6055,1,0,0,0,0,2,2,0,1,1,1,0
SYN-C3-0188,4,frontend_engineer,2,2,2,2,2,2,1,0,2,2,0,1,0,1,0,1,1,1,2,2,1,2,2,0,1,2,frontend_engineer,software_engineer,-0.3708,3,3,3,3,2,2,3,2,3,2,2,2
SYN-C3-0189,4,network_engineer|business_analyst,2,1,1,2,1,0,1,1,2,0,0,1,0,1,1,0,1,2,1,1,0,1,0,1,2,2,network_engineer,business_analyst,-0.1194,2,2,1,2,2,2,1,2,1,3,3,2
SYN-C3-0190,4,qa_engineer,2,1,2,1,2,0,1,0,2,0,0,1,0,2,1,1,2,2,1,2,2,3,0,1,0,3,qa_engineer,devops_engineer,0.8313,3,3,2,2,3,2,1,2,1,3,3,2
SYN-C3-0191,4,business_analyst,2,0,2,1,2,2,0,1,2,0,0,1,1,0,0,1,0,2,1,1,1,1,3,0,0,3,ui_ux_designer,,0.111,2,2,2,2,1,2,1,1,3,1,1,1
SYN-C3-0192,3,business_analyst,1,1,1,2,0,1,1,0,3,1,1,2,0,2,1,0,1,1,1,1,1,2,0,2,1,3,business_analyst,,1.8035,2,2,2,1,2,3,2,3,2,2,2,3
SYN-C3-0193,3,project_coordinator|data_analyst,3,2,2,3,2,1,1,2,3,1,2,1,3,0,3,0,0,2,1,3,2,2,1,2,1,3,qa_engineer,data_analyst,3.2335,2,3,3,3,2,3,3,3,3,1,2,3
SYN-C3-0194,4,software_engineer,3,2,1,2,2,1,2,0,2,1,0,0,1,0,1,0,0,1,1,1,0,1,1,0,1,1,software_engineer,,0.3495,3,2,2,3,1,1,1,1,1,1,1,1
SYN-C3-0195,4,data_analyst,1,1,1,1,0,2,0,0,3,0,1,0,1,0,0,0,0,2,0,0,0,1,1,1,1,3,data_analyst,,-0.4706,1,1,1,1,0,3,1,2,3,1,1,3
SYN-C3-0196,3,project_coordinator,2,0,1,1,1,2,0,0,1,0,1,0,1,0,0,0,0,1,0,0,0,1,0,2,1,2,project_coordinator,,-0.3083,1,1,1,1,0,2,0,2,2,0,0,2
SYN-C3-0197,4,network_engineer,1,0,1,2,1,1,0,0,1,1,1,0,1,1,0,1,2,3,2,2,1,1,1,1,2,3,network_engineer,,0.6956,2,3,2,1,1,1,1,2,3,3,3,3
SYN-C3-0198,3,software_engineer,3,2,2,3,3,2,3,0,3,2,0,1,1,1,2,1,3,2,2,2,0,1,1,1,2,3,software_engineer,devops_engineer,2.574,3,2,3,3,3,3,2,2,2,3,3,3
SYN-C3-0199,4,data_scientist,2,2,1,2,1,1,0,1,1,0,0,2,3,1,1,2,1,1,0,1,0,1,1,1,0,2,data_scientist,,0.4632,2,2,2,3,2,2,3,1,3,1,2,1
SYN-C3-0200,3,software_engineer,3,0,1,1,3,2,2,1,2,1,0,0,1,0,1,0,1,0,0,2,0,1,0,0,0,2,software_engineer,qa_engineer,-0.2473,3,3,1,3,1,1,1,1,2,1,1,1
SYN-C3-0201,4,qa_engineer|project_coordinator,2,0,1,1,1,0,0,0,2,1,1,0,1,0,0,0,0,0,0,1,1,2,0,1,1,3,qa_engineer,project_coordinator,-1.385,1,3,1,1,0,2,1,3,2,0,0,3
SYN-C3-0202,4,data_analyst,1,2,1,2,0,0,0,2,3,0,2,1,1,1,0,0,1,2,0,0,1,0,0,2,1,3,data_analyst,,0.2712,2,1,0,1,1,3,2,2,1,2,2,2
SYN-C3-0203,4,business_analyst,1,0,0,1,1,0,0,0,1,1,0,0,1,0,0,0,1,0,1,0,0,1,0,2,0,3,business_analyst,,-1.6831,1,2,0,1,0,1,0,2,1,1,1,2
SYN-C3-0204,4,frontend_engineer|ui_ux_designer,2,0,3,2,3,2,1,0,2,0,1,1,1,1,0,1,0,1,0,0,1,2,2,1,2,3,frontend_engineer,ui_ux_designer,0.5127,3,2,3,3,0,2,2,3,3,1,1,3
SYN-C3-0205,3,project_coordinator,0,0,1,2,0,0,0,0,1,1,1,1,1,0,0,0,0,0,0,0,2,1,0,0,1,2,project_coordinator,,0.3483,0,1,1,0,0,1,1,1,1,0,0,2
SYN-C3-0206,3,software_engineer,2,1,2,1,1,1,1,0,2,0,0,0,1,1,0,1,1,0,0,1,0,1,0,0,0,1,software_engineer,,-0.3155,3,1,2,2,1,2,1,0,1,0,1,0
SYN-C3-0207,3,devops_engineer,2,1,1,0,2,1,0,0,1,0,0,0,1,1,1,2,1,2,2,2,0,1,1,1,0,3,devops_engineer,,0.2502,2,2,1,2,3,1,1,2,3,2,2,1
SYN-C3-0208,4,network_engineer,1,1,2,2,2,0,2,1,3,0,0,1,1,2,1,1,2,3,2,1,1,2,1,1,0,2,network_engineer,,1.1692,3,2,2,2,2,3,2,2,2,3,3,2
SYN-C3-0209,4,business_analyst,0,1,0,1,0,0,0,0,1,0,0,0,1,0,1,0,0,1,0,0,0,2,0,1,0,3,business_analyst,,-1.8372,0,1,0,0,0,2,0,2,1,0,1,2
SYN-C3-0210,4,frontend_engineer|devops_engineer,3,2,3,2,2,3,0,0,2,1,1,0,1,2,2,1,1,1,1,1,1,1,2,1,1,2,frontend_engineer,devops_engineer,1.2527,3,3,3,2,2,2,1,3,3,2,2,2
SYN-C3-0211,4,qa_engineer|frontend_engineer,1,0,1,1,1,1,0,0,1,2,0,0,0,0,0,0,0,0,0,1,1,3,0,0,0,2,qa_engineer,frontend_engineer,-1.7567,1,3,2,1,0,0,0,1,1,0,0,1
SYN-C3-0212,3,business_analyst,1,1,0,1,2,1,0,0,2,1,1,0,1,1,0,0,1,0,0,1,0,2,0,2,1,3,business_analyst,,0.195,2,2,1,1,1,2,1,3,2,1,1,3
SYN-C3-0213,3,ui_ux_designer,1,0,0,2,0,1,0,0,1,0,0,0,0,0,0,0,1,0,0,1,0,1,0,0,0,2,ui_ux_designer,,-1.2008,1,1,0,0,0,1,0,0,2,0,0,1
SYN-C3-0214,4,mobile_developer,2,2,2,2,3,1,1,2,2,2,0,1,1,0,1,0,0,2,1,1,1,1,2,1,0,2,mobile_developer,data_scientist,0.2668,2,3,3,3,1,2,2,1,3,1,2,1
SYN-C3-0215,4,cybersecurity_analyst,2,1,0,1,1,2,0,1,1,0,0,1,1,1,0,0,2,2,1,0,0,1,1,0,0,2,cybersecurity_analyst,,-0.2384,1,1,1,1,2,1,1,1,2,3,3,1
SYN-C3-0216,3,data_scientist,2,3,0,3,1,0,0,1,3,0,2,2,2,0,1,1,0,1,0,2,0,1,0,0,0,3,data_scientist,,0.8316,2,2,0,1,1,3,3,1,1,1,0,1
SYN-C3-0217,3,software_engineer,3,0,2,1,1,1,3,0,2,0,1,0,0,0,2,2,0,0,0,1,0,2,1,0,0,1,software_engineer,,-0.1231,3,2,2,2,1,0,0,1,1,0,0,1
SYN-C3-0218,3,data_analyst,0,1,1,0,0,1,0,0,1,0,1,1,1,0,1,0,0,0,0,0,0,1,1,3,0,2,business_analyst,,-0.3264,0,1,1,1,0,2,1,3,3,0,0,1
SYN-C3-0219,4,data_scientist,2,3,1,2,2,1,1,1,3,1,2,2,2,0,2,1,1,1,1,1,0,1,2,1,1,3,data_scientist,,1.0403,3,2,2,3,2,3,3,3,3,1,2,2
SYN-C3-0220,4,software_engineer,3,2,2,3,3,1,1,0,3,1,0,1,1,2,1,0,2,2,0,0,1,1,1,1,2,1,software_engineer,,1.0927,3,2,2,2,2,2,1,1,2,2,2,2
SYN-C3-0221,4,data_analyst|mobile_developer,2,2,0,2,2,1,1,0,3,1,3,0,3,1,0,0,1,0,0,2,1,1,1,2,1,3,data_analyst,mobile_developer,0.9188,3,2,2,2,1,3,3,3,2,1,1,3
SYN-C3-0222,4,mobile_developer,1,1,1,2,1,1,0,0,2,0,1,1,0,0,1,0,0,1,1,2,0,3,1,2,0,3,business_analyst,,-0.3635,1,3,1,2,1,2,2,3,3,1,1,2
SYN-C3-0223,3,qa_engineer|network_engineer,2,1,1,2,1,1,0,0,2,0,0,0,0,0,1,1,0,1,0,2,1,0,0,1,1,2,qa_engineer,network_engineer,-0.2614,2,3,1,1,0,2,0,1,1,1,1,1
SYN-C3-0224,4,project_coordinator,1,1,0,0,0,1,0,0,1,1,1,0,0,0,0,0,0,1,1,1,0,1,0,1,1,2,project_coordinator,,-1.0179,0,2,0,1,1,1,0,1,1,0,1,2
SYN-C3-0225,4,business_analyst,1,0,1,1,2,1,1,1,1,1,2,1,1,0,1,0,1,2,1,2,1,3,3,3,1,3,business_analyst,ui_ux_designer,0.6492,2,3,2,2,1,2,1,3,3,2,2,3
SYN-C3-0226,3,frontend_engineer,1,1,2,1,3,3,1,0,1,0,0,1,1,0,1,1,1,1,2,2,1,2,2,2,1,3,frontend_engineer,ui_ux_designer,1.8623,2,3,3,2,1,2,1,3,3,2,2,2
SYN-C3-0227,4,software_engineer,2,1,1,1,1,1,2,0,3,1,2,0,0,0,1,1,1,0,0,1,0,1,1,2,0,2,software_engineer,,-0.4586,3,2,1,2,1,3,1,2,3,1,1,1
SYN-C3-0228,3,business_analyst|qa_engineer,2,0,0,1,2,0,1,0,2,0,0,0,1,0,0,0,0,1,0,1,0,2,1,3,1,3,business_analyst,qa_engineer,-0.6776,2,2,1,2,0,2,0,3,2,1,0,3
SYN-C3-0229,4,data_scientist|frontend_engineer,3,1,3,2,2,1,1,1,2,0,2,3,2,2,1,0,2,1,1,1,1,0,1,0,1,3,data_scientist,frontend_engineer,0.4917,2,2,3,3,2,3,3,2,2,3,2,1
SYN-C3-0230,4,devops_engineer|qa_engineer,2,2,1,2,3,1,1,1,3,2,2,1,2,2,2,3,3,2,1,2,1,2,1,2,2,3,devops_engineer,qa_engineer,1.8743,3,3,2,3,3,3,3,3,3,3,3,3
SYN-C3-0231,3,software_engineer,3,2,2,2,3,2,2,1,3,2,1,1,1,2,2,2,1,1,1,2,2,3,1,2,0,3,software_engineer,,2.6149,3,3,3,3,3,3,2,3,3,2,2,2
SYN-C3-0232,3,data_scientist,3,2,2,3,2,1,2,1,2,0,1,1,1,1,1,0,0,1,0,1,1,2,1,0,0,2,software_engineer,data_scientist,0.1831,3,3,3,3,2,3,2,2,2,1,1,2
SYN-C3-0233,3,qa_engineer,1,1,1,0,1,2,0,0,2,0,0,1,0,0,0,1,2,0,0,0,0,0,0,0,0,2,frontend_engineer,devops_engineer,-0.8485,1,1,1,0,2,1,1,1,1,1,0,0
SYN-C3-0234,4,software_engineer,0,1,1,1,1,0,0,0,1,0,0,0,0,1,2,0,1,0,1,0,0,1,0,0,0,1,devops_engineer,,-1.4832,1,1,0,0,2,0,0,0,1,1,1,1
SYN-C3-0235,4,software_engineer|network_engineer,3,0,1,2,1,1,1,0,2,0,0,0,0,0,1,1,1,0,1,0,0,1,0,1,1,3,software_engineer,network_engineer,-0.2051,2,2,1,2,1,1,1,2,2,1,0,2
SYN-C3-0236,3,qa_engineer,1,0,0,1,2,1,0,1,1,0,0,1,1,0,0,0,1,1,1,2,0,1,0,0,0,1,qa_engineer,,-0.129,1,2,1,1,0,0,0,0,1,2,0,0
SYN-C3-0237,3,business_analyst,1,0,0,2,1,1,0,0,1,0,1,0,0,0,1,0,0,2,0,2,0,3,1,2,0,2,business_analyst,qa_engineer,0.0393,1,3,1,1,0,1,0,3,2,1,0,2
SYN-C3-0238,3,data_analyst,1,2,0,0,0,1,0,0,2,0,0,0,1,0,0,0,0,0,1,0,0,0,0,1,0,1,data_analyst,cybersecurity_analyst,-0.8567,0,0,0,0,0,2,1,0,0,0,1,0
SYN-C3-0239,4,business_analyst,0,1,1,2,1,2,1,1,3,1,2,0,0,1,0,1,1,1,0,1,2,2,1,2,2,3,business_analyst,,0.6951,3,2,3,2,2,3,1,3,2,1,1,3
SYN-C3-0240,3,project_coordinator,1,1,1,2,2,1,0,1,1,1,0,0,1,1,1,1,1,2,0,1,1,2,0,2,2,3,project_coordinator,network_engineer,0.5093,2,3,2,2,2,2,1,3,3,2,2,3
SYN-C3-0241,3,ui_ux_designer|devops_engineer,1,1,2,1,2,2,1,1,1,1,1,0,2,2,1,2,1,1,0,2,2,2,3,2,1,3,ui_ux_designer,devops_engineer,1.2852,3,3,3,3,3,2,2,3,3,1,2,3
SYN-C3-0242,3,cybersecurity_analyst,1,2,1,2,0,2,0,0,1,0,0,0,0,1,0,1,2,2,1,0,1,3,1,1,0,1,cybersecurity_analyst,,0.1091,1,2,1,0,1,1,1,1,2,2,3,1
SYN-C3-0243,4,frontend_engineer,1,0,3,2,1,2,1,0,0,1,1,0,0,0,0,0,0,1,0,0,1,2,1,0,0,2,frontend_engineer,network_engineer,-0.9808,1,2,3,2,0,0,0,1,2,1,0,1
SYN-C3-0244,4,cybersecurity_analyst,1,1,0,3,0,1,0,0,2,0,0,1,2,2,0,0,2,2,1,1,0,1,0,1,0,2,cybersecurity_analyst,,-0.0722,1,2,1,0,2,3,2,1,2,3,3,1
SYN-C3-0245,3,devops_engineer,2,0,0,1,2,1,0,0,3,0,1,0,0,3,1,2,1,1,0,0,0,0,0,1,0,3,devops_engineer,project_coordinator,0.6864,2,2,0,1,3,2,1,1,2,2,1,2
SYN-C3-0246,4,ui_ux_designer,2,1,1,1,2,2,1,1,1,1,0,1,1,0,1,1,1,1,0,0,0,2,2,1,1,3,ui_ux_designer,mobile_developer,0.8987,3,2,2,3,2,2,1,2,3,1,1,2
SYN-C3-0247,4,software_engineer|devops_engineer,3,1,1,2,3,2,2,0,3,1,2,0,1,3,2,2,1,2,0,1,0,2,0,2,0,2,software_engineer,devops_engineer,0.435,3,2,2,2,3,3,2,2,2,2,2,2
SYN-C3-0248,4,software_engineer,2,2,1,2,2,1,2,1,3,1,1,0,1,1,1,1,1,2,0,1,0,2,0,2,2,3,software_engineer,,0.2718,3,2,1,2,2,2,2,3,3,2,2,3
SYN-C3-0249,3,data_analyst,1,2,1,2,2,1,1,1,3,1,2,1,2,0,0,0,0,1,0,1,1,1,0,1,0,3,data_analyst,,1.1737,2,2,2,2,1,3,2,2,2,1,1,2
SYN-C3-0250,3,project_coordinator,1,2,1,2,2,1,0,0,2,0,0,1,0,1,1,0,1,0,1,0,2,2,0,1,3,3,project_coordinator,,0.8733,2,3,2,1,2,2,2,2,2,1,1,3
SYN-C3-0251,3,devops_engineer,1,1,0,1,1,0,0,0,1,0,0,0,1,1,2,1,0,1,0,0,0,1,0,0,0,2,devops_engineer,data_analyst,-1.2652,1,1,0,0,2,2,1,0,0,1,1,1
SYN-C3-0252,4,frontend_engineer,2,0,3,2,3,1,1,0,2,1,1,0,1,0,1,1,1,0,1,2,2,0,1,1,0,2,frontend_engineer,,0.4874,3,3,3,3,1,2,1,1,2,1,0,0
SYN-C3-0253,3,data_scientist,1,3,0,1,1,0,0,0,2,0,0,1,2,1,0,0,1,2,0,1,1,0,0,0,0,2,data_scientist,,0.1879,1,2,0,0,1,3,3,0,0,2,2,0
SYN-C3-0254,4,ui_ux_designer,1,2,1,1,1,1,0,0,1,0,0,0,1,0,0,1,1,0,1,0,1,1,0,1,0,2,ui_ux_designer,,-0.2747,1,2,1,0,1,1,1,1,2,1,1,1
SYN-C3-0255,3,network_engineer,1,1,1,0,1,0,0,0,1,0,1,1,0,0,1,0,2,3,1,0,1,0,1,2,0,3,network_engineer,business_analyst,0.5325,1,1,1,1,1,2,1,2,1,3,2,1
SYN-C3-0256,3,qa_engineer,1,0,1,0,0,0,0,0,1,0,0,0,0,0,0,0,1,1,0,1,1,2,0,0,0,1,qa_engineer,,-0.7877,0,2,0,0,0,0,0,1,1,0,0,0
SYN-C3-0257,3,frontend_engineer,0,1,2,1,2,2,0,1,0,1,0,0,0,0,1,1,0,1,0,1,0,1,0,0,0,3,frontend_engineer,,-0.1652,2,1,3,1,1,0,0,1,2,1,1,1
SYN-C3-0258,3,business_analyst,1,0,1,1,1,0,1,0,3,1,2,1,0,1,2,1,1,1,1,1,1,3,0,2,1,3,business_analyst,,1.2204,2,2,1,2,1,2,1,3,1,2,1,3
SYN-C3-0259,3,cybersecurity_analyst|business_analyst,1,1,1,0,1,1,1,0,1,0,1,0,0,1,0,0,2,3,2,1,0,1,0,1,0,2,cybersecurity_analyst,business_analyst,0.4995,1,1,1,1,2,1,1,1,2,3,3,1
SYN-C3-0260,4,ui_ux_designer,2,0,0,1,0,0,0,1,1,0,0,1,1,0,0,0,0,1,1,0,0,1,2,0,1,2,ui_ux_designer,,-0.1824,0,0,0,2,0,1,0,1,2,1,1,1
SYN-C3-0261,4,frontend_engineer,1,0,1,1,1,2,2,0,1,0,0,0,1,0,1,0,1,1,0,0,0,2,0,1,0,2,frontend_engineer,,-1.1331,2,2,2,1,0,1,1,1,2,1,1,2
SYN-C3-0262,4,software_engineer,2,0,1,2,2,3,2,0,2,1,1,0,1,1,1,0,2,0,1,1,0,1,0,1,1,3,software_engineer,,-0.0595,3,2,2,2,1,2,1,2,2,2,1,2
SYN-C3-0263,4,qa_engineer|devops_engineer,1,0,1,2,2,1,0,0,2,0,0,1,1,1,1,1,0,1,1,2,1,2,0,0,0,3,qa_engineer,devops_engineer,-0.5627,2,3,2,1,2,2,2,2,2,2,1,2
SYN-C3-0264,4,frontend_engineer|software_engineer,3,1,3,2,2,2,2,1,2,0,0,1,1,2,0,1,1,1,0,2,0,3,1,1,1,3,frontend_engineer,software_engineer,0.5557,3,3,3,3,2,2,2,2,3,1,1,3
SYN-C3-0265,3,network_engineer,0,0,1,2,0,1,0,0,1,1,1,0,1,0,1,0,1,2,1,0,2,1,1,1,0,3,network_engineer,business_analyst,-0.0507,1,2,1,1,1,1,1,2,3,2,2,2
SYN-C3-0266,3,mobile_developer,1,0,2,1,1,1,0,2,3,1,2,0,0,0,0,1,0,0,0,1,1,1,0,0,1,2,mobile_developer,,-0.3301,2,2,2,2,0,1,1,1,1,0,0,2
SYN-C3-0267,4,cybersecurity_analyst|devops_engineer,3,1,0,2,3,1,1,0,2,2,0,1,1,2,1,1,2,1,1,1,2,2,0,1,0,3,software_engineer,devops_engineer,-0.1205,3,3,1,2,3,3,2,2,2,2,2,3
SYN-C3-0268,3,ui_ux_designer|project_coordinator,1,0,0,3,2,2,0,0,1,0,0,1,1,0,0,1,0,1,0,1,0,2,1,1,0,3,ui_ux_designer,project_coordinator,0.3394,2,2,2,1,1,1,0,2,3,1,0,2
SYN-C3-0269,4,software_engineer,3,0,1,2,2,2,1,0,2,1,0,1,1,0,0,0,0,0,0,0,1,1,1,0,0,1,software_engineer,,-1.6165,3,1,3,2,0,1,1,1,2,0,0,0
SYN-C3-0270,3,network_engineer|software_engineer,1,1,1,1,1,1,0,0,0,1,0,0,1,0,0,0,1,2,1,1,0,0,1,0,0,2,network_engineer,software_engineer,-0.5502,1,0,1,1,0,1,1,0,1,2,2,0
SYN-C3-0271,3,cybersecurity_analyst|data_scientist,0,2,0,1,1,0,0,0,0,0,0,1,1,1,0,0,0,2,0,0,1,0,0,0,0,2,cybersecurity_analyst,data_scientist,-0.7998,0,0,0,0,0,1,1,0,0,1,2,0
SYN-C3-0272,3,frontend_engineer,2,0,2,2,1,2,0,0,1,0,0,0,0,0,0,2,0,0,0,2,1,1,1,0,1,3,frontend_engineer,qa_engineer,0.1342,2,3,3,2,1,1,0,2,2,0,0,2
SYN-C3-0273,3,mobile_developer|software_engineer,3,0,2,1,3,1,1,1,2,2,0,0,1,0,1,0,1,0,1,0,0,2,1,2,0,3,mobile_developer,software_engineer,0.2256,2,2,2,3,1,2,1,2,3,1,1,2
SYN-C3-0274,4,project_coordinator,0,1,0,2,1,0,0,1,2,0,0,0,1,0,0,0,1,1,0,0,0,2,0,1,2,2,project_coordinator,,-0.9096,1,1,0,1,1,2,1,2,1,1,1,3
SYN-C3-0275,3,data_scientist,1,2,1,2,1,0,1,0,2,0,1,1,1,0,0,0,1,1,0,0,0,1,0,0,0,1,data_scientist,,-0.7349,1,1,1,1,0,2,2,1,0,1,1,1
SYN-C3-0276,4,data_scientist,1,2,1,2,3,0,0,1,2,1,1,3,3,1,0,0,0,0,1,1,0,1,0,0,1,1,data_scientist,,-0.3848,2,1,1,2,1,2,3,1,1,0,1,1
SYN-C3-0277,3,software_engineer,3,0,2,2,2,1,2,0,3,1,0,0,1,1,1,0,0,1,1,1,1,2,1,3,1,3,software_engineer,ui_ux_designer,1.2197,3,2,3,3,1,2,1,3,3,2,1,3
SYN-C3-0278,3,project_coordinator|cybersecurity_analyst,1,0,2,0,1,0,0,0,1,0,0,0,0,0,0,0,0,0,0,0,0,1,0,2,1,3,project_coordinator,cybersecurity_analyst,-1.955,1,1,1,1,0,1,0,2,2,0,0,2
SYN-C3-0279,4,qa_engineer|ui_ux_designer,1,0,0,0,1,0,0,0,3,0,0,0,0,0,1,0,1,0,0,3,2,2,2,0,1,3,qa_engineer,ui_ux_designer,-0.7359,1,3,0,1,1,1,0,3,2,0,0,2
SYN-C3-0280,3,business_analyst,0,0,0,0,0,0,0,0,1,0,1,0,0,0,0,0,0,0,1,0,0,0,1,2,0,3,business_analyst,,-1.6128,0,0,0,0,0,1,0,2,0,0,0,1
SYN-C3-0281,3,frontend_engineer,1,1,2,3,1,3,1,0,1,0,1,0,0,1,1,1,1,1,1,0,1,1,0,1,0,2,frontend_engineer,,0.2062,3,2,3,1,2,2,1,1,2,2,2,2
SYN-C3-0282,3,project_coordinator,1,0,0,2,1,1,1,0,2,0,1,0,2,0,0,0,1,0,0,0,0,1,0,2,0,3,project_coordinator,,0.5451,1,2,1,1,0,2,1,2,2,0,0,3
SYN-C3-0283,3,data_scientist,1,1,0,1,0,1,0,0,1,0,0,0,0,2,0,0,2,2,1,1,0,0,0,0,0,2,network_engineer,,-0.6998,1,1,0,0,1,1,0,0,1,3,3,0
SYN-C3-0284,4,data_scientist,1,3,1,2,1,2,1,1,3,1,3,3,3,2,1,2,1,1,1,2,2,1,1,0,0,3,data_scientist,data_analyst,1.1349,2,3,2,2,2,3,3,2,2,2,2,1
SYN-C3-0285,4,software_engineer,3,1,2,3,3,3,1,0,2,1,1,0,1,1,1,2,0,1,2,1,0,3,0,1,0,1,software_engineer,,1.1409,3,2,2,2,2,2,2,2,2,1,2,1
SYN-C3-0286,3,ui_ux_designer,0,0,0,2,1,0,0,0,1,0,1,1,0,0,0,0,1,3,0,0,0,0,0,0,0,2,network_engineer,,-0.5127,1,1,0,0,0,1,0,0,0,2,1,0
SYN-C3-0287,3,devops_engineer|mobile_developer,2,1,1,0,2,0,0,1,1,0,0,0,1,2,1,2,1,1,1,0,0,1,0,1,0,2,devops_engineer,mobile_developer,-1.0259,2,2,0,2,3,1,1,1,1,2,2,1
SYN-C3-0288,3,devops_engineer,2,1,0,0,1,0,0,0,1,0,0,0,0,2,2,2,2,2,2,3,0,0,0,1,0,3,devops_engineer,qa_engineer,-0.6962,1,2,0,1,3,1,0,1,0,3,3,1
SYN-C3-0289,3,data_scientist,1,3,0,2,1,1,2,0,3,0,2,1,2,1,1,1,0,0,0,1,1,1,0,1,0,2,data_scientist,,1.0761,2,2,1,1,1,3,3,2,2,0,1,2
SYN-C3-0290,3,qa_engineer,1,0,0,1,1,0,1,0,2,1,1,0,0,0,0,1,0,0,0,2,1,2,0,0,1,1,qa_engineer,,-0.3842,1,3,0,1,0,1,0,1,0,0,0,2
SYN-C3-0291,4,devops_engineer,1,1,2,2,2,1,1,1,3,1,1,1,3,1,1,1,2,2,1,2,1,1,1,1,0,2,data_analyst,,0.8021,3,3,2,3,3,3,3,2,3,3,3,1
SYN-C3-0292,3,frontend_engineer,0,0,2,0,1,3,1,0,1,0,0,1,0,0,0,1,0,0,1,0,0,1,1,0,0,3,frontend_engineer,ui_ux_designer,-0.3062,1,1,3,2,0,0,0,1,3,0,0,1
SYN-C3-0293,4,software_engineer,3,1,2,2,2,2,2,1,3,1,1,0,2,1,0,1,1,1,0,0,1,1,0,1,0,2,software_engineer,,0.3516,3,2,3,3,2,3,2,1,2,1,1,1
SYN-C3-0294,4,business_analyst,2,1,1,2,0,1,1,0,2,0,0,2,1,0,1,0,0,0,0,0,0,2,0,2,1,3,business_analyst,,-0.1073,2,2,1,2,0,2,1,3,2,0,0,3
SYN-C3-0295,4,software_engineer,3,0,1,1,2,1,2,0,2,0,0,0,0,0,0,0,0,0,0,0,0,1,0,0,0,1,software_engineer,,-1.7442,3,1,1,2,0,0,0,0,1,0,0,0
SYN-C3-0296,4,data_scientist,2,2,2,2,2,1,0,1,2,1,1,3,3,1,1,1,1,1,1,2,1,0,0,1,1,2,data_scientist,,0.8392,3,2,1,2,2,3,3,1,2,2,2,2
SYN-C3-0297,3,software_engineer,1,1,1,1,1,1,1,0,1,1,0,0,0,0,0,1,0,1,0,1,0,3,0,1,1,1,software_engineer,,-0.7067,2,2,1,1,1,1,0,1,1,0,1,2
SYN-C3-0298,4,network_engineer,2,0,1,2,1,1,1,0,1,0,1,0,1,1,0,0,3,3,1,1,0,1,1,1,0,2,network_engineer,qa_engineer,-0.4685,3,2,2,2,1,1,1,2,3,3,2,1
SYN-C3-0299,4,devops_engineer,0,1,1,2,1,0,0,0,2,0,1,1,1,1,0,1,0,1,1,0,0,1,0,0,0,2,data_analyst,cybersecurity_analyst,-1.7928,2,1,1,0,1,3,2,1,1,2,2,1
SYN-C3-0300,3,project_coordinator,1,1,0,0,1,1,1,0,2,1,0,0,0,0,0,0,0,0,0,0,1,2,0,1,3,3,project_coordinator,,-0.5388,2,2,0,1,0,2,0,2,2,0,0,3
SYN-C3-0301,4,ui_ux_designer,1,0,1,2,1,1,0,0,1,0,0,0,0,2,2,1,1,0,1,0,0,1,1,1,0,3,ui_ux_designer,devops_engineer,-0.9273,2,1,1,1,2,1,1,2,3,2,1,2
SYN-C3-0302,4,data_scientist,1,1,0,1,2,0,0,2,2,0,0,0,0,0,0,1,0,0,0,0,0,1,0,0,0,1,mobile_developer,,-1.6548,1,1,0,2,1,1,1,0,0,0,0,0
SYN-C3-0303,4,software_engineer,3,0,0,3,2,1,0,0,3,0,0,0,0,0,1,1,1,1,0,0,0,1,0,0,0,3,software_engineer,network_engineer,-1.4623,3,1,2,1,1,1,0,1,1,1,1,1
SYN-C3-0304,3,network_engineer,1,0,1,1,1,0,0,0,1,1,0,0,0,0,1,0,1,3,1,0,0,0,0,0,0,3,network_engineer,frontend_engineer,-0.9672,1,1,1,1,1,0,0,1,0,3,2,0
SYN-C3-0305,4,data_scientist,1,3,2,2,2,1,1,0,3,0,1,1,2,1,1,0,1,0,0,1,1,1,0,1,0,2,data_scientist,frontend_engineer,-0.5628,2,2,3,1,1,3,3,2,2,1,1,2
SYN-C3-0306,4,software_engineer,3,0,2,3,3,3,2,0,3,0,1,0,1,2,1,1,1,2,1,1,0,3,0,0,1,3,software_engineer,network_engineer,0.5712,3,2,3,2,2,2,2,2,1,2,2,2
SYN-C3-0307,3,mobile_developer,1,1,1,1,1,0,0,1,2,1,0,0,1,1,1,0,1,0,0,1,0,1,1,0,0,0,mobile_developer,,-1.0204,1,1,0,2,0,1,0,1,0,0,0,0
SYN-C3-0308,3,data_analyst|qa_engineer,2,2,3,3,2,1,2,1,3,0,2,0,2,0,2,1,2,1,2,1,1,1,0,1,0,2,data_analyst,qa_engineer,1.4765,3,2,3,3,2,3,2,1,2,2,2,2
SYN-C3-0309,4,project_coordinator,1,0,0,1,1,2,1,2,1,1,2,0,1,1,0,0,0,0,1,1,0,3,0,3,3,3,project_coordinator,business_analyst,0.5161,2,2,1,2,0,1,1,3,2,1,1,3
SYN-C3-0310,3,ui_ux_designer|project_coordinator,1,1,1,1,1,1,1,1,3,0,2,1,1,0,0,0,1,1,0,2,0,2,2,2,1,3,ui_ux_designer,project_coordinator,1.4623,2,3,2,2,1,3,2,3,3,1,1,3
SYN-C3-0311,4,data_scientist,0,3,0,1,2,1,0,0,3,0,2,2,3,2,0,2,0,1,0,1,2,1,0,1,0,3,data_scientist,,0.6664,1,2,1,1,2,3,3,2,2,1,1,2
SYN-C3-0312,4,qa_engineer|frontend_engineer,2,1,2,1,3,3,1,1,3,2,1,0,1,1,0,2,2,0,0,2,2,2,1,1,0,2,qa_engineer,frontend_engineer,0.3314,3,3,3,3,2,2,1,2,2,1,1,2
SYN-C3-0313,4,qa_engineer,2,0,0,0,1,0,0,0,2,1,0,0,1,0,1,0,1,1,0,3,1,1,1,2,0,2,qa_engineer,mobile_developer,-0.8529,2,3,1,2,1,1,0,2,2,1,1,1
SYN-C3-0314,4,software_engineer,3,1,0,3,2,2,1,1,2,0,0,0,0,1,0,0,0,0,0,0,0,0,0,1,0,2,software_engineer,,-1.0289,3,1,1,2,0,2,1,1,1,1,1,1
SYN-C3-0315,3,mobile_developer,1,1,2,2,2,0,1,3,2,0,1,0,1,0,0,1,0,0,0,0,1,1,1,1,1,2,mobile_developer,business_analyst,0.0966,2,2,2,3,1,2,1,2,2,0,0,3
SYN-C3-0316,3,qa_engineer|software_engineer,3,0,2,2,0,2,1,1,3,1,1,0,1,1,1,0,0,0,0,1,0,2,1,2,0,3,data_analyst,software_engineer,0.7012,3,2,2,2,0,2,1,3,3,0,0,2
SYN-C3-0317,4,ui_ux_designer,2,1,2,2,1,1,0,0,2,2,0,1,2,1,1,1,0,1,0,0,1,2,3,2,0,3,ui_ux_designer,data_scientist,0.3445,3,2,2,2,1,3,2,2,3,1,1,2
SYN-C3-0318,4,devops_engineer|data_scientist,1,2,2,2,2,2,1,1,2,1,1,3,2,2,2,3,1,2,1,0,0,2,0,1,2,3,devops_engineer,data_scientist,1.6377,3,2,2,2,3,3,3,3,3,2,2,3
SYN-C3-0319,3,data_scientist,1,2,0,1,1,0,0,1,1,0,1,1,1,0,0,0,0,1,1,0,0,0,1,0,0,2,data_scientist,,-0.7308,0,1,0,1,0,2,2,1,0,1,1,0
SYN-C3-0320,3,data_scientist,1,1,1,1,1,0,0,0,1,1,1,0,0,0,0,0,0,0,0,1,0,1,1,2,1,3,business_analyst,,-0.1761,1,2,1,2,0,2,0,3,2,0,0,3
SYN-C3-0321,4,mobile_developer,2,0,1,2,1,0,0,2,1,1,1,0,1,0,1,0,0,1,1,0,0,2,1,0,0,3,mobile_developer,,-0.293,2,2,1,3,1,1,1,2,1,1,1,2
SYN-C3-0322,3,software_engineer,3,0,1,0,1,0,0,0,1,0,0,0,0,0,0,0,1,0,0,1,1,0,0,0,0,1,software_engineer,,-1.9888,1,1,0,1,0,0,0,0,0,0,0,0
SYN-C3-0323,4,software_engineer,3,1,2,3,2,2,3,2,3,0,0,0,1,1,1,2,2,1,0,0,0,1,1,1,0,3,software_engineer,,1.2908,3,2,3,3,3,2,2,1,3,2,2,1
SYN-C3-0324,3,ui_ux_designer|devops_engineer,3,2,2,2,3,2,2,2,1,1,0,1,0,2,0,0,1,1,0,0,0,2,1,0,0,3,mobile_developer,devops_engineer,0.6937,3,2,3,3,1,1,1,1,2,1,2,1
SYN-C3-0325,3,business_analyst,2,0,2,2,2,1,1,0,1,0,0,0,0,0,0,0,0,0,0,1,0,2,0,0,1,1,software_engineer,,-0.6278,3,2,2,2,0,0,0,1,1,0,0,1
SYN-C3-0326,3,qa_engineer,2,0,2,1,2,2,0,0,2,0,0,1,0,1,0,2,0,1,0,2,2,2,1,0,1,2,qa_engineer,,0.5091,3,3,3,2,1,1,1,2,3,1,0,1
SYN-C3-0327,3,cybersecurity_analyst,1,1,1,1,1,0,0,0,0,0,0,0,0,0,0,0,1,2,1,0,1,0,0,0,1,2,cybersecurity_analyst,,-1.3227,0,1,0,0,0,1,0,0,0,2,3,1
SYN-C3-0328,3,software_engineer,2,1,1,3,3,1,2,1,3,1,1,0,1,2,1,2,2,1,1,0,0,3,2,2,1,3,software_engineer,devops_engineer,1.1699,3,2,2,3,3,2,2,3,3,2,2,3
SYN-C3-0329,4,ui_ux_designer,1,0,1,1,1,2,0,1,2,1,1,1,0,1,0,0,1,0,0,0,1,2,2,2,0,3,ui_ux_designer,,-0.4338,2,2,2,2,0,2,1,2,3,1,0,2
SYN-C3-0330,3,cybersecurity_analyst,2,2,2,1,1,2,0,0,2,0,0,0,1,1,1,0,1,3,2,1,0,1,2,0,1,2,cybersecurity_analyst,,1.3927,2,2,2,2,2,1,1,1,2,3,3,1
SYN-C3-0331,3,business_analyst,1,1,1,1,1,1,0,0,2,1,1,1,1,0,0,1,1,2,1,0,0,0,1,2,1,2,business_analyst,,0.1775,1,1,1,1,1,3,2,2,2,2,2,2
SYN-C3-0332,3,cybersecurity_analyst,1,1,0,1,1,1,0,2,1,0,0,0,0,0,0,1,0,2,1,0,1,0,0,0,0,2,cybersecurity_analyst,,-0.4965,1,1,0,1,1,1,0,0,1,2,2,0
SYN-C3-0333,3,qa_engineer,2,1,1,0,1,0,0,0,1,0,0,0,2,2,1,1,2,1,1,0,1,1,0,1,1,3,devops_engineer,,0.2445,2,2,0,1,3,2,2,1,1,2,2,2
SYN-C3-0334,4,business_analyst,1,1,1,2,0,1,0,0,2,0,1,1,0,1,0,0,1,1,1,1,1,2,0,1,0,3,business_analyst,,0.0988,2,2,1,1,1,3,1,3,2,2,2,2
SYN-C3-0335,4,qa_engineer,1,0,1,1,1,1,0,0,1,1,0,0,0,1,0,0,2,1,1,2,2,2,0,2,0,2,qa_engineer,,-0.5781,2,3,1,1,1,1,0,2,2,2,2,2
SYN-C3-0336,3,software_engineer,1,0,1,2,1,2,2,0,3,1,1,0,1,0,1,1,1,1,0,1,0,0,0,1,0,3,software_engineer,data_analyst,0.2736,3,2,1,1,1,2,1,1,2,1,1,1
SYN-C3-0337,4,ui_ux_designer,2,1,1,2,2,2,1,1,2,0,1,0,0,0,0,0,1,1,0,0,1,1,3,2,0,2,ui_ux_designer,,0.0565,2,2,2,2,1,2,1,2,3,1,1,1
SYN-C3-0338,3,project_coordinator,1,0,0,0,0,1,0,1,0,0,0,0,0,0,0,0,0,0,0,0,0,1,0,1,2,2,project_coordinator,,-1.237,0,1,0,0,0,0,0,1,2,0,0,3
SYN-C3-0339,4,devops_engineer,0,1,0,0,1,1,0,1,0,1,0,1,0,0,2,1,1,0,1,0,1,0,0,1,0,1,devops_engineer,,-1.5895,0,0,0,0,1,0,0,0,0,1,0,0
SYN-C3-0340,3,mobile_developer,3,1,1,1,3,3,1,3,2,2,2,2,1,2,2,2,1,1,2,2,1,2,2,0,1,3,mobile_developer,devops_engineer,2.4982,3,3,3,3,3,2,2,3,3,2,2,2
SYN-C3-0341,4,qa_engineer,1,1,1,0,0,0,0,0,1,0,0,1,0,0,0,0,0,1,0,2,1,1,0,1,1,2,qa_engineer,,-1.0398,0,3,0,1,0,1,0,2,1,0,1,1
SYN-C3-0342,3,software_engineer,1,1,2,2,1,2,0,0,1,1,1,0,0,0,1,0,0,0,0,1,2,3,1,2,3,3,project_coordinator,,1.5517,2,3,3,2,0,2,1,3,3,0,0,3
SYN-C3-0343,3,software_engineer,2,0,1,1,1,0,0,0,2,0,0,0,0,0,0,0,1,0,0,0,0,2,0,0,0,1,software_engineer,,-2.3524,2,1,0,1,0,0,0,0,0,0,0,1
SYN-C3-0344,4,data_analyst|qa_engineer,1,0,1,1,2,2,0,1,1,0,0,0,0,0,1,0,0,2,0,1,0,1,2,1,1,3,ui_ux_designer,qa_engineer,-0.0399,2,3,2,2,1,1,1,2,3,1,1,2
SYN-C3-0345,4,business_analyst,2,1,1,1,1,2,1,1,3,0,1,2,1,1,1,0,1,1,1,0,1,2,0,2,3,3,project_coordinator,,1.0498,2,2,2,2,2,2,2,3,2,2,2,3
SYN-C3-0346,3,devops_engineer,1,1,0,2,2,0,2,1,1,1,1,2,1,1,0,1,0,1,2,0,1,2,0,1,2,3,project_coordinator,,1.2335,3,2,1,2,2,2,2,2,1,2,2,3
SYN-C3-0347,4,business_analyst,1,1,1,2,2,1,1,1,2,0,1,0,1,0,0,0,1,2,1,2,0,1,1,1,0,3,business_analyst,software_engineer,0.0694,3,2,2,2,2,3,1,3,2,2,2,2
SYN-C3-0348,4,software_engineer|mobile_developer,2,0,2,2,2,2,2,0,1,2,0,0,1,1,2,1,1,0,0,1,0,3,1,0,0,3,software_engineer,mobile_developer,-0.7062,3,2,3,3,1,1,1,1,2,1,1,2
SYN-C3-0349,3,data_scientist|ui_ux_designer,1,1,0,2,2,1,0,1,1,1,0,2,0,0,0,0,0,1,0,2,0,2,1,3,1,3,business_analyst,ui_ux_designer,0.4543,2,2,2,2,1,2,1,3,3,0,1,2
SYN-C3-0350,3,business_analyst,2,2,2,2,2,1,0,2,2,1,1,1,0,0,0,1,1,0,1,2,2,2,1,2,2,3,business_analyst,,1.1136,2,3,2,3,1,2,1,3,3,1,1,3
SYN-C3-0351,3,data_scientist,2,2,1,1,0,1,0,0,1,0,1,1,1,1,1,1,0,1,1,0,0,1,0,1,1,2,data_scientist,,0.263,2,1,0,0,1,2,2,1,2,1,1,2
SYN-C3-0352,4,software_engineer,3,2,2,3,3,2,3,0,2,2,0,2,2,2,2,1,0,2,0,2,1,2,1,1,1,3,software_engineer,,1.1668,3,3,3,3,2,3,2,3,3,1,2,3
SYN-C3-0353,3,network_engineer,1,1,1,1,1,1,0,0,2,0,2,0,2,0,0,0,0,1,0,1,0,0,0,1,1,2,data_analyst,,-0.5397,1,1,0,0,0,3,2,1,2,1,1,1
SYN-C3-0354,4,data_scientist,2,2,2,2,1,1,1,0,2,0,1,2,2,1,1,1,2,1,1,0,1,0,1,0,1,2,data_scientist,,-0.2666,2,1,2,2,2,2,3,1,2,3,2,1
SYN-C3-0355,3,software_engineer,2,1,2,3,2,1,1,0,2,1,0,2,1,1,2,0,1,0,1,0,0,1,1,1,0,3,software_engineer,,0.5514,3,2,3,3,2,3,2,2,3,1,2,2
SYN-C3-0356,3,frontend_engineer,1,0,1,1,2,2,0,0,0,0,0,0,0,0,0,0,0,0,0,1,0,1,0,0,0,1,frontend_engineer,project_coordinator,-2.4925,1,1,2,1,0,0,0,0,2,0,0,0
SYN-C3-0357,4,software_engineer,2,1,1,2,2,1,1,0,3,1,1,0,0,1,1,1,1,0,1,2,0,1,1,0,1,2,software_engineer,,-0.0104,3,2,2,3,2,2,1,2,2,2,2,2
SYN-C3-0358,4,business_analyst|cybersecurity_analyst,1,0,1,1,0,0,0,0,2,0,1,2,1,1,1,0,1,1,1,1,0,2,0,3,2,3,business_analyst,cybersecurity_analyst,-0.3189,1,3,0,0,1,2,1,3,1,2,2,3
SYN-C3-0359,4,qa_engineer,1,1,2,3,3,2,2,0,2,0,0,0,0,1,1,1,1,1,0,1,1,1,1,1,1,3,software_engineer,,0.8019,3,3,3,2,2,2,1,2,2,1,2,2
SYN-C3-0360,3,software_engineer,3,1,1,2,2,1,1,0,3,1,0,1,1,0,2,0,1,1,1,1,0,1,0,1,1,2,software_engineer,,0.3467,3,2,2,2,2,3,1,2,2,1,2,2
SYN-C3-0361,3,qa_engineer,2,1,2,2,2,1,1,0,2,1,1,0,0,0,0,1,1,0,0,2,1,2,1,0,2,2,qa_engineer,,0.4352,3,3,3,3,1,2,1,2,2,1,1,3
SYN-C3-0362,4,software_engineer,3,1,3,3,2,2,2,1,3,1,1,2,0,1,1,1,1,2,1,0,0,2,1,1,1,3,software_engineer,,1.1325,3,2,3,3,2,3,2,3,3,2,3,3
SYN-C3-0363,3,mobile_developer,1,0,2,1,1,0,1,1,1,1,0,0,0,0,0,1,0,1,0,2,0,1,0,0,0,1,qa_engineer,,-0.1368,2,2,1,1,1,1,0,0,0,1,0,0
SYN-C3-0364,3,business_analyst|mobile_developer,1,1,1,2,0,2,1,1,2,0,1,1,0,0,0,0,1,0,0,1,1,2,0,1,1,2,business_analyst,mobile_developer,-0.0862,2,2,2,2,0,2,1,3,2,0,1,3
SYN-C3-0365,3,ui_ux_designer,1,1,1,1,0,1,0,1,1,0,0,1,0,1,0,1,1,1,1,1,2,2,1,2,1,2,ui_ux_designer,,1.027,1,2,1,2,1,1,0,3,3,2,2,2
SYN-C3-0366,3,project_coordinator,0,0,0,1,1,0,0,1,1,1,2,0,0,0,0,0,0,1,0,1,0,1,0,2,1,3,project_coordinator,data_analyst,-1.0387,1,1,0,1,0,2,0,2,1,0,0,3
SYN-C3-0367,4,software_engineer,2,0,1,1,1,1,0,1,2,1,0,0,0,1,0,1,0,1,0,0,1,2,0,0,0,2,software_engineer,,-1.163,3,2,1,2,1,1,1,1,2,1,1,1
SYN-C3-0368,4,qa_engineer,3,2,2,2,2,0,1,2,2,2,1,1,2,2,2,2,2,1,1,2,3,3,2,2,2,2,qa_engineer,,2.486,3,3,2,3,3,3,2,3,3,2,2,3
SYN-C3-0369,4,mobile_developer,3,1,3,2,2,1,1,3,2,1,0,1,1,0,1,1,1,0,0,1,1,2,1,1,1,3,mobile_developer,,0.8179,3,3,3,3,2,2,2,3,3,0,1,3
SYN-C3-0370,3,business_analyst,0,1,0,0,0,0,0,0,0,0,1,0,1,0,0,0,0,0,0,0,0,2,0,2,0,1,business_analyst,,-1.8106,0,0,0,0,0,1,0,2,1,0,0,1
SYN-C3-0371,4,ui_ux_designer,1,1,1,1,1,2,0,1,1,0,0,0,1,0,0,1,1,1,1,0,2,1,2,1,0,2,ui_ux_designer,,-0.4108,2,2,2,2,1,2,1,1,3,2,2,1
SYN-C3-0372,4,qa_engineer,2,3,1,1,2,1,0,1,3,0,1,1,1,0,1,2,1,0,1,2,1,2,1,1,0,2,qa_engineer,data_scientist,0.5225,2,3,2,2,2,3,2,2,3,1,1,2
SYN-C3-0373,4,ui_ux_designer,0,1,1,0,1,1,0,0,1,0,1,0,0,1,1,0,0,0,0,0,0,2,1,0,0,2,ui_ux_designer,,-1.0602,0,2,1,1,1,1,0,2,3,0,0,1
SYN-C3-0374,4,data_scientist|cybersecurity_analyst,0,3,1,3,1,1,1,1,2,0,1,2,2,2,0,0,1,2,1,1,1,0,0,1,0,2,data_scientist,cybersecurity_analyst,-0.279,2,2,1,1,1,3,3,1,2,2,3,1
SYN-C3-0375,3,qa_engineer,2,2,1,1,2,2,1,1,3,0,1,1,2,1,2,1,1,1,1,2,2,3,0,1,1,3,qa_engineer,devops_engineer,1.7458,3,3,3,2,3,3,3,2,2,2,2,3
SYN-C3-0376,3,qa_engineer,3,3,2,2,2,2,1,2,2,0,1,1,1,1,1,2,1,2,1,3,2,2,1,2,2,2,qa_engineer,,2.9951,3,3,3,3,2,3,2,3,3,2,3,3
SYN-C3-0377,3,software_engineer,1,1,2,3,1,1,1,0,2,1,0,0,0,1,2,0,1,0,0,1,0,1,1,1,1,2,software_engineer,,0.1632,3,2,2,2,1,2,1,1,3,1,1,2
SYN-C3-0378,4,cybersecurity_analyst,2,1,0,2,2,1,1,1,3,1,1,2,0,1,1,1,1,2,3,1,2,2,1,2,1,3,cybersecurity_analyst,,1.4698,3,3,2,3,2,3,2,3,2,3,3,3
SYN-C3-0379,4,business_analyst,1,1,1,2,1,1,1,1,1,1,2,1,2,0,1,0,2,2,0,2,2,2,1,3,1,3,business_analyst,,0.5921,2,3,2,2,1,3,2,3,3,2,2,3
SYN-C3-0380,3,qa_engineer|frontend_engineer,1,1,1,1,2,0,0,1,2,0,1,0,1,0,0,0,2,0,0,3,1,1,0,1,0,3,qa_engineer,frontend_engineer,0.3885,1,3,1,2,1,2,1,2,1,1,1,2
SYN-C3-0381,4,ui_ux_designer,1,0,1,1,0,1,0,0,1,0,0,1,0,0,0,0,0,1,0,0,0,2,1,1,0,2,ui_ux_designer,,-0.6983,0,2,1,1,0,1,0,2,3,0,0,2
SYN-C3-0382,4,data_scientist|software_engineer,1,2,0,2,2,1,0,0,2,1,2,2,2,0,0,1,1,1,1,2,0,1,1,1,0,3,data_scientist,software_engineer,0.3584,2,2,2,2,2,3,3,2,2,2,1,2
SYN-C3-0383,3,business_analyst,1,1,1,1,1,1,0,1,2,0,1,1,1,0,0,0,1,1,0,0,0,2,0,3,1,3,business_analyst,data_analyst,0.8608,2,2,1,1,1,3,1,3,2,1,1,3
SYN-C3-0384,3,software_engineer|ui_ux_designer,3,0,3,3,2,2,2,1,2,1,0,0,0,2,1,1,1,1,1,1,1,2,1,1,0,3,software_engineer,ui_ux_designer,1.3269,3,2,3,3,2,1,1,3,3,2,2,2
SYN-C3-0385,4,mobile_developer,1,1,0,0,1,0,0,2,2,1,0,0,0,1,1,0,1,2,0,1,0,2,1,0,0,1,mobile_developer,,-0.6282,1,2,1,2,1,1,0,1,1,1,2,0
SYN-C3-0386,3,devops_engineer,3,1,0,2,2,0,1,0,2,0,1,1,0,2,2,3,2,2,0,0,0,1,1,1,0,2,devops_engineer,,0.9594,2,1,2,2,3,2,2,1,1,3,3,2
SYN-C3-0387,4,ui_ux_designer,3,0,3,2,3,3,1,1,3,2,0,0,1,0,1,1,2,1,1,2,0,3,1,1,1,3,software_engineer,frontend_engineer,0.7213,3,2,3,3,2,2,1,3,3,1,1,3
SYN-C3-0388,3,software_engineer,3,0,1,1,1,1,2,0,1,0,0,0,2,1,0,0,1,0,0,0,0,1,0,1,0,2,software_engineer,,-0.3767,3,1,1,2,0,1,1,0,2,1,1,1
SYN-C3-0389,3,data_scientist,1,2,0,1,2,0,0,0,2,0,1,1,2,0,0,0,0,0,0,0,0,0,0,1,0,2,data_scientist,,-1.0701,1,1,0,1,0,3,2,1,1,0,0,1
SYN-C3-0390,4,project_coordinator,2,1,2,3,1,0,1,1,3,1,0,1,1,1,1,1,0,0,1,0,1,1,1,2,2,3,project_coordinator,software_engineer,-0.0406,3,2,2,3,1,2,1,3,2,0,1,3
SYN-C3-0391,4,qa_engineer|ui_ux_designer,2,1,1,2,2,1,1,1,2,1,1,2,1,2,2,1,1,1,1,3,2,3,2,2,0,3,qa_engineer,ui_ux_designer,1.2011,3,3,2,3,3,3,2,3,3,2,2,3
SYN-C3-0392,4,devops_engineer,1,2,1,1,2,2,1,1,1,0,1,1,1,0,2,2,2,1,1,1,0,1,1,2,1,3,devops_engineer,,0.1696,3,3,2,3,3,2,2,3,3,2,2,3
SYN-C3-0393,4,devops_engineer,1,1,0,0,1,1,1,0,2,1,0,0,0,1,3,2,1,1,0,1,0,1,0,2,1,1,devops_engineer,,-0.5594,2,1,1,1,2,1,0,1,1,1,1,1
SYN-C3-0394,4,devops_engineer|frontend_engineer,1,2,2,2,2,3,0,2,2,1,2,2,2,2,1,1,2,1,0,0,2,1,2,1,1,3,data_scientist,frontend_engineer,1.2327,3,2,3,3,3,3,3,2,3,2,2,3
SYN-C3-0395,4,ui_ux_designer,2,1,1,2,0,1,0,0,2,1,1,1,1,0,2,1,1,1,0,0,1,2,2,0,2,3,ui_ux_designer,,0.5737,2,2,1,1,1,3,2,3,3,1,1,3
SYN-C3-0396,3,software_engineer,3,1,3,1,1,3,2,0,2,1,0,0,1,0,0,2,1,1,0,1,0,2,1,0,0,2,software_engineer,,0.6057,3,2,3,3,1,1,1,2,2,1,1,1
SYN-C3-0397,3,data_analyst,1,1,1,0,0,0,0,0,2,0,1,0,1,0,0,0,0,0,0,0,0,1,0,1,0,2,data_analyst,,-1.6097,0,1,0,1,0,3,0,1,1,0,0,1
SYN-C3-0398,4,business_analyst,3,1,1,2,3,0,1,1,3,0,1,1,0,2,1,1,0,1,1,2,1,2,2,1,1,2,software_engineer,,-0.101,3,3,2,3,2,2,2,3,2,2,2,3
SYN-C3-0399,4,qa_engineer,1,1,3,0,2,1,2,1,2,0,0,1,0,0,1,1,1,1,1,2,2,2,1,2,0,2,qa_engineer,,0.4084,2,3,3,2,1,2,1,2,3,1,1,1
SYN-C3-0400,4,business_analyst,1,0,1,0,2,2,0,0,3,1,0,0,1,0,1,0,0,1,0,0,1,2,2,3,1,3,business_analyst,,0.4606,2,2,2,2,1,1,0,3,3,0,0,2
SYN-C3-0401,3,mobile_developer,2,1,0,2,2,1,0,1,1,1,1,0,0,1,0,1,0,1,0,1,0,2,1,1,0,3,mobile_developer,data_analyst,-0.3066,2,2,2,2,1,2,1,3,2,1,2,3
SYN-C3-0402,4,network_engineer|project_coordinator,1,0,0,1,1,0,0,0,1,0,1,0,0,0,0,1,1,2,1,2,0,1,0,1,1,2,network_engineer,project_coordinator,-0.8562,1,2,0,0,1,1,1,2,1,3,2,2
SYN-C3-0403,4,cybersecurity_analyst,1,1,0,2,1,2,0,0,1,1,1,1,0,1,0,0,0,3,3,1,0,1,1,1,1,2,cybersecurity_analyst,,-0.0189,2,2,1,2,1,2,1,3,2,3,3,2
SYN-C3-0404,4,project_coordinator,1,2,0,1,1,1,1,1,2,1,1,2,1,0,0,0,1,1,1,1,1,3,1,2,2,2,project_coordinator,mobile_developer,-0.0214,2,2,1,3,1,3,2,3,2,1,1,3
SYN-C3-0405,3,qa_engineer|devops_engineer,2,2,2,2,2,1,1,0,1,1,1,1,0,2,1,0,2,1,2,3,2,2,2,2,1,3,qa_engineer,devops_engineer,1.3645,3,3,2,3,3,1,2,3,3,3,3,3
SYN-C3-0406,3,cybersecurity_analyst,2,1,0,2,2,2,1,1,1,0,0,0,0,2,1,1,3,2,1,2,1,2,1,2,1,2,network_engineer,,1.4684,2,3,2,2,3,2,0,2,2,3,3,2
SYN-C3-0407,3,software_engineer,2,0,1,1,1,1,2,1,1,1,0,0,0,1,0,1,0,2,0,1,0,2,0,1,0,1,software_engineer,,-0.3516,3,2,1,2,1,1,0,1,1,1,1,1
SYN-C3-0408,3,data_scientist,1,3,0,2,2,1,1,1,2,1,1,2,3,0,1,0,0,1,0,0,1,1,0,1,0,1,data_scientist,,0.9312,2,2,1,1,1,2,3,1,2,0,0,1
SYN-C3-0409,4,business_analyst|mobile_developer,1,1,2,2,1,1,0,1,2,1,1,1,0,1,1,1,0,2,0,1,0,2,1,3,0,3,business_analyst,mobile_developer,0.8205,2,2,2,2,1,2,2,3,3,1,1,2
SYN-C3-0410,3,software_engineer,1,0,1,1,2,1,1,0,0,0,0,0,0,1,0,0,0,1,1,1,0,1,0,0,0,1,software_engineer,,-1.0962,1,1,2,1,1,0,0,0,1,1,1,0
SYN-C3-0411,3,business_analyst,0,0,1,1,1,1,1,0,2,0,1,0,1,0,0,0,1,1,1,1,0,2,1,2,0,2,business_analyst,,-0.3727,1,2,1,1,1,2,2,3,3,2,1,2
SYN-C3-0412,3,data_analyst|business_analyst,2,3,1,1,3,1,0,1,3,1,2,1,1,0,2,1,0,1,1,0,1,3,2,3,2,3,data_analyst,business_analyst,1.5218,3,2,2,3,2,3,2,3,3,1,1,3
SYN-C3-0413,3,qa_engineer,0,2,0,1,1,1,0,1,1,1,0,0,0,0,0,0,1,2,1,0,0,0,0,1,0,1,cybersecurity_analyst,,-0.6388,0,0,0,0,1,1,0,0,1,1,2,1
SYN-C3-0414,4,ui_ux_designer|frontend_engineer,2,1,3,1,3,3,3,2,2,2,1,1,1,2,0,0,1,2,1,2,2,3,3,2,2,3,ui_ux_designer,frontend_engineer,1.6632,3,3,3,3,2,3,2,3,3,2,3,3
SYN-C3-0415,3,qa_engineer,1,0,0,0,1,0,0,0,2,1,1,1,1,1,1,0,0,0,1,2,2,2,0,1,0,3,qa_engineer,,0.0062,1,3,0,1,0,2,1,2,1,0,0,2
SYN-C3-0416,3,qa_engineer,2,1,1,0,2,1,1,0,1,0,0,1,0,0,1,0,0,0,0,2,2,2,0,2,0,3,qa_engineer,,-0.2047,2,3,2,1,0,1,0,2,2,0,0,2
SYN-C3-0417,3,qa_engineer,1,1,1,1,1,0,1,0,2,0,0,0,1,1,1,0,0,2,0,2,1,1,0,0,0,2,qa_engineer,,-0.8389,2,3,1,1,1,2,1,1,1,1,2,0
SYN-C3-0418,4,qa_engineer,2,1,1,2,2,1,1,0,2,0,2,2,1,1,1,0,1,1,0,3,2,2,1,1,1,3,qa_engineer,,0.5685,3,3,2,2,2,3,3,3,2,1,2,3
SYN-C3-0419,4,ui_ux_designer,1,0,1,1,2,2,1,1,2,2,0,0,1,1,0,1,1,1,1,2,0,2,2,1,2,2,ui_ux_designer,,0.2832,3,3,3,2,1,1,1,2,3,2,1,3
SYN-C3-0420,4,ui_ux_designer,2,0,1,2,1,2,1,3,1,1,0,1,1,0,0,1,2,0,0,2,0,2,3,1,0,2,ui_ux_designer,,0.4596,3,3,2,3,1,1,1,2,3,1,1,2
SYN-C3-0421,4,devops_engineer,0,1,0,0,2,0,0,1,1,0,0,0,0,2,1,1,1,1,0,0,0,0,0,0,0,2,devops_engineer,,-1.5417,1,0,0,1,2,1,1,0,0,1,1,0
SYN-C3-0422,3,data_analyst,2,2,1,2,1,2,2,0,3,1,2,2,1,0,1,1,0,0,2,2,1,3,2,3,0,2,data_analyst,,2.365,3,3,3,2,1,3,2,3,3,1,1,2
SYN-C3-0423,4,project_coordinator,1,0,1,1,0,0,1,0,1,0,0,2,0,1,1,1,0,0,1,1,1,3,2,2,1,3,project_coordinator,,-0.5006,1,2,2,1,0,1,1,2,2,1,1,3
SYN-C3-0424,3,data_scientist,0,2,1,1,2,0,0,0,2,0,1,1,0,0,0,0,0,0,0,1,0,0,0,0,0,1,data_scientist,,-1.3472,1,0,0,0,0,2,2,1,0,0,0,0
SYN-C3-0425,4,frontend_engineer,2,1,3,1,2,3,1,1,1,1,2,2,2,1,1,0,1,0,1,1,1,3,3,2,0,3,frontend_engineer,,1.784,3,3,3,3,2,3,2,3,3,2,1,3
SYN-C3-0426,3,data_scientist,1,1,0,1,2,1,0,0,3,0,1,2,2,0,0,0,0,2,2,0,0,1,0,0,0,2,data_scientist,,0.1804,1,1,1,1,1,2,3,1,2,2,2,0
SYN-C3-0427,3,business_analyst,1,0,1,0,0,0,0,0,2,1,1,0,0,0,0,0,0,0,0,0,0,0,1,2,1,2,business_analyst,,-0.5039,0,1,0,1,0,1,0,2,2,0,0,1
SYN-C3-0428,3,data_scientist|devops_engineer,1,2,2,3,3,2,2,2,3,1,1,2,3,2,2,3,1,2,1,1,0,0,1,1,0,2,data_scientist,devops_engineer,2.0999,3,2,2,3,3,3,3,2,2,2,2,1
SYN-C3-0429,4,devops_engineer,3,2,1,2,3,0,0,0,1,0,0,0,1,1,1,1,1,2,1,0,1,2,0,1,0,2,devops_engineer,,-0.4742,3,2,2,1,3,2,2,1,2,2,3,2
SYN-C3-0430,4,business_analyst,2,1,2,2,1,2,1,0,2,0,0,1,1,0,1,0,0,2,0,1,1,2,1,3,0,3,business_analyst,,-0.0417,2,3,2,2,1,2,1,3,2,1,1,2
SYN-C3-0431,4,network_engineer,0,1,0,1,0,1,0,0,2,0,1,0,1,0,0,0,0,0,0,0,0,1,0,0,0,1,data_analyst,,-2.0602,0,0,0,0,0,2,0,1,1,0,0,1
SYN-C3-0432,3,data_analyst|devops_engineer,1,1,2,1,3,2,1,0,1,0,0,0,0,2,1,1,0,0,0,1,0,1,2,1,1,2,frontend_engineer,devops_engineer,-0.1731,2,2,3,2,2,1,1,2,3,0,1,2
SYN-C3-0433,3,data_scientist,1,2,0,2,2,0,0,0,2,0,0,3,2,1,0,1,1,0,0,0,0,1,0,0,0,2,data_scientist,,-0.2794,2,1,1,1,1,2,3,0,0,1,1,0
SYN-C3-0434,4,software_engineer,2,0,1,1,1,1,0,1,2,0,1,0,0,0,1,2,0,0,0,0,0,1,0,0,0,1,software_engineer,,-1.0235,2,1,1,1,0,1,0,0,1,0,0,0
SYN-C3-0435,3,qa_engineer|data_analyst,0,1,1,0,1,1,0,0,3,0,1,0,1,1,0,0,1,0,0,2,2,2,0,0,0,2,qa_engineer,data_analyst,-0.6377,1,3,1,1,1,2,1,2,2,1,0,1
SYN-C3-0436,3,ui_ux_designer,1,0,1,0,1,2,0,1,1,0,0,0,2,0,0,0,0,0,1,1,0,1,2,1,0,3,ui_ux_designer,qa_engineer,0.5457,1,2,1,1,0,1,1,2,3,0,0,1
SYN-C3-0437,3,business_analyst|network_engineer,2,1,1,1,0,0,1,0,2,0,1,1,1,0,1,1,0,3,2,2,1,2,1,2,1,3,business_analyst,network_engineer,0.716,2,3,1,2,1,2,1,3,2,3,2,3
SYN-C3-0438,4,cybersecurity_analyst,3,2,1,2,1,2,2,0,3,1,0,1,1,1,1,1,0,1,0,1,1,1,0,0,0,2,software_engineer,,-0.4655,3,2,2,2,1,2,2,1,2,1,1,1
SYN-C3-0439,3,business_analyst,0,2,0,0,0,0,0,0,1,0,1,0,1,1,0,0,1,2,0,0,0,1,0,1,1,1,data_analyst,devops_engineer,-0.6032,0,1,0,0,1,1,0,2,0,1,1,1
SYN-C3-0440,4,software_engineer,3,1,2,2,2,2,2,1,3,0,1,1,0,1,1,2,0,2,1,1,0,2,0,1,0,1,software_engineer,,0.0302,3,2,2,2,2,2,1,1,2,2,2,2
SYN-C3-0441,3,network_engineer,0,1,0,0,2,0,0,0,1,0,1,0,1,0,0,0,0,0,0,0,1,2,0,1,0,2,project_coordinator,,-0.6294,0,2,1,1,0,2,1,2,1,0,0,2
SYN-C3-0442,3,ui_ux_designer|cybersecurity_analyst,2,2,1,1,2,1,1,1,2,1,0,0,1,0,0,1,1,1,2,1,0,2,2,2,0,3,ui_ux_designer,cybersecurity_analyst,0.3586,2,2,2,3,1,2,1,2,3,1,2,2
SYN-C3-0443,3,cybersecurity_analyst,1,1,1,1,0,1,0,0,1,0,1,0,1,1,0,0,1,2,3,1,1,1,0,0,0,3,cybersecurity_analyst,,0.4464,1,2,1,1,1,1,1,1,1,3,3,2
SYN-C3-0444,3,devops_engineer|network_engineer,0,2,1,2,2,2,0,1,1,1,0,0,2,1,2,2,3,3,1,0,1,2,0,2,0,3,devops_engineer,network_engineer,0.8216,2,2,2,2,3,3,2,1,2,3,3,2
SYN-C3-0445,3,mobile_developer,2,1,1,1,1,1,0,2,2,0,0,0,0,1,1,1,0,2,0,0,0,1,1,1,0,2,mobile_developer,,0.0536,2,1,1,3,1,2,1,1,2,1,2,1
SYN-C3-0446,4,mobile_developer,3,1,1,2,3,1,3,3,3,1,1,1,2,1,1,1,1,2,1,1,1,2,0,1,0,3,mobile_developer,network_engineer,2.047,3,3,2,3,2,3,2,2,2,3,3,2
SYN-C3-0447,3,mobile_developer,2,1,1,0,0,1,0,0,1,0,1,0,0,1,1,0,0,1,0,0,1,2,2,2,1,3,ui_ux_designer,,0.093,1,2,1,1,1,1,0,3,3,0,1,3
SYN-C3-0448,4,frontend_engineer,1,2,0,0,1,0,1,0,1,0,1,1,1,0,0,0,0,0,0,1,0,0,0,0,0,1,data_scientist,,-2.3313,0,0,0,0,0,1,1,1,0,0,0,0
SYN-C3-0449,4,devops_engineer,1,0,1,1,1,1,0,0,1,1,0,0,0,2,2,2,2,2,2,1,0,2,0,1,0,1,devops_engineer,,-0.1048,2,2,1,1,2,0,0,1,1,3,3,1
SYN-C3-0450,4,qa_engineer,3,1,2,2,2,1,1,2,3,1,1,1,1,1,2,1,1,3,2,2,2,2,2,2,1,3,qa_engineer,,3.0098,3,3,3,3,3,3,2,3,3,3,3,3
SYN-C3-0451,3,data_scientist,0,3,0,1,0,0,1,0,2,1,2,1,3,0,0,0,0,0,0,1,0,0,0,0,0,2,data_scientist,,-1.081,0,0,0,1,0,3,3,0,0,0,0,0
SYN-C3-0452,3,devops_engineer,2,0,0,2,2,1,0,0,2,1,0,0,0,1,2,1,3,2,1,0,0,1,1,0,0,1,devops_engineer,qa_engineer,-0.8164,2,1,1,1,2,0,0,0,1,3,2,0
SYN-C3-0453,4,business_analyst,3,2,2,3,3,2,3,2,3,1,1,2,2,2,1,2,2,2,2,1,1,2,2,2,2,3,software_engineer,,1.9581,3,3,3,3,3,3,3,3,3,3,3,3
SYN-C3-0454,3,ui_ux_designer,2,2,1,0,0,2,1,0,0,1,1,0,0,1,1,1,1,1,0,2,1,1,1,1,0,2,ui_ux_designer,devops_engineer,0.3295,2,2,2,2,1,0,1,1,3,1,1,1
SYN-C3-0455,4,qa_engineer|ui_ux_designer,2,2,1,1,2,1,1,0,2,0,1,1,0,0,1,0,0,1,0,2,2,2,1,1,0,3,qa_engineer,ui_ux_designer,0.0062,2,3,2,2,1,2,2,3,3,0,0,2
SYN-C3-0456,3,data_analyst|software_engineer,3,1,1,2,1,1,0,0,3,1,3,1,1,0,0,0,1,1,2,1,0,1,0,1,1,2,data_analyst,software_engineer,0.6914,2,2,1,2,1,3,2,2,2,2,2,2
SYN-C3-0457,4,software_engineer,3,1,0,3,2,1,1,0,2,0,0,0,0,1,1,1,1,0,0,2,1,2,1,0,0,1,software_engineer,,-1.0284,3,2,2,1,1,1,1,1,1,1,1,1
SYN-C3-0458,4,software_engineer,3,2,2,2,2,2,1,1,2,1,1,1,2,1,1,1,0,0,0,1,1,2,1,1,0,2,software_engineer,,0.3798,3,3,3,3,1,3,2,2,3,1,0,2
SYN-C3-0459,4,software_engineer,3,0,2,2,2,1,2,1,3,1,1,1,1,1,0,1,0,1,0,2,0,3,0,0,1,3,software_engineer,,0.2992,3,2,2,3,1,1,2,2,2,1,1,3
SYN-C3-0460,3,frontend_engineer|mobile_developer,1,1,3,1,2,3,1,2,1,0,1,0,1,1,0,1,1,1,0,0,1,2,2,2,0,3,frontend_engineer,mobile_developer,0.6388,2,2,3,3,2,2,1,3,3,1,2,3
SYN-C3-0461,3,software_engineer,3,1,2,2,1,1,2,1,3,0,0,1,0,1,0,1,1,1,0,0,0,2,1,0,1,2,software_engineer,,0.5413,3,2,2,2,1,1,1,2,2,1,2,1
SYN-C3-0462,3,ui_ux_designer,1,0,0,1,0,0,0,0,2,0,0,1,0,0,1,0,0,0,0,0,0,1,1,1,0,2,ui_ux_designer,,-0.3552,0,1,0,1,0,1,1,1,2,0,0,2
SYN-C3-0463,4,software_engineer,3,1,2,2,2,1,1,1,2,1,0,1,1,0,0,1,1,1,0,1,0,1,1,0,1,1,software_engineer,,0.2178,3,1,2,3,1,2,2,1,2,1,1,1
SYN-C3-0464,3,software_engineer,3,1,2,1,3,1,2,0,2,1,0,0,1,0,1,1,0,1,1,1,1,2,0,1,1,2,software_engineer,,1.2697,3,2,2,2,1,2,0,2,2,1,1,2
SYN-C3-0465,3,frontend_engineer,2,2,2,3,2,3,1,0,2,0,1,1,1,0,0,0,1,1,0,0,1,2,1,2,0,2,frontend_engineer,,1.1905,3,2,3,3,1,3,2,2,3,1,1,2
SYN-C3-0466,4,software_engineer,2,1,0,3,1,0,0,0,2,1,0,0,0,0,0,0,0,0,0,1,0,0,0,0,0,1,software_engineer,,-1.8984,1,1,0,1,0,1,1,0,0,0,0,0
SYN-C3-0467,3,data_scientist|software_engineer,1,2,1,2,3,1,0,0,3,0,2,2,2,1,1,0,1,0,0,1,1,1,1,0,0,2,data_scientist,software_engineer,0.0616,3,2,2,1,1,3,3,1,2,1,1,1
SYN-C3-0468,4,ui_ux_designer,3,1,2,2,2,1,1,0,3,1,1,1,0,0,0,0,0,1,0,0,0,1,1,0,0,3,software_engineer,,-0.6174,3,2,2,3,1,2,1,2,2,0,1,1
SYN-C3-0469,3,project_coordinator,2,2,0,1,1,1,0,0,1,2,1,1,1,1,0,1,0,2,0,1,2,3,1,1,2,3,project_coordinator,,1.2977,2,3,1,2,1,2,2,3,2,1,2,3
SYN-C3-0470,4,qa_engineer,2,2,1,2,2,1,1,0,2,1,0,1,1,0,1,0,1,1,1,2,2,2,0,2,0,2,qa_engineer,,0.2937,2,3,2,2,1,2,2,1,2,1,1,2
SYN-C3-0471,3,data_analyst,1,1,0,1,1,0,0,0,2,0,1,0,1,0,0,1,0,0,0,1,0,0,0,1,0,2,data_analyst,,-0.6353,1,1,0,1,1,3,1,1,0,0,0,1
SYN-C3-0472,3,software_engineer,2,1,1,1,1,1,1,0,2,0,0,0,0,0,0,0,0,1,0,0,0,0,0,0,0,1,software_engineer,,-1.598,1,1,1,1,0,1,0,0,0,1,0,0
SYN-C3-0473,4,ui_ux_designer,1,1,3,0,1,3,0,1,2,0,1,0,1,0,1,0,0,1,0,0,0,2,2,2,1,2,ui_ux_designer,,0.5309,2,2,2,2,1,2,1,2,3,0,0,2
SYN-C3-0474,3,software_engineer,1,1,2,2,0,3,1,0,3,1,0,0,1,1,0,1,1,1,0,2,0,1,1,0,1,0,software_engineer,,0.0032,3,1,2,1,0,1,1,1,1,1,1,0
SYN-C3-0475,3,qa_engineer|cybersecurity_analyst,2,2,2,0,1,1,0,0,1,1,0,0,0,1,1,0,0,1,1,2,1,3,0,2,1,3,qa_engineer,cybersecurity_analyst,-0.1846,2,3,1,1,1,1,1,2,2,1,2,2
SYN-C3-0476,3,cybersecurity_analyst,0,2,0,1,1,0,0,0,1,0,1,0,0,1,0,0,2,2,2,1,0,1,0,1,0,2,cybersecurity_analyst,,-0.13,0,1,0,0,2,2,1,1,1,3,3,2
SYN-C3-0477,4,business_analyst,1,0,1,1,2,1,1,1,3,1,2,0,2,1,0,2,0,2,1,1,1,2,1,2,0,2,business_analyst,,0.9086,2,3,2,2,1,3,2,3,2,2,2,2
SYN-C3-0478,3,data_analyst,1,2,0,2,0,0,0,1,2,0,2,0,2,0,0,0,0,0,0,0,0,0,0,1,0,3,data_analyst,,-0.0514,1,1,0,0,0,3,2,1,0,0,0,1
SYN-C3-0479,3,software_engineer|data_analyst,2,0,1,2,2,1,1,0,3,1,2,0,1,1,1,1,0,1,0,0,0,0,0,0,0,3,software_engineer,data_analyst,-0.4297,3,1,1,2,1,2,2,1,1,1,1,1
SYN-C3-0480,3,data_scientist,0,2,0,1,1,0,0,0,3,0,1,1,1,0,0,0,0,0,0,0,0,0,0,0,0,1,data_scientist,,-1.2289,0,0,0,0,0,2,2,0,0,0,0,0
SYN-C3-0481,4,frontend_engineer,1,1,1,3,3,3,0,0,1,0,1,1,1,1,0,0,1,0,1,1,1,2,0,2,0,2,frontend_engineer,,0.4722,2,3,2,1,1,2,2,2,2,1,2,2
SYN-C3-0482,3,cybersecurity_analyst,0,1,1,0,2,1,0,0,2,1,0,1,0,2,1,1,3,0,1,1,0,1,0,0,0,2,devops_engineer,,-0.0592,2,1,2,1,3,1,1,1,2,1,2,0
SYN-C3-0483,4,project_coordinator,0,1,1,2,1,0,0,0,1,2,1,1,2,0,0,0,0,0,1,0,1,2,0,1,2,3,project_coordinator,,-0.7041,1,1,1,1,0,3,2,2,1,1,1,3
SYN-C3-0484,3,network_engineer,1,1,0,1,1,0,0,0,1,1,0,0,1,0,0,0,2,3,0,0,0,0,0,0,0,2,network_engineer,,-1.1366,1,1,0,0,1,1,1,0,0,3,2,0
SYN-C3-0485,3,devops_engineer,2,1,1,1,2,0,0,0,1,0,1,1,2,2,2,2,2,2,0,0,0,2,0,0,0,2,devops_engineer,,0.0856,2,2,1,1,3,2,2,1,1,2,3,2
SYN-C3-0486,4,software_engineer,3,1,2,3,2,2,2,1,3,1,0,1,2,1,2,2,1,1,1,2,1,2,1,2,1,3,software_engineer,,1.6604,3,3,3,3,2,3,2,3,3,2,2,3
SYN-C3-0487,4,project_coordinator|mobile_developer,2,1,0,1,1,1,0,1,1,1,0,0,1,0,1,0,0,0,0,0,0,2,1,1,3,3,project_coordinator,mobile_developer,-1.2951,1,2,1,2,0,2,1,2,2,0,0,3
SYN-C3-0488,4,devops_engineer,1,1,1,2,2,1,0,1,2,1,1,0,1,2,2,2,2,2,1,1,0,1,1,1,1,2,devops_engineer,,0.3142,2,2,2,2,3,3,1,2,3,3,3,2
SYN-C3-0489,3,mobile_developer,3,0,2,1,2,1,2,1,2,1,1,0,1,1,1,1,0,1,0,1,1,3,2,0,0,3,mobile_developer,software_engineer,0.6563,3,2,3,3,1,2,1,2,3,2,0,2
SYN-C3-0490,4,ui_ux_designer,0,1,1,2,2,1,1,1,1,0,1,0,1,1,0,1,1,0,0,1,0,1,2,1,0,3,ui_ux_designer,,0.3175,2,2,2,2,2,2,1,2,3,1,1,2
SYN-C3-0491,4,devops_engineer,0,1,0,0,2,1,0,0,1,0,0,0,0,1,2,2,1,1,1,0,0,1,0,0,0,1,devops_engineer,,-1.7299,1,1,1,0,3,0,0,0,1,1,1,0
SYN-C3-0492,3,cybersecurity_analyst|devops_engineer,1,2,1,2,2,0,1,0,2,0,1,0,1,1,3,1,2,2,1,1,2,1,1,0,0,3,cybersecurity_analyst,devops_engineer,0.9319,3,3,2,2,3,2,2,2,1,3,3,2
SYN-C3-0493,3,project_coordinator|data_scientist,0,3,1,2,2,1,1,0,2,0,1,1,1,1,0,1,1,2,1,0,0,3,0,2,1,3,project_coordinator,data_scientist,-0.1503,2,1,2,1,2,3,3,3,2,2,3,3
SYN-C3-0494,3,software_engineer,3,0,2,2,2,1,1,0,3,0,1,1,1,1,1,1,1,1,1,1,1,3,1,1,0,3,software_engineer,,1.8973,3,3,3,2,2,2,2,3,3,3,1,3
SYN-C3-0495,3,software_engineer,3,1,1,2,3,2,2,2,3,2,1,2,1,1,1,1,1,0,1,1,0,2,1,1,2,3,software_engineer,,1.4505,3,2,3,3,2,2,2,3,2,1,1,3
SYN-C3-0496,3,data_scientist,1,2,1,1,1,1,1,0,2,0,1,2,3,0,0,0,0,0,0,1,0,0,1,0,0,1,data_scientist,,-0.3242,1,1,1,1,0,2,3,1,1,0,0,0
SYN-C3-0497,3,qa_engineer,1,0,1,1,1,0,0,0,2,0,1,0,0,1,0,0,0,0,0,2,1,1,0,0,0,3,qa_engineer,,-0.0108,1,3,1,1,0,1,1,1,1,0,1,1
SYN-C3-0498,3,network_engineer,1,1,1,3,2,1,1,1,1,1,0,1,2,1,1,1,1,1,2,2,1,2,1,2,1,3,network_engineer,project_coordinator,1.5402,3,3,2,2,2,2,2,3,3,3,2,3
SYN-C3-0499,3,software_engineer,3,0,1,1,3,1,1,0,3,0,0,0,0,0,0,0,0,0,0,2,1,3,0,1,0,3,software_engineer,qa_engineer,-0.9249,3,3,2,1,0,1,0,2,2,0,0,2
SYN-C3-0500,4,software_engineer,3,1,1,3,2,1,2,1,2,1,0,1,1,1,1,1,1,1,1,1,0,2,1,0,1,2,software_engineer,,0.3154,3,3,3,3,2,2,2,2,2,2,2,2
SYN-C3-0501,3,qa_engineer|devops_engineer,2,0,1,1,2,1,1,0,1,1,0,0,0,1,2,1,1,1,0,0,0,1,0,0,0,2,software_engineer,devops_engineer,-1.5837,3,2,2,2,2,0,0,0,2,1,1,1
SYN-C3-0502,4,data_scientist|qa_engineer,0,2,0,2,2,1,0,1,3,0,1,1,1,1,1,1,0,2,0,1,0,2,0,0,2,3,data_scientist,qa_engineer,-0.6331,1,2,1,1,1,2,3,3,2,2,1,3
SYN-C3-0503,4,network_engineer|data_analyst,1,1,2,2,2,2,1,1,3,1,2,1,2,2,1,0,2,2,2,1,1,1,0,1,0,3,network_engineer,data_analyst,0.9781,3,2,3,2,2,3,3,2,2,3,3,2
SYN-C3-0504,3,data_analyst,1,1,0,0,1,0,0,0,1,0,1,1,2,0,0,0,0,0,0,0,0,0,0,0,0,2,data_analyst,devops_engineer,-1.9682,0,0,0,0,0,2,1,0,0,0,0,0
SYN-C3-0505,3,business_analyst,3,2,0,1,1,2,0,1,1,0,3,1,1,1,0,0,0,0,0,2,1,2,1,3,0,3,business_analyst,data_scientist,0.4321,1,3,2,2,0,2,2,3,3,1,0,2
SYN-C3-0506,4,network_engineer,2,0,1,2,1,0,1,0,2,1,0,1,0,2,0,1,2,2,1,1,0,2,0,2,1,2,network_engineer,,0.4971,3,2,1,2,1,2,0,2,1,3,2,2
SYN-C3-0507,3,frontend_engineer|software_engineer,2,1,3,2,2,2,2,0,1,1,0,0,0,0,0,1,1,1,2,1,1,1,2,0,0,3,frontend_engineer,software_engineer,0.2263,3,2,3,3,1,1,1,2,3,2,2,1
SYN-C3-0508,3,qa_engineer|cybersecurity_analyst,0,1,0,1,1,0,0,0,2,0,0,0,0,0,0,0,0,0,0,1,1,2,0,0,0,2,qa_engineer,cybersecurity_analyst,-1.0703,0,1,1,0,0,2,1,1,1,0,1,1
SYN-C3-0509,3,software_engineer,1,0,0,2,0,1,1,0,2,1,1,0,1,1,0,0,0,0,0,1,0,1,0,0,0,2,software_engineer,,-0.7118,2,1,1,1,0,1,1,1,1,1,0,1
SYN-C3-0510,4,cybersecurity_analyst,2,2,1,2,1,2,0,0,2,0,1,1,2,0,0,1,1,2,2,0,1,2,0,0,0,2,network_engineer,,0.0804,2,2,2,2,2,3,2,1,2,2,3,1
SYN-C3-0511,3,software_engineer,3,0,1,1,2,2,2,0,3,0,0,0,1,0,1,0,0,1,0,2,0,1,1,0,1,1,software_engineer,,-0.4898,3,2,2,2,1,1,0,1,1,0,0,1
SYN-C3-0512,4,mobile_developer,2,1,2,0,2,1,1,2,2,1,1,1,1,1,1,0,0,1,0,1,0,3,1,1,0,2,mobile_developer,,0.2826,3,2,2,3,1,3,1,2,2,0,1,2
SYN-C3-0513,3,mobile_developer,2,0,1,1,1,0,0,1,1,2,0,0,1,0,0,0,1,0,0,0,0,1,1,1,0,3,mobile_developer,,-0.5188,1,2,1,3,0,1,1,1,3,1,0,2
SYN-C3-0514,3,project_coordinator,2,1,1,1,1,1,0,0,2,1,1,0,2,0,1,1,2,1,1,2,0,2,0,2,2,3,project_coordinator,qa_engineer,0.89,2,3,0,2,2,3,2,3,2,2,2,3
SYN-C3-0515,3,qa_engineer,1,0,2,1,3,1,0,0,2,1,0,0,1,1,1,1,1,0,0,3,1,1,0,1,1,1,qa_engineer,,0.0483,2,3,2,2,1,2,1,1,2,1,0,1
SYN-C3-0516,4,business_analyst,1,0,1,0,0,0,0,0,2,0,1,0,1,0,0,0,0,0,1,1,0,1,0,2,1,2,business_analyst,,-1.0746,0,1,0,0,0,1,1,3,1,0,0,2
SYN-C3-0517,4,ui_ux_designer,2,1,1,2,2,2,0,1,2,1,1,1,0,1,2,1,2,2,2,1,2,1,2,1,2,3,ui_ux_designer,cybersecurity_analyst,1.1119,3,3,3,3,3,3,2,3,3,3,3,3
SYN-C3-0518,3,data_analyst,1,0,0,1,0,1,0,0,2,0,2,0,1,0,0,0,0,0,0,0,0,0,0,0,0,1,data_analyst,,-1.0056,0,0,0,0,0,2,0,0,1,0,0,0
SYN-C3-0519,3,data_analyst|business_analyst,2,2,1,1,1,1,2,0,2,0,1,0,1,1,1,1,2,2,1,1,0,1,0,2,0,2,cybersecurity_analyst,business_analyst,0.779,3,2,1,2,2,3,2,2,2,3,3,2
SYN-C3-0520,3,network_engineer,2,1,2,1,0,1,0,0,2,0,1,0,1,0,1,0,3,2,3,0,0,1,1,1,1,3,network_engineer,,1.1493,2,1,1,1,1,3,1,2,3,3,3,3
SYN-C3-0521,3,qa_engineer,1,2,1,0,0,0,0,1,1,0,0,1,0,0,0,2,0,1,0,2,2,1,0,1,1,2,qa_engineer,,0.0819,0,3,1,1,1,1,0,1,2,0,0,2
SYN-C3-0522,3,data_scientist,2,2,0,2,2,2,0,2,3,1,0,2,3,0,0,1,1,2,0,1,1,2,1,2,0,3,data_scientist,ui_ux_designer,0.9153,3,2,2,2,1,3,3,3,3,1,2,2
SYN-C3-0523,3,project_coordinator|qa_engineer,0,0,1,1,1,0,0,0,0,0,0,1,0,0,1,0,0,1,0,1,0,3,0,2,1,3,project_coordinator,qa_engineer,-0.3912,1,2,0,0,1,0,0,2,2,1,0,3
SYN-C3-0524,3,software_engineer,2,0,0,1,1,1,1,0,2,1,0,0,0,1,0,1,0,0,0,0,0,1,0,1,1,1,software_engineer,,-0.9676,3,1,1,1,0,1,0,1,1,0,0,1
SYN-C3-0525,4,mobile_developer,0,3,2,2,1,1,0,0,2,0,1,2,1,0,0,1,1,1,0,0,0,1,0,0,1,1,data_scientist,,-0.0447,2,1,1,1,1,2,3,1,1,1,1,1
SYN-C3-0526,4,software_engineer,2,1,1,2,2,1,2,0,2,0,0,0,1,0,0,0,0,1,0,1,1,1,0,0,0,2,software_engineer,,-0.4264,3,2,2,2,0,2,1,0,1,0,0,1
SYN-C3-0527,4,mobile_developer|network_engineer,0,1,2,2,1,1,0,0,2,1,2,0,2,0,0,0,2,2,1,1,1,2,0,1,0,3,data_analyst,network_engineer,-0.1071,2,2,1,1,1,3,2,2,2,3,2,2
SYN-C3-0528,3,software_engineer,1,1,1,0,3,1,1,0,3,1,0,0,2,0,0,1,0,0,1,2,1,2,0,0,0,3,software_engineer,qa_engineer,-0.5998,3,3,1,2,1,2,1,1,2,0,0,2
SYN-C3-0529,4,data_scientist,0,2,1,2,2,3,0,1,2,0,2,2,2,1,1,1,1,1,2,1,1,1,1,1,0,2,data_scientist,,0.2918,2,2,3,2,2,3,3,2,2,2,3,1
SYN-C3-0530,4,cybersecurity_analyst,0,1,1,2,1,0,1,0,3,1,2,1,1,0,0,0,0,1,0,0,0,0,0,0,0,1,data_analyst,,-0.8084,1,1,0,0,0,3,2,0,0,0,0,0
SYN-C3-0531,4,ui_ux_designer|qa_engineer,1,1,1,0,1,2,0,1,2,0,0,1,1,0,2,0,0,1,0,2,1,2,2,1,1,3,ui_ux_designer,qa_engineer,0.2369,2,3,2,2,1,3,1,2,3,0,0,3
SYN-C3-0532,3,mobile_developer,1,1,1,2,2,2,1,2,1,0,1,0,1,2,2,2,2,2,1,1,0,1,0,1,1,2,devops_engineer,,0.486,3,2,2,2,3,2,2,2,2,3,3,2
SYN-C3-0533,4,data_scientist,2,3,1,2,2,2,1,1,3,1,2,2,2,2,0,1,1,0,0,1,1,1,1,0,1,3,data_scientist,,0.8481,3,2,2,3,2,3,3,3,2,1,1,2
SYN-C3-0534,3,data_analyst,0,1,1,2,1,1,1,0,2,1,2,1,1,0,1,0,0,0,0,0,0,2,0,1,0,3,data_analyst,,0.178,2,1,1,1,0,3,2,2,2,0,0,3
SYN-C3-0535,4,network_engineer,1,1,0,2,2,1,0,0,2,1,1,1,1,1,1,0,1,3,1,1,1,1,1,2,1,3,network_engineer,,0.3819,2,2,2,2,2,3,2,3,3,3,3,3
SYN-C3-0536,3,ui_ux_designer|mobile_developer,2,1,1,2,2,2,1,2,2,1,1,1,2,0,0,1,2,2,1,1,0,2,3,2,0,3,ui_ux_designer,mobile_developer,1.9591,3,2,3,3,2,3,2,3,3,2,3,3
SYN-C3-0537,4,data_scientist,1,3,2,0,2,1,0,1,3,0,1,3,1,1,0,1,1,1,0,0,1,0,0,1,0,3,data_scientist,,-0.4003,2,2,1,1,2,2,3,1,2,1,1,0
SYN-C3-0538,4,business_analyst|network_engineer,1,0,0,2,1,1,0,0,1,1,0,1,1,1,1,1,0,2,1,1,1,2,0,3,0,3,business_analyst,network_engineer,-0.4415,2,2,1,1,1,1,1,3,2,3,2,2
SYN-C3-0539,3,devops_engineer,1,2,1,1,1,0,0,0,0,0,0,0,0,1,1,1,2,0,0,0,0,0,0,1,0,2,devops_engineer,,-1.3132,1,1,0,0,2,1,1,0,1,1,1,1
SYN-C3-0540,4,frontend_engineer,3,2,3,0,3,2,2,0,2,0,0,1,0,2,0,0,1,2,0,0,0,1,2,1,1,3,frontend_engineer,business_analyst,-0.1094,2,2,3,2,1,2,1,2,3,1,2,1
SYN-C3-0541,3,business_analyst,1,0,1,2,0,2,0,1,2,0,1,0,1,0,1,1,1,0,0,2,1,2,1,3,2,2,business_analyst,,0.8627,2,3,2,2,0,1,1,3,3,0,0,3
SYN-C3-0542,4,devops_engineer,0,2,0,1,1,1,0,1,1,0,0,0,0,1,3,1,2,1,2,0,0,1,0,0,0,2,devops_engineer,,-0.4765,1,1,1,1,3,1,1,1,1,2,3,0
SYN-C3-0543,3,cybersecurity_analyst,1,2,1,1,1,0,0,1,2,0,0,1,0,1,0,0,0,3,2,0,0,0,0,0,0,1,cybersecurity_analyst,mobile_developer,-0.3358,0,1,0,1,1,1,1,0,0,2,3,0
SYN-C3-0544,4,data_analyst,2,2,1,2,1,1,0,0,3,0,1,1,2,0,0,2,0,1,0,2,1,1,0,2,0,3,data_analyst,,0.7362,2,2,1,1,1,3,2,2,2,0,1,2
SYN-C3-0545,3,qa_engineer|software_engineer,3,0,2,2,2,2,2,1,2,0,1,1,0,1,1,0,1,2,0,2,3,2,1,0,1,3,qa_engineer,software_engineer,1.0927,3,3,3,2,1,1,2,3,2,2,2,3
SYN-C3-0546,3,cybersecurity_analyst,1,1,1,1,0,0,0,0,0,0,0,0,1,0,0,0,1,1,1,0,0,1,0,0,0,1,cybersecurity_analyst,,-1.1354,1,0,0,0,0,0,0,0,0,1,2,0
SYN-C3-0547,4,software_engineer,3,0,1,1,1,0,2,0,1,1,0,0,1,0,1,0,0,0,0,0,0,0,0,1,0,1,software_engineer,,-1.9086,2,1,0,1,0,1,0,0,1,0,0,0
SYN-C3-0548,4,software_engineer,3,0,1,2,3,2,2,0,2,1,0,0,1,1,1,0,1,1,0,1,0,1,0,1,0,1,software_engineer,,-0.5331,3,2,2,2,1,1,1,0,2,1,1,0
SYN-C3-0549,4,software_engineer,2,1,1,3,2,1,2,1,2,1,1,1,1,1,0,1,1,1,0,1,0,2,1,1,1,2,software_engineer,,0.2793,3,3,2,3,2,3,2,3,2,1,2,3
SYN-C3-0550,3,software_engineer,1,0,0,1,0,1,1,0,0,0,0,0,0,0,0,0,0,0,0,0,0,0,0,0,0,1,software_engineer,,-2.9011,0,0,1,0,0,0,0,0,0,0,0,0
SYN-C3-0551,3,software_engineer,3,0,1,2,1,0,1,1,3,0,0,0,1,0,1,1,2,0,0,0,0,1,0,0,0,2,software_engineer,,-0.3225,2,2,1,2,1,1,1,0,1,1,0,0
SYN-C3-0552,4,data_analyst,2,1,2,1,1,1,2,3,1,1,1,1,1,0,0,1,0,1,1,0,1,2,1,1,0,2,mobile_developer,,-0.672,2,2,3,3,1,2,1,2,3,1,1,2
SYN-C3-0553,4,mobile_developer,3,0,2,1,2,1,1,2,3,0,1,1,1,2,1,1,0,1,1,1,0,1,1,0,0,1,mobile_developer,,0.5088,3,2,2,3,2,1,1,1,2,1,1,0
SYN-C3-0554,3,software_engineer,1,1,0,1,1,0,0,0,2,0,1,1,0,1,0,1,1,1,0,1,0,0,0,1,0,2,data_scientist,,-0.9004,1,2,0,0,1,2,2,1,0,1,2,1
SYN-C3-0555,4,frontend_engineer,1,1,3,1,2,3,1,0,1,1,1,1,1,1,0,0,1,1,1,2,1,2,2,0,0,3,frontend_engineer,,0.7658,2,2,3,2,1,2,1,2,3,1,2,1
SYN-C3-0556,3,devops_engineer,0,1,0,1,2,1,0,1,1,0,1,1,1,1,2,2,2,2,2,1,1,1,2,0,0,3,devops_engineer,,1.235,1,2,1,2,3,2,2,2,3,3,3,1
SYN-C3-0557,4,cybersecurity_analyst,3,1,3,3,3,2,1,0,2,1,0,1,0,2,2,1,1,1,1,1,1,2,1,0,1,2,software_engineer,,0.7908,3,3,3,3,3,2,1,2,2,2,2,2
SYN-C3-0558,3,devops_engineer|cybersecurity_analyst,2,2,1,0,3,1,0,0,1,0,0,1,0,2,2,3,2,2,2,0,1,0,0,0,0,2,devops_engineer,cybersecurity_analyst,0.9483,1,2,0,1,3,1,1,0,1,3,3,0
SYN-C3-0559,3,ui_ux_designer,0,1,3,1,3,3,2,0,2,0,1,1,0,0,1,0,1,0,0,1,1,0,3,1,0,2,frontend_engineer,,0.8487,2,1,3,1,1,2,1,1,3,0,1,1
SYN-C3-0560,3,data_scientist,3,0,2,2,2,2,2,0,2,1,0,1,1,0,0,0,1,1,0,1,0,2,1,1,0,2,software_engineer,ui_ux_designer,0.0356,3,2,3,3,0,2,1,2,3,1,1,2
SYN-C3-0561,4,network_engineer,1,1,0,2,1,1,1,2,1,0,0,0,2,0,0,0,0,2,1,0,0,1,1,0,1,0,network_engineer,mobile_developer,-0.8959,1,0,1,2,0,1,1,0,0,1,2,0
SYN-C3-0562,4,business_analyst,1,0,1,2,2,2,1,0,1,1,0,0,1,0,1,1,0,1,0,1,0,1,0,1,0,2,software_engineer,,-1.605,3,2,2,2,1,1,0,0,2,1,0,1
SYN-C3-0563,3,business_analyst|devops_engineer,2,1,0,0,3,0,0,1,2,0,1,0,0,1,1,0,2,1,1,1,0,1,2,2,0,3,business_analyst,devops_engineer,-0.2519,2,2,0,2,3,2,1,3,3,2,2,1
SYN-C3-0564,4,business_analyst,1,0,2,1,1,1,2,0,1,1,1,1,2,1,1,0,1,1,0,1,0,2,0,2,1,3,business_analyst,,-0.1751,2,2,1,1,1,2,1,3,3,1,2,3
SYN-C3-0565,3,business_analyst,1,1,0,1,2,1,0,0,3,0,0,0,0,0,0,1,1,1,0,1,0,3,1,2,1,3,business_analyst,devops_engineer,-0.2493,1,2,2,1,1,2,0,3,2,1,1,3
SYN-C3-0566,3,data_scientist,3,3,1,1,2,1,1,1,3,2,1,3,1,1,1,1,1,1,2,1,0,2,1,2,1,1,data_scientist,,1.3747,2,2,2,3,2,2,3,3,2,2,2,3
SYN-C3-0567,3,network_engineer|data_scientist,2,1,2,3,0,1,1,1,1,1,2,0,2,2,0,0,1,1,2,1,0,2,1,1,1,3,network_engineer,data_scientist,2.1498,2,2,2,3,1,3,2,3,3,3,3,3
SYN-C3-0568,4,frontend_engineer|network_engineer,1,0,3,2,2,3,0,0,0,1,1,1,2,0,0,1,1,1,2,2,1,1,1,1,0,3,frontend_engineer,network_engineer,0.433,2,2,3,2,1,1,1,2,2,2,1,2
SYN-C3-0569,3,cybersecurity_analyst,1,0,2,1,2,1,1,1,2,0,2,1,3,0,0,1,1,1,0,1,1,2,1,1,2,3,project_coordinator,,1.1515,3,3,2,3,1,3,2,3,2,1,0,3
SYN-C3-0570,4,software_engineer,3,1,3,2,2,2,3,1,3,1,2,1,2,0,1,1,1,2,1,2,1,2,1,3,1,3,software_engineer,business_analyst,1.7232,3,3,3,3,1,3,2,3,3,2,2,3
SYN-C3-0571,4,project_coordinator,2,1,1,1,1,0,1,0,2,1,1,1,0,1,0,1,1,2,1,0,0,3,0,0,2,3,project_coordinator,,0.7098,2,2,1,2,1,2,1,2,1,2,3,3
SYN-C3-0572,3,data_scientist,2,3,1,2,2,1,1,0,2,0,1,3,2,2,1,1,0,1,1,1,1,2,1,0,0,3,data_scientist,,1.6461,3,2,3,2,2,3,3,2,2,1,2,2
SYN-C3-0573,3,ui_ux_designer,0,0,1,1,0,1,1,0,1,1,2,0,0,0,0,0,0,1,0,0,0,2,2,1,0,1,ui_ux_designer,,-0.5099,0,0,1,1,0,1,0,2,3,0,0,1
SYN-C3-0574,3,cybersecurity_analyst|business_analyst,0,2,0,2,0,0,0,0,1,0,0,0,1,0,0,0,1,1,1,0,0,0,0,0,1,2,cybersecurity_analyst,business_analyst,-1.2415,0,0,0,0,0,1,1,1,0,2,2,1
SYN-C3-0575,4,network_engineer|devops_engineer,2,1,1,2,2,1,2,1,2,2,0,0,0,1,3,1,1,2,1,1,0,1,0,1,0,3,software_engineer,devops_engineer,-0.2505,3,2,2,2,3,2,1,1,2,2,2,2
SYN-C3-0576,4,data_scientist,0,1,0,1,1,0,1,0,1,0,1,2,2,1,0,0,1,0,0,1,1,0,0,0,0,2,data_scientist,,-1.0029,1,1,0,0,1,2,3,1,0,1,1,1
SYN-C3-0577,3,business_analyst|software_engineer,2,3,2,2,2,1,1,0,1,1,1,1,1,0,1,1,1,0,0,1,0,3,0,2,1,3,business_analyst,software_engineer,0.6212,3,2,2,2,1,2,2,3,2,1,0,3
SYN-C3-0578,3,software_engineer|devops_engineer,3,2,2,2,3,2,1,1,3,1,1,1,2,2,3,2,2,2,0,2,1,2,1,1,1,3,software_engineer,devops_engineer,2.471,3,3,3,3,3,3,3,3,3,2,3,3
SYN-C3-0579,4,frontend_engineer|data_analyst,1,1,3,1,0,2,0,0,1,1,1,1,2,0,0,0,0,0,1,1,0,0,1,1,0,1,frontend_engineer,data_analyst,-0.1573,1,1,2,1,0,2,1,1,1,0,0,1
SYN-C3-0580,4,data_scientist|project_coordinator,0,2,0,1,2,1,0,0,2,1,2,2,2,0,0,0,0,1,1,0,0,1,0,1,0,3,data_scientist,project_coordinator,-0.7008,1,1,1,1,1,3,3,2,2,1,1,2
SYN-C3-0581,3,ui_ux_designer,0,1,1,1,1,2,0,0,2,0,0,0,1,0,0,0,1,1,0,1,0,2,1,0,0,2,ui_ux_designer,,-0.0056,1,2,2,1,1,3,1,1,3,1,1,1
SYN-C3-0582,4,qa_engineer|ui_ux_designer,2,2,2,2,0,1,0,0,3,0,3,1,1,0,1,1,0,0,0,1,0,1,2,0,0,2,data_analyst,ui_ux_designer,-0.6492,2,1,2,1,0,3,2,2,3,0,0,1
SYN-C3-0583,3,network_engineer|business_analyst,1,1,0,3,0,0,1,0,1,0,0,0,0,1,0,0,1,3,1,1,0,0,2,1,0,3,network_engineer,business_analyst,-0.897,1,1,1,0,1,1,0,2,1,3,3,1
SYN-C3-0584,3,qa_engineer,1,0,0,0,2,0,0,0,1,0,0,0,1,0,1,0,1,0,1,2,0,0,0,0,0,1,qa_engineer,,-1.6277,0,2,0,0,0,0,0,0,0,0,0,0
SYN-C3-0585,4,frontend_engineer,1,0,1,1,1,2,0,0,0,0,0,0,1,0,0,1,0,0,0,0,1,1,0,1,0,1,frontend_engineer,project_coordinator,-2.3528,0,1,2,0,0,0,0,0,1,0,0,1
SYN-C3-0586,3,cybersecurity_analyst|devops_engineer,1,0,0,0,0,0,1,0,1,0,0,1,0,0,0,0,1,3,1,0,0,0,0,0,0,1,cybersecurity_analyst,devops_engineer,-1.5039,0,0,0,0,0,0,0,0,0,1,2,0
SYN-C3-0587,3,data_scientist|data_analyst,1,2,1,2,2,2,0,1,3,0,2,2,2,0,0,0,0,1,0,1,0,1,0,1,0,3,data_scientist,data_analyst,0.2411,2,2,1,1,0,3,3,1,2,0,1,2
SYN-C3-0588,4,devops_engineer,1,1,1,1,3,2,0,0,1,0,1,1,0,1,2,2,2,2,1,1,0,1,1,1,1,3,devops_engineer,ui_ux_designer,1.1698,2,1,3,2,3,2,1,3,3,3,3,3
SYN-C3-0589,3,devops_engineer,1,1,1,2,1,1,0,0,3,2,0,0,0,1,1,1,3,1,1,0,0,0,0,0,1,1,devops_engineer,mobile_developer,-0.1002,1,1,0,1,2,1,1,0,0,2,2,0
SYN-C3-0590,3,data_scientist,0,2,0,1,1,0,0,1,2,0,1,2,1,0,0,1,0,0,0,0,0,1,0,0,0,1,data_scientist,,-0.4204,0,0,0,1,0,2,2,1,0,0,0,0
SYN-C3-0591,3,business_analyst,2,0,1,1,0,0,0,0,1,1,0,0,0,1,1,1,1,1,0,2,0,2,0,2,0,3,business_analyst,devops_engineer,0.2457,2,2,0,1,1,0,0,3,1,2,1,2
SYN-C3-0592,4,qa_engineer,3,1,2,1,2,1,1,1,3,2,1,0,1,1,0,0,0,1,1,1,1,3,1,2,0,3,qa_engineer,,0.7499,2,3,3,3,1,2,1,3,2,2,2,3
SYN-C3-0593,4,business_analyst,1,1,1,1,2,1,0,0,2,0,1,0,1,1,1,0,0,1,2,1,1,1,0,2,1,3,business_analyst,,0.6307,2,2,1,1,1,2,1,3,2,2,2,3
SYN-C3-0594,3,mobile_developer,2,2,1,0,1,1,0,3,2,1,0,1,0,0,1,1,0,0,0,1,0,1,0,0,0,1,mobile_developer,,-0.0173,2,1,1,2,0,1,1,0,1,0,0,0
SYN-C3-0595,3,frontend_engineer,1,2,2,3,2,2,1,0,1,0,0,1,2,1,1,0,1,0,0,1,1,0,1,0,0,2,frontend_engineer,,0.3349,2,2,3,2,1,3,2,1,1,1,1,0
SYN-C3-0596,4,software_engineer,3,0,2,2,1,1,0,1,2,0,1,0,0,0,1,0,1,0,0,1,0,0,0,0,1,1,software_engineer,,-1.7311,2,2,1,1,0,1,1,1,0,0,0,0
SYN-C3-0597,4,cybersecurity_analyst,2,0,2,2,1,2,1,1,3,0,0,0,1,1,1,1,2,1,0,0,1,2,1,1,1,3,software_engineer,,0.1761,3,2,3,2,2,1,1,2,3,2,2,2
SYN-C3-0598,3,ui_ux_designer,0,0,1,0,1,1,0,0,0,0,0,0,0,1,0,1,0,1,0,0,0,1,1,1,0,2,ui_ux_designer,,-0.5162,1,1,1,1,1,0,0,1,3,1,1,1
SYN-C3-0599,4,software_engineer,3,0,3,1,1,1,1,1,3,1,0,1,0,1,1,0,2,1,0,0,0,1,0,0,0,2,software_engineer,,-0.6409,3,2,2,3,1,1,0,0,2,2,2,0
SYN-C3-0600,4,cybersecurity_analyst|project_coordinator,2,0,1,2,1,1,0,1,0,1,0,1,0,1,0,0,1,3,2,1,1,1,1,0,1,2,cybersecurity_analyst,project_coordinator,-0.54,2,2,2,2,1,0,0,1,2,3,3,1
SYN-C3-0601,4,network_engineer,1,0,0,2,2,2,0,1,3,1,0,1,1,2,1,0,2,2,1,3,1,1,1,1,1,3,network_engineer,qa_engineer,1.1485,2,3,2,2,2,2,1,2,2,3,3,2
SYN-C3-0602,4,network_engineer,3,2,3,1,2,1,1,1,3,0,1,1,1,2,1,2,0,1,0,2,3,3,1,2,1,3,qa_engineer,frontend_engineer,2.0393,3,3,3,3,2,3,2,3,3,1,1,3
SYN-C3-0603,3,ui_ux_designer,1,1,2,1,0,1,0,1,0,0,0,0,1,0,0,0,0,1,0,1,0,2,0,1,0,3,ui_ux_designer,,0.303,1,1,1,1,0,1,0,1,3,0,1,2
SYN-C3-0604,3,project_coordinator,0,1,0,1,1,1,0,0,2,0,0,0,0,0,0,0,0,2,1,0,0,1,1,1,0,3,project_coordinator,cybersecurity_analyst,-1.3511,1,1,1,1,1,2,0,1,2,1,2,2
SYN-C3-0605,3,software_engineer|project_coordinator,2,0,2,2,1,0,2,0,3,1,1,0,1,1,0,0,0,1,0,0,0,1,0,0,0,3,software_engineer,project_coordinator,-0.5171,3,1,2,2,0,2,1,2,1,1,1,2
SYN-C3-0606,3,devops_engineer|project_coordinator,0,0,0,0,1,0,0,0,0,0,0,0,0,1,0,1,1,0,1,0,0,2,0,0,0,3,devops_engineer,project_coordinator,-1.5153,0,1,0,0,1,0,0,1,1,1,1,1
SYN-C3-0607,4,software_engineer,3,0,2,2,2,1,1,0,1,0,0,0,0,1,0,0,1,0,1,0,0,2,0,0,0,2,software_engineer,,-1.6121,3,2,2,2,1,0,0,1,2,1,2,1
SYN-C3-0608,3,network_engineer,1,1,1,1,1,1,1,1,2,0,1,2,2,1,0,0,0,1,0,0,1,1,0,0,0,1,data_scientist,,0.2886,1,1,2,1,0,2,3,1,1,1,1,0
SYN-C3-0609,3,data_analyst|mobile_developer,1,0,0,0,0,0,0,0,2,0,2,0,1,0,0,0,0,0,0,0,0,0,0,1,0,2,data_analyst,mobile_developer,-1.9881,0,1,0,1,0,3,0,1,1,0,0,1
SYN-C3-0610,4,frontend_engineer,3,2,1,2,2,2,3,0,3,0,1,0,1,2,2,0,1,2,1,1,0,3,2,1,1,3,software_engineer,,1.0291,3,2,3,2,2,3,2,3,3,2,3,3
SYN-C3-0611,3,project_coordinator,1,0,0,1,0,0,0,0,0,0,0,0,0,0,0,0,0,0,0,0,0,2,1,1,0,3,project_coordinator,business_analyst,-1.3215,0,0,0,0,0,0,0,2,2,0,0,3
SYN-C3-0612,3,business_analyst,2,1,2,2,0,2,1,0,1,1,0,2,1,1,1,1,1,1,0,2,0,3,1,3,0,2,business_analyst,,1.8266,3,2,2,3,1,2,1,3,3,2,2,2
SYN-C3-0613,4,software_engineer,2,0,2,2,3,2,1,0,3,1,0,1,1,2,0,0,1,1,0,0,0,2,0,1,0,2,software_engineer,,-0.1472,3,2,2,2,2,1,2,1,2,2,1,1
SYN-C3-0614,4,software_engineer,3,1,3,1,2,1,2,0,3,1,0,1,1,2,1,1,0,0,2,1,1,1,0,0,0,3,software_engineer,qa_engineer,-0.2478,3,3,3,3,1,2,2,1,2,1,1,1
SYN-C3-0615,4,software_engineer,3,2,0,2,2,1,3,1,2,1,2,0,2,2,1,2,1,2,2,1,0,1,0,1,1,3,software_engineer,,1.3555,3,2,1,2,3,3,3,2,2,3,3,3
SYN-C3-0616,3,frontend_engineer,2,0,1,2,2,1,1,2,2,1,0,0,1,1,0,0,1,0,1,1,1,3,1,0,0,3,frontend_engineer,mobile_developer,0.3446,3,2,3,3,1,1,1,2,2,1,1,2
SYN-C3-0617,3,frontend_engineer,3,1,1,1,2,2,2,0,3,0,1,0,2,2,2,1,3,2,1,2,0,1,1,0,1,3,software_engineer,devops_engineer,0.5547,3,2,2,2,3,3,3,2,2,3,3,2
SYN-C3-0618,3,software_engineer,1,0,1,0,2,1,2,0,2,1,0,0,1,0,1,1,0,1,0,2,0,2,0,0,0,2,software_engineer,,-0.2274,3,3,2,2,1,1,1,2,1,0,0,1
SYN-C3-0619,4,devops_engineer|project_coordinator,1,1,2,3,2,1,1,0,2,0,2,1,2,1,1,3,2,1,1,1,1,3,1,2,2,3,devops_engineer,project_coordinator,1.14,3,3,3,2,3,3,2,3,3,2,2,3
SYN-C3-0620,3,business_analyst|frontend_engineer,3,1,1,2,2,1,0,0,1,1,0,0,0,0,0,0,0,0,0,1,0,1,0,0,0,1,software_engineer,frontend_engineer,-1.4463,2,1,2,1,0,0,0,0,1,0,0,0
SYN-C3-0621,3,software_engineer|mobile_developer,2,0,2,2,3,2,1,1,1,2,0,0,0,0,0,0,0,1,0,0,0,2,0,1,1,1,software_engineer,mobile_developer,-0.1278,3,1,2,3,1,0,0,1,2,0,0,2
SYN-C3-0622,4,software_engineer,3,1,2,3,2,2,2,2,2,2,1,1,2,2,1,2,1,1,0,1,1,2,2,2,1,2,software_engineer,,1.1502,3,3,3,3,2,3,2,3,3,1,1,2
SYN-C3-0623,3,network_engineer,0,0,1,1,1,1,0,0,1,1,0,0,0,1,0,1,1,2,0,0,0,1,0,0,0,0,network_engineer,,-0.558,1,0,0,0,0,0,0,0,1,2,1,0
SYN-C3-0624,3,software_engineer,3,0,1,2,2,1,2,0,2,1,0,0,0,1,0,1,1,0,1,1,0,2,1,0,0,2,software_engineer,,0.1401,3,2,2,3,1,1,1,1,2,1,1,1
SYN-C3-0625,4,ui_ux_designer,1,1,2,1,1,2,2,0,0,0,0,0,0,0,0,1,1,2,1,1,0,3,2,1,1,3,ui_ux_designer,,0.7201,2,2,3,1,1,1,0,2,3,2,2,3
SYN-C3-0626,3,business_analyst,0,1,1,2,1,1,0,1,1,0,1,0,0,0,0,0,1,0,0,2,0,2,0,2,1,2,business_analyst,,0.4507,1,2,2,1,0,2,1,3,2,0,1,3
SYN-C3-0627,3,software_engineer,3,0,1,1,2,2,1,0,2,1,0,0,0,1,0,0,0,1,0,0,0,0,0,0,0,2,software_engineer,,-1.2311,3,1,2,2,1,1,0,0,1,1,1,0
SYN-C3-0628,3,data_scientist,1,2,1,2,1,1,0,0,2,0,2,1,1,0,0,0,0,0,0,0,0,0,0,0,0,1,data_scientist,software_engineer,-1.754,1,0,0,0,0,2,2,0,1,0,0,0
SYN-C3-0629,3,frontend_engineer,0,0,2,1,1,2,0,0,0,0,0,0,0,0,0,0,0,0,0,0,0,1,0,0,0,1,frontend_engineer,,-2.4071,1,0,2,0,0,0,0,0,1,0,0,0
SYN-C3-0630,4,qa_engineer,1,1,2,1,1,1,0,0,1,0,0,0,0,1,0,1,0,1,0,1,1,1,1,1,0,2,qa_engineer,,-0.6548,1,3,2,2,1,2,1,2,3,1,1,1
SYN-C3-0631,4,data_scientist,1,2,0,0,1,0,0,1,1,0,1,0,1,0,0,0,0,1,0,0,0,1,0,1,0,1,data_scientist,,-1.7252,0,1,0,0,0,1,1,1,0,0,0,1
SYN-C3-0632,3,frontend_engineer,1,1,2,0,1,3,0,0,1,0,0,0,0,0,0,0,0,1,0,0,1,1,1,0,0,1,frontend_engineer,,-0.6533,1,1,3,1,0,1,0,0,2,0,0,0
SYN-C3-0633,3,project_coordinator,1,0,0,2,0,0,0,1,1,1,1,1,2,2,1,0,0,2,0,1,0,2,0,0,1,3,project_coordinator,,0.3463,2,2,0,1,1,2,1,3,1,1,1,3
SYN-C3-0634,4,software_engineer|project_coordinator,3,0,1,2,2,1,2,0,2,2,1,0,1,2,1,1,1,1,0,1,1,2,0,2,2,3,software_engineer,project_coordinator,-0.137,3,3,2,2,2,2,1,3,2,2,1,3
SYN-C3-0635,4,business_analyst,2,1,0,2,1,1,0,2,1,1,2,0,1,0,1,1,1,3,0,2,1,2,2,1,1,2,business_analyst,,0.6127,2,3,1,2,1,2,2,3,3,3,2,3
SYN-C3-0636,4,qa_engineer,3,2,1,2,2,2,0,1,2,1,1,1,1,2,3,2,1,2,1,3,3,2,2,3,2,3,qa_engineer,,2.9955,3,3,2,3,3,3,2,3,3,2,2,3
SYN-C3-0637,3,business_analyst|cybersecurity_analyst,1,0,0,0,0,0,0,0,0,0,0,0,0,0,0,0,1,3,2,0,0,0,0,0,0,2,network_engineer,cybersecurity_analyst,-2.1821,0,0,0,0,0,0,0,0,0,3,2,0
SYN-C3-0638,3,software_engineer|qa_engineer,3,2,2,1,2,2,1,0,3,1,0,0,1,1,1,1,2,2,2,2,1,1,0,1,1,3,software_engineer,qa_engineer,0.537,3,3,2,3,2,2,1,2,2,3,3,2
SYN-C3-0639,3,software_engineer|data_analyst,3,1,2,2,2,1,2,1,3,1,1,2,0,1,2,1,2,1,1,1,0,2,0,1,2,3,software_engineer,data_analyst,2.3127,3,3,2,3,2,3,2,3,2,2,2,3
SYN-C3-0640,3,data_scientist,2,1,0,2,0,1,0,0,3,0,1,2,2,1,0,1,0,0,0,0,1,0,0,0,0,3,data_scientist,,0.1437,1,1,0,0,0,2,3,1,1,0,1,1
SYN-C3-0641,3,software_engineer|qa_engineer,3,1,2,2,3,2,2,1,3,0,0,1,1,1,1,1,1,1,0,2,3,1,1,1,1,2,software_engineer,qa_engineer,0.8934,3,3,3,2,2,2,2,2,2,2,2,2
SYN-C3-0642,3,frontend_engineer,1,0,1,1,1,1,0,1,2,0,0,0,0,1,1,0,1,1,1,1,0,2,2,1,0,2,ui_ux_designer,,0.6814,2,3,1,1,1,2,1,2,3,2,2,2
SYN-C3-0643,3,cybersecurity_analyst|data_scientist,2,0,1,1,1,1,1,0,1,0,1,1,1,1,2,2,2,1,1,0,0,2,1,0,0,3,devops_engineer,data_scientist,0.0021,2,2,2,2,2,1,2,2,2,2,2,2
SYN-C3-0644,4,project_coordinator,1,1,0,2,2,2,1,1,1,1,1,1,1,1,2,1,1,2,2,1,1,3,1,1,2,3,project_coordinator,,1.2369,3,2,3,2,2,2,2,3,2,3,3,3
SYN-C3-0645,3,business_analyst,1,0,1,1,1,1,1,1,2,0,0,1,2,1,0,2,0,0,0,1,1,2,1,2,0,2,business_analyst,,0.9483,2,2,2,2,0,2,2,3,3,1,1,1
SYN-C3-0646,3,devops_engineer,1,0,0,0,0,0,0,0,0,0,0,1,0,0,0,0,0,1,0,1,0,0,0,0,0,2,qa_engineer,,-1.9001,0,1,0,0,0,0,0,0,0,0,0,0
SYN-C3-0647,4,software_engineer,2,1,2,3,1,1,2,1,3,2,1,1,1,1,0,1,0,1,0,1,0,1,1,1,1,2,software_engineer,,0.2631,3,2,2,3,1,3,2,2,2,1,1,2
SYN-C3-0648,3,qa_engineer,1,1,0,2,0,1,1,1,2,0,0,0,1,0,1,1,0,0,0,2,2,2,0,0,0,2,qa_engineer,,1.0224,2,3,1,1,0,1,1,1,2,0,0,1
SYN-C3-0649,4,data_analyst,1,1,1,1,1,1,0,0,3,0,1,0,2,0,0,0,0,1,1,1,0,2,1,1,1,2,data_analyst,ui_ux_designer,-1.3324,1,2,1,1,0,3,2,2,3,1,1,3
SYN-C3-0650,4,software_engineer,3,1,2,2,2,2,1,0,2,1,0,0,0,1,0,0,1,0,1,0,0,1,0,0,0,3,software_engineer,,0.0853,3,1,2,3,2,1,1,1,2,1,1,1
SYN-C3-0651,4,software_engineer,2,1,2,3,3,2,2,0,3,0,1,0,1,0,1,0,1,1,0,0,1,2,0,1,0,2,software_engineer,,0.3824,3,3,3,2,1,2,1,2,3,1,1,2
SYN-C3-0652,3,software_engineer|cybersecurity_analyst,2,2,1,2,2,1,2,0,3,1,0,2,0,0,0,1,1,2,2,1,0,1,0,0,0,3,software_engineer,cybersecurity_analyst,0.9704,3,2,2,2,2,2,2,1,2,3,3,1
SYN-C3-0653,3,devops_engineer,1,2,2,1,2,1,1,0,1,0,0,0,0,3,2,3,2,1,1,0,1,1,1,2,0,2,devops_engineer,,0.9605,3,3,3,2,3,1,1,1,3,2,2,1
SYN-C3-0654,3,data_scientist|cybersecurity_analyst,3,0,2,1,1,0,2,3,1,1,0,1,1,0,0,0,1,1,1,0,0,2,2,0,1,3,mobile_developer,cybersecurity_analyst,0.7697,2,1,2,3,1,1,0,2,2,1,1,3
SYN-C3-0655,3,cybersecurity_analyst,1,0,0,2,1,1,0,1,2,0,0,0,1,0,0,0,2,2,1,1,0,2,0,1,1,3,cybersecurity_analyst,business_analyst,0.4733,1,2,1,1,1,1,1,3,2,2,3,3
SYN-C3-0656,3,business_analyst,2,1,1,1,0,0,0,0,1,0,1,0,1,0,0,0,0,0,0,1,0,1,0,2,1,2,business_analyst,,-0.458,1,1,0,1,0,2,1,2,1,0,0,2
SYN-C3-0657,3,project_coordinator,1,1,1,1,1,2,0,0,2,0,2,1,2,0,1,0,1,1,0,0,0,0,0,1,0,2,data_analyst,,-0.0203,1,2,1,1,0,3,2,1,1,1,1,1
SYN-C3-0658,3,data_scientist,0,3,1,2,1,2,0,0,2,0,1,1,3,2,1,1,2,0,0,0,0,0,0,1,0,2,data_scientist,,0.4734,1,1,1,0,2,3,3,1,1,1,2,1
SYN-C3-0659,4,data_scientist|cybersecurity_analyst,1,2,1,2,3,1,1,1,1,0,2,2,2,0,0,0,2,2,2,0,0,0,0,0,0,3,data_scientist,cybersecurity_analyst,-0.2026,2,1,1,2,1,3,3,1,1,3,3,1
SYN-C3-0660,3,data_scientist,3,1,1,2,2,2,3,0,3,0,1,0,0,1,1,0,1,1,1,0,0,2,1,1,0,3,software_engineer,mobile_developer,0.0821,3,2,2,2,2,3,1,2,3,2,2,3
SYN-C3-0661,3,software_engineer|project_coordinator,2,0,0,1,1,0,0,0,1,0,1,0,1,0,1,1,0,1,0,2,2,1,0,0,1,3,qa_engineer,project_coordinator,-0.4661,1,3,0,1,0,1,1,2,0,1,0,2
SYN-C3-0662,4,network_engineer,1,1,2,1,2,3,0,2,1,0,1,1,1,1,2,1,3,3,2,1,1,1,1,1,0,3,network_engineer,frontend_engineer,0.6395,2,2,3,3,3,2,2,2,2,3,3,2
SYN-C3-0663,3,cybersecurity_analyst,0,0,1,1,1,2,0,0,1,0,1,0,1,0,0,1,0,1,0,0,0,1,1,1,0,1,frontend_engineer,,-0.4289,1,0,2,0,0,1,1,1,2,0,0,1
SYN-C3-0664,4,software_engineer,2,0,1,1,3,2,1,0,3,0,0,0,1,1,1,0,0,0,0,0,0,1,0,0,0,2,software_engineer,,-1.1779,3,1,2,2,0,1,1,0,1,0,0,0
SYN-C3-0665,4,network_engineer,2,1,0,1,1,1,2,2,1,0,0,2,1,1,1,0,1,3,3,1,0,1,1,2,1,2,network_engineer,,1.4243,2,2,2,2,1,2,1,2,3,3,3,2
SYN-C3-0666,3,cybersecurity_analyst,1,2,1,1,1,0,0,0,2,0,1,2,1,0,0,0,0,2,1,1,0,1,0,1,0,2,data_scientist,,0.463,1,2,0,1,1,3,2,2,1,1,1,2
SYN-C3-0667,3,mobile_developer,2,0,2,0,2,1,1,1,2,0,0,0,0,0,0,0,1,1,0,1,0,1,1,1,1,1,mobile_developer,,-0.3874,2,1,2,3,0,1,0,1,2,0,0,1
SYN-C3-0668,4,qa_engineer,2,1,1,1,2,2,0,0,3,0,1,0,1,1,1,0,1,0,1,3,3,2,0,1,0,3,qa_engineer,,-0.1834,3,3,2,1,1,3,1,2,2,1,2,2
SYN-C3-0669,4,cybersecurity_analyst,2,2,1,3,0,1,1,0,1,1,1,1,2,2,1,1,2,2,3,0,0,1,1,2,1,3,cybersecurity_analyst,project_coordinator,1.0222,3,1,1,2,2,3,2,2,3,3,3,2
SYN-C3-0670,3,frontend_engineer,1,2,2,2,2,2,0,0,3,0,0,0,0,1,0,0,0,1,0,1,1,1,1,0,0,1,frontend_engineer,software_engineer,-0.7045,2,1,3,1,1,1,1,1,2,1,1,0
SYN-C3-0671,3,data_analyst,1,1,0,1,1,1,0,1,3,0,2,0,2,1,0,2,1,1,0,1,0,0,0,1,1,1,data_analyst,,0.4003,1,0,0,0,1,3,2,1,1,1,1,1
SYN-C3-0672,4,qa_engineer,1,0,0,0,1,0,0,0,1,0,0,0,0,0,0,1,1,1,0,1,1,0,0,1,0,1,qa_engineer,,-1.9751,0,2,0,0,0,0,0,0,0,0,0,0
SYN-C3-0673,4,business_analyst,3,2,1,2,1,2,1,2,2,2,1,0,2,1,0,1,0,1,1,2,0,2,2,3,1,3,business_analyst,,1.678,2,3,2,2,1,3,3,3,3,1,2,3
SYN-C3-0674,4,project_coordinator,2,1,1,1,2,1,1,1,1,0,1,0,1,0,0,1,1,1,0,2,0,3,1,2,2,3,project_coordinator,,1.184,2,3,2,3,1,3,1,3,3,1,1,3
SYN-C3-0675,3,data_scientist,2,2,1,1,1,2,1,0,2,0,1,3,1,0,0,0,0,0,0,0,0,0,0,0,0,2,data_scientist,frontend_engineer,-0.5352,2,1,1,1,0,2,2,1,0,0,0,0
SYN-C3-0676,3,frontend_engineer|ui_ux_designer,0,1,1,1,0,1,0,0,2,0,0,1,1,1,1,1,1,2,2,1,0,0,1,0,0,2,network_engineer,ui_ux_designer,0.4982,1,1,1,0,1,2,1,0,2,3,3,0
SYN-C3-0677,3,network_engineer|software_engineer,1,0,0,1,0,1,0,0,0,0,1,0,0,1,0,0,1,2,0,0,0,0,0,0,0,1,network_engineer,software_engineer,-1.4496,0,0,0,0,0,0,0,0,0,2,1,0
SYN-C3-0678,3,qa_engineer,2,0,1,0,1,1,0,0,1,0,0,0,0,0,1,0,1,1,0,2,1,1,0,0,0,1,qa_engineer,,-0.8563,1,2,1,1,0,0,0,0,1,0,0,0
SYN-C3-0679,3,cybersecurity_analyst,2,2,1,2,1,1,0,2,2,1,1,2,1,1,0,1,3,2,3,0,1,1,1,1,1,3,cybersecurity_analyst,data_scientist,1.3406,2,2,2,3,2,3,3,2,3,3,3,3
SYN-C3-0680,3,data_analyst,1,2,1,2,1,2,1,0,2,1,3,0,3,0,1,0,1,1,0,1,1,1,0,1,1,2,data_analyst,,0.8355,3,2,1,2,1,3,3,2,2,1,2,3
SYN-C3-0681,3,software_engineer|data_analyst,2,0,1,2,1,1,1,1,2,0,1,0,0,0,0,0,0,0,0,1,0,1,0,0,0,2,software_engineer,data_analyst,-1.0122,2,2,1,1,0,2,1,1,2,1,0,0
SYN-C3-0682,3,mobile_developer,2,2,2,1,2,1,1,1,3,0,0,1,0,0,0,0,1,0,0,1,0,2,1,0,0,3,mobile_developer,data_scientist,0.016,2,2,3,3,1,2,1,2,2,1,1,2
SYN-C3-0683,3,data_analyst,1,3,0,1,1,0,0,0,2,0,1,0,2,0,0,0,0,0,0,0,0,1,0,1,0,2,data_analyst,data_scientist,-0.8133,1,1,0,1,0,3,2,1,1,0,0,1
SYN-C3-0684,4,data_scientist|cybersecurity_analyst,1,3,0,1,2,0,0,0,3,1,2,1,2,0,0,1,0,2,1,0,0,0,0,0,1,2,data_scientist,cybersecurity_analyst,0.0018,1,1,0,1,1,3,3,1,0,1,2,1
SYN-C3-0685,4,ui_ux_designer,1,2,2,2,1,2,1,0,2,1,0,2,2,0,0,2,2,2,1,1,1,2,2,2,2,3,ui_ux_designer,,1.1598,3,3,3,2,2,2,2,3,3,2,2,3
SYN-C3-0686,3,data_scientist,1,3,2,3,2,1,0,1,2,1,1,2,3,2,1,2,1,1,1,0,0,2,1,1,1,2,data_scientist,,0.9209,2,2,2,2,2,3,3,3,3,2,2,2
SYN-C3-0687,3,network_engineer,1,0,0,1,1,2,0,0,0,0,0,0,0,2,0,0,1,2,1,0,0,1,0,0,1,2,network_engineer,,0.2413,1,0,1,0,1,0,0,0,1,3,2,1
SYN-C3-0688,3,ui_ux_designer|mobile_developer,2,0,1,2,2,1,0,1,2,0,1,0,1,0,0,0,0,1,0,3,0,3,1,2,2,3,business_analyst,mobile_developer,1.0207,2,3,2,2,0,2,1,3,3,1,0,3
SYN-C3-0689,3,business_analyst|qa_engineer,2,0,1,2,2,1,0,0,2,1,1,1,0,1,0,0,0,2,0,1,0,2,1,3,1,3,business_analyst,qa_engineer,0.5952,2,2,2,2,0,2,1,3,3,1,1,3
SYN-C3-0690,4,network_engineer,1,1,1,2,1,0,0,1,2,1,1,1,1,1,1,0,2,1,0,2,1,1,0,0,0,1,network_engineer,,-0.1288,2,2,1,2,1,2,1,1,0,2,2,1
SYN-C3-0691,3,network_engineer,1,1,1,0,0,2,0,2,2,0,1,1,2,1,1,1,2,2,1,0,0,3,1,1,1,3,network_engineer,business_analyst,0.8684,1,1,1,1,1,3,1,3,3,3,2,3
SYN-C3-0692,3,frontend_engineer,1,1,3,2,2,2,1,1,1,0,0,1,0,0,0,0,1,0,1,2,1,2,1,0,1,2,frontend_engineer,,1.0466,3,2,3,3,1,1,1,2,2,1,2,2
SYN-C3-0693,3,business_analyst,3,0,0,2,1,1,2,2,3,0,0,1,1,0,0,1,2,1,0,1,1,3,1,2,2,3,business_analyst,mobile_developer,0.9672,3,2,2,3,1,1,1,3,2,1,1,3
SYN-C3-0694,3,software_engineer,3,1,1,2,3,3,2,0,3,1,0,1,1,1,1,1,0,1,2,2,1,2,0,1,1,2,software_engineer,,1.3713,3,3,2,2,1,3,2,2,2,2,2,3
SYN-C3-0695,4,business_analyst,1,1,1,2,1,0,0,1,2,0,1,1,2,1,1,0,1,2,1,1,0,3,2,3,1,3,business_analyst,mobile_developer,0.9364,2,2,1,2,1,3,2,3,2,2,3,3
SYN-C3-0696,3,frontend_engineer,1,2,1,2,1,0,0,2,2,0,1,2,3,1,0,1,1,1,0,1,1,0,0,1,0,2,data_scientist,,0.6574,2,2,0,1,1,3,3,1,1,1,2,1
SYN-C3-0697,4,data_analyst,2,1,1,1,0,0,0,0,2,1,2,0,1,0,0,0,0,1,0,0,0,0,0,1,0,2,data_analyst,,-1.264,1,1,0,1,0,3,1,0,0,1,1,1
SYN-C3-0698,4,mobile_developer|ui_ux_designer,3,1,2,1,3,2,1,3,2,1,1,1,1,0,0,1,0,0,1,2,0,2,2,0,2,3,mobile_developer,ui_ux_designer,1.4004,2,2,3,3,1,2,2,2,3,0,1,3
SYN-C3-0699,3,cybersecurity_analyst,3,0,2,2,0,2,0,0,1,0,1,1,3,0,0,0,0,2,0,0,0,1,0,2,0,3,data_analyst,,-0.5175,2,1,1,1,0,3,1,2,2,1,1,2
SYN-C3-0700,4,cybersecurity_analyst,1,1,0,1,0,2,0,0,1,0,1,1,1,2,0,1,1,1,2,1,0,1,0,1,1,2,cybersecurity_analyst,,0.0196,1,1,1,0,1,3,1,2,2,2,3,2
SYN-C3-0701,3,mobile_developer,3,2,0,1,1,0,0,0,3,0,1,3,1,1,0,1,0,1,1,0,0,1,0,1,1,3,data_scientist,,0.0009,1,1,0,1,1,2,3,2,1,1,2,2
SYN-C3-0702,4,cybersecurity_analyst|devops_engineer,2,2,0,2,1,0,0,0,1,0,1,0,0,1,1,1,2,1,1,1,0,0,1,2,0,3,cybersecurity_analyst,devops_engineer,0.417,2,1,1,1,2,2,2,2,1,2,3,1
SYN-C3-0703,4,business_analyst,1,1,2,2,1,1,1,0,1,1,2,1,1,0,1,1,1,2,2,1,0,2,0,2,2,2,business_analyst,,0.5754,2,3,2,2,2,3,2,3,2,2,3,3
SYN-C3-0704,3,software_engineer,3,1,3,2,3,2,1,1,2,1,0,1,0,2,1,0,1,2,1,1,0,1,1,0,0,3,software_engineer,frontend_engineer,0.9732,3,2,3,3,3,2,1,1,2,3,3,1
SYN-C3-0705,4,qa_engineer,2,1,0,1,1,1,1,0,2,0,0,0,1,0,0,1,1,0,0,2,1,1,0,1,0,2,qa_engineer,,-0.2019,2,3,1,1,1,2,1,1,2,0,0,1
SYN-C3-0706,3,project_coordinator,2,0,1,3,1,1,1,1,3,0,1,0,1,1,0,1,1,0,0,0,0,2,0,0,0,2,software_engineer,,0.3065,3,1,1,2,0,2,1,1,2,1,1,2
SYN-C3-0707,4,software_engineer|frontend_engineer,3,1,2,2,2,2,1,0,3,0,0,0,2,1,1,1,0,1,0,1,0,1,0,0,0,2,software_engineer,frontend_engineer,-0.5832,3,2,3,2,2,2,2,1,2,2,1,1
SYN-C3-0708,3,software_engineer|qa_engineer,2,0,1,3,2,2,1,0,2,1,0,1,0,1,1,1,1,0,0,1,1,2,0,0,1,2,software_engineer,qa_engineer,-0.0518,3,3,2,2,1,1,1,1,2,1,1,2
SYN-C3-0709,4,frontend_engineer,2,0,2,1,3,3,0,0,1,0,1,1,1,0,0,1,2,0,1,1,1,2,2,1,0,2,frontend_engineer,,0.1293,2,3,3,2,1,2,1,2,3,1,2,2
SYN-C3-0710,3,business_analyst,3,1,2,3,2,1,2,0,3,1,0,1,1,2,0,1,1,1,0,0,1,1,0,2,2,2,software_engineer,,0.7542,3,2,2,2,2,2,1,1,2,1,2,2
SYN-C3-0711,4,data_scientist|mobile_developer,2,2,2,2,3,2,1,1,3,1,1,2,2,0,1,1,1,1,1,1,1,1,2,1,0,3,data_scientist,mobile_developer,0.9253,3,3,3,3,2,3,3,2,3,1,2,2
SYN-C3-0712,4,network_engineer,2,0,1,2,0,0,0,0,1,0,1,0,1,1,1,0,1,2,2,0,1,1,0,1,0,1,network_engineer,,-0.1307,1,1,0,0,0,1,0,1,1,3,2,1
SYN-C3-0713,4,ui_ux_designer|mobile_developer,3,0,2,1,3,3,1,1,3,0,0,1,1,0,1,0,3,0,0,2,1,2,0,0,0,2,software_engineer,mobile_developer,-0.3542,3,3,3,3,1,2,1,1,1,1,1,1
SYN-C3-0714,4,network_engineer|data_analyst,1,1,0,2,1,0,0,0,2,0,1,0,2,0,0,0,1,3,1,0,0,0,0,0,0,3,network_engineer,data_analyst,-0.631,1,0,0,0,1,3,2,1,0,3,2,0
SYN-C3-0715,3,data_analyst,2,1,0,1,3,1,1,1,3,0,2,0,2,1,0,1,2,1,1,1,2,1,0,2,1,3,data_analyst,qa_engineer,1.1033,2,2,1,2,2,3,3,2,2,2,3,2
SYN-C3-0716,4,devops_engineer,1,1,1,1,2,2,0,1,1,0,2,2,2,1,2,3,2,1,2,1,1,0,1,2,1,3,devops_engineer,,1.5443,2,2,2,1,3,3,2,2,2,3,2,2
SYN-C3-0717,3,qa_engineer|software_engineer,3,1,1,1,2,0,0,0,3,2,0,1,0,0,2,2,1,1,0,2,2,2,1,1,0,3,qa_engineer,software_engineer,0.448,3,3,2,2,3,2,1,2,2,1,1,2
SYN-C3-0718,4,frontend_engineer|qa_engineer,2,2,3,1,3,2,1,1,3,2,1,0,1,1,0,0,2,1,2,1,1,2,2,1,1,3,frontend_engineer,qa_engineer,0.1767,3,3,3,3,2,2,2,3,3,3,3,3
SYN-C3-0719,3,data_analyst,1,2,1,3,1,2,1,0,3,0,3,2,2,1,2,0,0,2,1,1,2,1,1,1,2,3,data_analyst,project_coordinator,2.0739,2,3,2,1,1,3,3,3,3,2,2,3
SYN-C3-0720,4,project_coordinator|cybersecurity_analyst,0,0,1,2,0,0,0,1,0,0,0,0,1,1,1,0,1,1,0,1,0,1,1,1,1,2,project_coordinator,cybersecurity_analyst,-1.1858,1,1,1,1,1,1,0,2,2,1,1,2
SYN-C3-0721,3,frontend_engineer|cybersecurity_analyst,2,0,2,2,1,3,0,1,1,0,1,0,1,1,0,0,1,1,1,1,1,2,2,0,0,3,frontend_engineer,cybersecurity_analyst,0.3432,2,2,3,2,0,1,1,2,3,2,1,2
SYN-C3-0722,4,ui_ux_designer|data_scientist,1,1,2,1,1,2,0,0,2,0,1,0,1,0,0,1,1,0,0,1,1,1,2,1,0,3,ui_ux_designer,data_scientist,0.0222,2,2,3,1,0,2,2,2,3,0,0,2
SYN-C3-0723,3,project_coordinator|data_scientist,0,1,1,2,1,0,0,0,1,1,1,1,1,1,0,0,0,0,0,1,0,1,0,1,2,3,project_coordinator,data_scientist,0.1354,1,2,1,1,1,2,2,2,1,1,1,3
SYN-C3-0724,4,qa_engineer,2,1,1,1,1,2,0,0,2,1,0,0,0,0,0,0,0,0,0,2,1,2,1,1,0,2,qa_engineer,,-0.8397,2,3,2,2,0,2,0,2,3,0,0,2
SYN-C3-0725,3,qa_engineer,2,1,1,0,1,0,0,0,1,0,0,0,0,0,0,0,1,0,0,0,1,1,0,0,0,2,qa_engineer,,-1.2932,1,2,1,1,1,1,0,0,1,0,1,0
SYN-C3-0726,3,qa_engineer,2,0,2,0,1,2,0,0,2,0,1,0,1,1,2,1,1,1,0,1,2,2,0,0,0,3,qa_engineer,,0.8105,2,3,2,1,1,1,2,2,2,1,1,2
SYN-C3-0727,3,data_scientist|data_analyst,1,2,1,2,2,1,2,1,3,1,2,1,3,2,0,1,0,1,0,1,1,2,1,1,1,2,data_scientist,data_analyst,0.8774,3,3,2,2,1,3,3,3,3,1,1,3
SYN-C3-0728,4,software_engineer,1,1,0,0,2,1,1,0,1,0,1,0,0,1,1,2,2,0,0,1,1,1,0,0,0,1,devops_engineer,,-0.4202,1,1,1,1,2,1,1,1,0,0,1,0
SYN-C3-0729,4,qa_engineer,2,0,0,0,1,0,1,0,1,0,0,0,1,1,1,0,1,1,0,1,1,0,0,0,0,3,qa_engineer,,-1.4259,1,2,0,1,1,1,0,0,0,1,1,0
SYN-C3-0730,4,devops_engineer,1,1,2,0,2,1,1,1,1,1,0,1,0,2,1,2,2,2,0,3,0,1,1,1,0,2,devops_engineer,,0.1386,3,3,2,3,3,1,1,1,3,2,2,1
SYN-C3-0731,4,software_engineer,3,2,3,3,3,2,2,1,2,1,1,1,2,1,2,2,0,2,2,2,0,2,0,1,0,3,software_engineer,qa_engineer,2.0288,3,3,3,3,2,3,2,2,2,3,2,3
SYN-C3-0732,4,cybersecurity_analyst,1,0,0,1,0,0,0,0,1,0,0,0,0,1,0,0,0,1,1,0,0,0,0,0,1,1,cybersecurity_analyst,,-1.3209,0,0,0,0,0,0,0,0,0,1,2,0
SYN-C3-0733,3,cybersecurity_analyst,1,1,1,1,1,0,1,1,1,0,0,0,0,0,0,0,2,2,1,1,0,0,0,0,1,2,cybersecurity_analyst,mobile_developer,-0.8445,1,1,0,1,1,1,0,1,0,3,3,0
SYN-C3-0734,4,data_scientist,1,3,1,1,1,1,1,1,3,1,1,2,1,1,0,1,1,1,0,0,1,1,1,1,1,3,data_scientist,,0.2718,2,1,2,2,1,3,3,3,3,1,2,2
SYN-C3-0735,4,network_engineer,1,1,2,3,1,0,1,0,1,0,1,0,2,1,1,1,2,3,2,1,0,1,0,2,1,3,network_engineer,cybersecurity_analyst,1.0382,2,2,1,2,2,3,2,3,1,3,3,3
SYN-C3-0736,3,project_coordinator,1,0,2,1,1,2,0,0,0,0,0,0,1,1,0,0,0,1,0,0,1,3,1,1,1,3,project_coordinator,frontend_engineer,0.0382,1,2,2,1,0,1,1,2,3,1,1,3
SYN-C3-0737,3,devops_engineer|software_engineer,2,2,0,1,3,1,0,1,1,0,0,0,1,1,2,3,3,1,1,1,0,1,1,1,2,2,devops_engineer,software_engineer,0.5461,2,2,1,2,3,2,1,2,3,3,2,3
SYN-C3-0738,4,qa_engineer,1,0,3,2,3,2,1,1,2,1,1,1,0,2,3,3,1,1,2,1,1,2,1,1,0,3,devops_engineer,,0.7638,3,3,3,3,3,2,2,3,2,2,2,3
SYN-C3-0739,3,devops_engineer,1,1,0,0,1,1,0,0,2,0,0,0,1,1,2,2,2,1,1,1,0,1,0,1,1,1,devops_engineer,,0.3764,2,1,0,0,3,1,1,1,1,1,1,1
SYN-C3-0740,3,devops_engineer,1,0,1,0,2,1,0,0,0,0,0,1,1,1,1,1,0,1,0,1,0,0,1,1,0,2,devops_engineer,,0.2734,1,1,1,1,1,0,1,1,2,1,0,0
SYN-C3-0741,4,qa_engineer,3,1,1,2,1,0,1,1,2,0,1,1,0,1,0,1,0,0,1,3,2,3,0,1,0,2,qa_engineer,,0.688,2,3,1,2,1,2,2,2,1,0,1,2
SYN-C3-0742,4,frontend_engineer|software_engineer,2,1,2,3,3,3,2,1,3,1,1,1,3,1,1,1,1,1,1,2,2,3,2,1,1,3,frontend_engineer,software_engineer,1.39,3,3,3,3,2,3,2,3,3,2,2,3
SYN-C3-0743,3,software_engineer,2,1,2,1,1,1,1,0,2,0,1,0,0,0,0,1,1,0,1,1,0,2,0,1,0,2,software_engineer,,0.3147,3,2,1,1,1,2,1,2,2,1,1,2
SYN-C3-0744,4,devops_engineer,2,1,1,2,0,2,0,2,1,1,1,0,1,1,0,0,1,2,1,0,0,2,1,1,1,2,project_coordinator,,0.4999,2,1,2,2,0,2,1,2,2,3,2,3
SYN-C3-0745,3,software_engineer|project_coordinator,2,0,0,1,1,0,1,0,2,0,0,0,1,0,0,0,0,0,0,1,0,2,0,1,1,2,software_engineer,project_coordinator,-1.2908,2,2,1,1,0,2,1,2,1,0,0,3
SYN-C3-0746,4,business_analyst,1,1,0,0,1,0,1,0,2,0,1,0,0,0,1,0,0,1,1,2,0,1,0,2,1,2,business_analyst,,-0.1747,1,2,0,1,1,2,0,3,1,0,1,2
SYN-C3-0747,4,devops_engineer,1,2,0,1,1,0,0,0,1,0,1,0,2,1,2,2,1,1,0,0,0,1,0,0,0,2,devops_engineer,data_scientist,-1.5022,1,2,0,1,3,2,2,1,0,2,2,1
SYN-C3-0748,3,frontend_engineer,0,0,2,1,1,2,0,0,0,0,0,0,0,0,0,0,0,0,0,0,0,1,0,0,0,1,frontend_engineer,,-2.5862,0,1,2,0,0,0,0,0,1,0,0,0
SYN-C3-0749,3,business_analyst,2,1,0,2,0,0,0,1,2,0,0,1,0,2,0,0,1,1,1,1,0,0,1,2,1,2,network_engineer,,-0.0798,1,1,0,1,1,2,1,2,1,2,2,1
SYN-C3-0750,4,frontend_engineer,1,1,2,2,3,2,1,1,2,0,0,0,0,1,1,0,0,1,1,1,1,3,1,0,0,2,frontend_engineer,,0.0427,3,3,3,2,2,2,1,1,2,1,2,1
SYN-C3-0751,3,data_scientist,2,2,0,1,2,1,1,1,1,1,0,1,0,1,2,2,0,2,1,1,0,1,0,0,1,3,devops_engineer,,0.6762,2,1,1,3,3,1,1,2,2,1,2,2
SYN-C3-0752,4,project_coordinator,2,0,0,1,1,0,1,1,2,2,1,0,1,0,1,0,1,0,0,1,0,1,0,1,3,3,project_coordinator,,0.1011,2,2,1,2,0,2,1,2,2,0,0,3
SYN-C3-0753,4,project_coordinator,1,1,1,1,3,1,1,1,2,1,1,0,0,0,1,0,1,1,0,3,2,2,0,1,0,2,qa_engineer,,0.3719,2,3,2,2,1,2,1,2,2,1,2,2
SYN-C3-0754,3,project_coordinator,0,0,0,1,0,0,0,0,1,0,0,0,0,0,0,0,1,0,0,0,0,2,0,2,1,2,project_coordinator,,-1.4843,0,1,0,0,0,1,0,2,1,0,0,3
SYN-C3-0755,3,software_engineer,3,0,3,1,1,1,1,0,3,1,0,0,0,1,0,1,0,1,0,1,0,2,0,1,0,2,software_engineer,,-0.2488,3,2,2,2,1,1,0,2,2,1,1,2
SYN-C3-0756,3,cybersecurity_analyst,2,0,0,1,0,1,0,1,0,0,0,0,0,0,0,0,1,1,2,0,0,1,0,0,0,0,cybersecurity_analyst,,-0.9636,0,0,0,0,0,0,0,0,0,2,2,0
SYN-C3-0757,3,qa_engineer,3,2,2,2,2,1,1,0,2,1,1,1,2,2,0,0,2,2,2,3,3,2,2,1,2,3,qa_engineer,cybersecurity_analyst,2.2497,3,3,3,3,3,3,3,3,3,3,3,3
SYN-C3-0758,3,frontend_engineer,1,2,1,1,0,0,0,0,2,0,2,0,2,0,0,0,0,0,0,0,0,1,0,0,0,2,data_analyst,,-1.4023,1,1,0,0,0,3,2,1,1,0,0,1
SYN-C3-0759,4,project_coordinator,2,1,1,1,0,0,0,0,0,1,0,1,0,0,0,0,0,1,0,0,0,1,0,1,2,3,project_coordinator,,-1.2974,1,0,0,1,0,1,0,1,2,0,0,3
SYN-C3-0760,4,network_engineer,2,1,1,2,1,1,1,0,1,1,0,0,1,1,0,1,1,3,1,1,0,0,1,2,0,2,network_engineer,,-0.3768,2,2,2,2,1,2,1,1,2,3,3,1
SYN-C3-0761,3,frontend_engineer,0,1,2,2,2,1,0,0,0,0,0,0,0,0,0,0,0,1,0,0,1,2,0,0,0,1,frontend_engineer,,-0.7524,1,1,3,0,1,0,0,0,1,0,1,1
SYN-C3-0762,4,frontend_engineer|devops_engineer,2,1,2,2,3,2,2,0,2,1,0,0,1,0,2,1,1,2,1,1,1,2,2,0,1,1,frontend_engineer,devops_engineer,0.7523,3,2,3,2,2,2,1,2,2,1,1,1
SYN-C3-0763,3,qa_engineer|ui_ux_designer,1,0,2,1,0,0,0,0,1,0,1,0,1,1,1,1,3,2,2,1,1,1,2,0,0,2,network_engineer,ui_ux_designer,0.3804,1,1,1,1,1,1,1,2,3,3,3,1
SYN-C3-0764,3,data_scientist,1,3,0,2,1,2,0,0,3,0,1,1,2,1,1,2,0,1,2,0,0,1,1,1,0,1,data_scientist,,0.2299,1,1,1,0,2,2,3,1,2,1,1,1
SYN-C3-0765,3,data_analyst|software_engineer,2,3,1,3,2,2,2,2,3,1,2,1,2,1,1,0,1,2,0,2,1,3,2,2,1,3,data_analyst,software_engineer,2.6877,3,3,3,3,1,3,3,3,3,2,3,3
SYN-C3-0766,3,network_engineer,0,1,0,1,1,0,0,1,2,0,1,0,1,0,0,1,0,2,1,0,0,0,1,0,0,2,network_engineer,data_scientist,-0.9571,0,0,0,1,1,2,1,1,1,2,2,0
SYN-C3-0767,3,qa_engineer|devops_engineer,0,1,0,1,2,0,0,0,2,1,1,0,0,1,1,0,1,1,0,2,0,2,0,1,0,3,qa_engineer,devops_engineer,-0.0683,2,3,0,1,2,2,1,2,1,1,2,3
SYN-C3-0768,3,frontend_engineer,0,0,2,1,2,2,0,0,1,1,0,0,1,0,0,0,1,0,0,1,0,0,0,1,1,1,frontend_engineer,,-0.8004,1,1,2,0,0,1,0,1,1,0,0,0
SYN-C3-0769,4,software_engineer|mobile_developer,3,0,1,1,2,1,1,1,1,1,0,0,0,0,1,0,0,0,0,1,0,2,1,0,1,2,software_engineer,mobile_developer,-1.0439,3,2,2,3,0,0,0,2,2,0,0,2
SYN-C3-0770,4,cybersecurity_analyst|qa_engineer,0,0,0,1,0,0,1,1,2,0,1,0,0,1,1,0,1,1,1,2,1,1,0,0,0,3,cybersecurity_analyst,qa_engineer,-1.212,1,2,0,1,1,1,1,1,0,2,2,1
SYN-C3-0771,3,cybersecurity_analyst,1,0,1,1,0,1,0,0,1,0,0,0,0,2,1,0,2,3,2,0,0,0,0,1,0,1,cybersecurity_analyst,devops_engineer,-1.0371,1,0,0,0,1,1,0,0,1,3,3,0
SYN-C3-0772,4,project_coordinator,0,1,2,1,0,0,1,1,1,0,0,0,1,0,1,0,0,2,0,1,0,1,0,0,1,3,project_coordinator,,-0.489,1,1,1,1,0,2,0,2,1,1,1,2
SYN-C3-0773,4,ui_ux_designer,2,2,0,0,1,1,1,1,2,0,1,2,1,0,0,1,1,1,0,1,0,1,0,1,0,2,data_scientist,,-0.689,2,2,1,2,1,2,2,1,2,1,1,1
SYN-C3-0774,3,network_engineer,1,1,0,2,1,0,1,2,2,0,0,0,1,2,1,0,2,3,1,1,1,1,1,1,1,2,network_engineer,,1.3042,2,2,2,2,2,2,1,2,2,3,3,2
SYN-C3-0775,3,software_engineer|data_analyst,2,0,1,2,2,1,1,0,3,0,0,0,2,1,0,1,1,1,0,1,0,0,1,0,0,2,software_engineer,data_analyst,-0.6613,3,1,2,1,1,2,2,0,2,1,2,0
SYN-C3-0776,4,project_coordinator|devops_engineer,0,1,0,2,2,0,0,0,0,1,1,2,1,0,1,2,1,2,0,1,1,1,1,0,1,3,project_coordinator,devops_engineer,-0.1775,1,1,1,1,2,1,1,2,1,1,1,2
SYN-C3-0777,3,data_analyst,1,1,1,2,1,1,1,1,3,2,2,2,2,0,0,1,2,1,0,1,1,1,0,2,1,3,data_analyst,,1.69,2,2,2,2,1,3,3,2,2,1,2,3
SYN-C3-0778,4,software_engineer,2,2,2,1,2,2,1,0,0,1,1,0,2,0,1,1,0,1,0,0,1,2,3,1,0,3,ui_ux_designer,,0.7566,2,2,3,2,1,2,1,2,3,1,1,2
SYN-C3-0779,4,devops_engineer|ui_ux_designer,2,1,1,1,3,3,0,1,2,2,0,1,1,3,2,2,2,3,1,2,1,3,1,2,1,2,devops_engineer,ui_ux_designer,1.3342,3,3,3,3,3,2,2,3,3,3,3,3
SYN-C3-0780,3,software_engineer,2,1,1,2,1,0,1,0,2,0,0,0,1,0,1,0,1,1,0,0,0,2,0,1,0,2,software_engineer,,-0.4297,3,2,1,2,1,2,1,1,1,1,1,1
SYN-C3-0781,4,software_engineer|cybersecurity_analyst,3,1,1,2,1,2,2,0,3,2,0,1,1,0,2,1,2,1,1,1,0,3,1,1,0,2,software_engineer,cybersecurity_analyst,0.6349,3,2,2,2,2,3,2,2,3,2,2,2
SYN-C3-0782,3,software_engineer,2,1,1,1,2,1,2,0,1,1,1,2,1,1,1,1,1,1,0,1,0,1,0,0,0,3,software_engineer,,0.3255,3,2,1,2,2,2,2,1,2,1,1,2
SYN-C3-0783,4,software_engineer,2,0,1,2,2,1,1,0,2,0,0,0,0,0,1,1,1,0,0,1,0,1,0,0,1,1,software_engineer,,-1.0494,3,1,1,2,1,1,0,1,1,0,0,1
SYN-C3-0784,3,business_analyst,3,1,1,1,1,1,1,0,3,1,2,1,2,2,1,1,2,2,0,2,1,2,1,3,1,2,business_analyst,,2.1153,3,3,2,2,2,3,3,3,3,2,2,3
SYN-C3-0785,4,devops_engineer,2,2,1,0,1,0,0,0,2,0,1,0,0,2,2,2,2,3,1,2,1,2,1,2,0,3,devops_engineer,business_analyst,0.2944,2,3,1,2,3,2,1,3,2,3,3,2
SYN-C3-0786,3,software_engineer,2,1,1,3,1,3,1,1,3,0,1,0,1,0,2,0,1,0,1,2,0,2,0,1,0,3,software_engineer,,0.7275,3,3,1,2,1,3,1,2,2,1,0,3
SYN-C3-0787,3,devops_engineer,2,1,0,1,3,2,0,0,3,0,1,1,2,1,1,2,2,1,1,2,0,1,0,0,0,3,devops_engineer,data_scientist,0.6355,2,2,1,1,3,3,2,1,1,2,2,1
SYN-C3-0788,3,cybersecurity_analyst,0,0,1,2,1,1,0,0,0,1,0,0,0,1,0,0,1,2,2,0,1,0,1,0,0,1,cybersecurity_analyst,,-0.2945,1,0,1,1,0,0,0,0,1,3,3,0
SYN-C3-0789,3,business_analyst,1,1,0,2,0,0,0,0,0,1,1,0,0,0,1,0,0,1,0,1,0,1,1,2,1,3,business_analyst,,-0.2353,1,1,1,1,0,2,0,3,2,1,0,2
SYN-C3-0790,3,software_engineer,1,3,0,1,1,0,1,0,2,0,2,1,2,2,0,0,0,0,0,0,0,0,0,0,0,2,data_scientist,,-0.3779,1,1,0,1,0,3,3,0,0,1,1,0
SYN-C3-0791,3,frontend_engineer,1,0,0,2,1,2,0,0,1,0,0,0,1,1,1,0,1,0,0,0,0,1,0,0,0,2,software_engineer,,-1.1145,2,1,1,0,1,0,0,0,1,1,1,0
SYN-C3-0792,3,software_engineer,2,1,3,2,1,3,2,1,3,1,0,0,1,0,2,1,1,1,1,1,0,2,0,1,0,3,software_engineer,,0.9318,3,2,3,2,1,2,2,2,2,1,2,2
SYN-C3-0793,4,ui_ux_designer,0,1,0,0,1,3,0,0,1,0,0,1,1,0,0,1,0,0,1,0,0,1,2,0,0,3,ui_ux_designer,,-0.6584,0,1,1,0,1,0,0,1,3,0,0,1
SYN-C3-0794,4,mobile_developer,2,0,1,2,1,3,2,0,0,0,1,1,0,0,0,0,0,1,2,1,0,1,2,1,0,1,ui_ux_designer,,-0.1755,1,1,2,2,0,1,0,1,3,1,1,1
SYN-C3-0795,4,software_engineer,3,0,2,2,2,2,1,0,3,0,2,0,2,0,1,0,1,2,1,1,0,2,0,1,0,3,software_engineer,data_analyst,0.5691,3,2,3,2,1,3,2,2,3,2,2,2
SYN-C3-0796,4,data_analyst|devops_engineer,2,2,2,1,1,1,0,1,3,1,1,1,1,1,1,2,2,1,1,1,2,1,0,1,1,3,data_analyst,devops_engineer,1.0175,3,3,1,2,2,3,2,2,2,2,2,3
SYN-C3-0797,3,software_engineer,2,0,1,0,0,0,1,0,1,1,0,0,0,0,0,1,0,0,0,0,0,1,0,0,0,2,software_engineer,,-1.8703,2,1,0,2,0,0,0,0,1,0,0,0
SYN-C3-0798,3,cybersecurity_analyst,0,2,0,2,1,1,1,1,2,1,0,2,0,2,1,1,3,1,3,1,1,0,1,1,0,3,cybersecurity_analyst,data_scientist,1.5066,2,2,2,2,2,2,2,2,1,2,3,1
SYN-C3-0799,3,software_engineer|data_analyst,2,0,1,3,1,0,2,0,3,1,1,1,0,1,0,1,0,1,0,1,0,2,1,1,0,3,software_engineer,data_analyst,0.1662,3,2,1,2,1,2,2,2,2,1,0,2
SYN-C3-0800,4,business_analyst,1,1,2,0,1,1,1,2,2,0,2,0,1,1,0,0,0,1,1,2,1,2,2,2,2,3,business_analyst,mobile_developer,-0.0723,2,2,2,3,1,2,2,3,3,1,1,3
SYN-C3-0801,4,ui_ux_designer,1,1,1,0,2,0,0,0,1,0,0,0,0,0,1,2,1,1,0,1,1,3,2,0,0,2,qa_engineer,,-0.7,2,3,2,2,1,1,0,2,2,1,1,1
SYN-C3-0802,3,frontend_engineer,1,1,3,2,2,2,1,0,1,0,1,1,1,1,0,0,2,0,0,0,2,2,3,1,0,1,frontend_engineer,,0.4752,2,2,3,2,1,2,1,1,3,1,1,2
SYN-C3-0803,3,data_analyst,1,1,1,1,1,1,0,0,3,0,1,0,1,0,0,0,0,2,1,1,0,0,0,1,0,1,data_analyst,,-0.0004,1,1,1,0,0,3,1,1,1,1,1,1
SYN-C3-0804,4,data_analyst,2,1,2,2,2,2,1,1,3,1,1,1,2,1,1,0,0,1,1,1,1,2,1,0,0,3,data_analyst,frontend_engineer,0.2674,3,3,3,3,1,3,2,3,2,1,2,2
SYN-C3-0805,4,frontend_engineer,2,1,1,2,2,1,1,1,2,1,0,0,1,0,1,1,1,0,0,2,0,2,0,0,0,3,mobile_developer,cybersecurity_analyst,-0.2212,3,2,2,3,1,2,2,1,2,0,1,1
SYN-C3-0806,4,network_engineer,3,0,2,1,2,2,1,1,2,1,1,1,0,1,2,1,2,3,2,1,1,0,1,2,0,2,network_engineer,,1.4616,3,2,3,3,2,2,1,2,2,3,3,1
SYN-C3-0807,4,qa_engineer,1,1,0,0,2,1,0,0,2,0,0,1,0,0,0,1,0,0,1,2,0,2,1,1,0,3,qa_engineer,,-0.2786,1,3,1,1,1,2,1,2,2,0,0,1
SYN-C3-0808,4,mobile_developer,1,0,1,1,1,1,1,2,2,0,0,0,1,0,1,0,0,1,1,0,0,1,1,0,0,2,mobile_developer,,-0.2386,2,1,2,3,0,1,0,1,2,1,1,0
SYN-C3-0809,3,software_engineer,1,0,0,2,1,1,1,0,2,1,0,0,0,1,0,0,0,0,0,0,0,1,0,0,0,1,software_engineer,,-2.0365,2,0,1,1,0,1,0,0,1,0,0,0
SYN-C3-0810,4,software_engineer,3,1,3,3,2,3,1,0,3,2,1,2,2,3,1,1,2,2,2,2,2,2,1,2,1,3,software_engineer,,2.7792,3,3,3,3,3,3,3,3,3,3,3,3
SYN-C3-0811,3,project_coordinator,1,1,0,2,2,0,1,0,1,0,0,0,1,1,1,1,0,1,0,0,1,2,1,0,2,3,project_coordinator,,0.2176,2,2,1,1,1,1,2,1,1,1,1,3
SYN-C3-0812,3,software_engineer,3,1,3,2,3,2,2,2,3,0,1,0,0,1,1,1,1,1,0,0,0,2,0,0,0,2,software_engineer,mobile_developer,0.3436,3,2,3,3,1,2,2,1,2,2,1,1
SYN-C3-0813,4,software_engineer,3,2,1,2,2,1,1,0,1,1,0,1,0,2,0,2,1,1,1,0,0,2,0,0,0,2,software_engineer,,-0.7201,3,2,2,2,2,1,1,0,2,2,2,1
SYN-C3-0814,4,mobile_developer|project_coordinator,1,2,2,1,3,0,2,1,1,1,0,2,1,2,1,2,2,1,1,0,2,2,1,2,3,3,devops_engineer,project_coordinator,0.7956,3,3,2,3,3,2,2,3,2,3,2,3
SYN-C3-0815,3,software_engineer,2,1,3,0,2,1,1,0,2,1,0,0,1,1,0,0,1,1,1,1,0,2,0,1,0,1,software_engineer,,-0.2176,3,2,2,2,1,1,1,1,2,1,1,1
SYN-C3-0816,4,software_engineer|project_coordinator,3,1,2,2,3,1,2,1,2,1,0,1,2,2,1,1,1,1,1,2,0,3,1,2,2,3,software_engineer,project_coordinator,1.9275,3,3,2,3,2,3,2,3,3,1,2,3
SYN-C3-0817,4,business_analyst,1,0,0,0,0,0,0,0,1,0,1,0,1,0,0,0,0,0,0,0,0,3,0,2,0,1,business_analyst,,-1.5707,0,1,0,0,0,1,0,2,1,0,0,1
SYN-C3-0818,4,qa_engineer|mobile_developer,2,0,1,0,1,1,0,1,3,1,0,1,2,1,0,0,0,1,1,2,1,3,0,2,0,3,qa_engineer,mobile_developer,-0.2086,2,3,1,2,1,1,1,2,2,1,1,2
SYN-C3-0819,3,ui_ux_designer,2,1,2,1,1,2,0,0,2,1,0,0,0,0,0,1,1,1,1,1,0,2,3,2,0,3,ui_ux_designer,,1.5854,2,2,2,2,1,2,1,3,3,1,2,2
SYN-C3-0820,4,business_analyst,1,0,1,1,1,0,1,0,1,0,2,0,1,0,1,1,1,1,1,1,0,2,1,2,0,3,business_analyst,,0.1937,1,2,2,2,1,2,1,3,2,1,1,2
SYN-C3-0821,4,frontend_engineer,1,1,2,2,2,3,0,0,2,0,0,0,1,0,0,0,0,1,0,0,0,1,1,1,0,2,frontend_engineer,,-0.6301,2,1,3,2,0,2,1,1,3,0,1,1
SYN-C3-0822,4,frontend_engineer,2,1,2,3,2,2,0,0,3,1,0,1,2,1,2,1,0,1,2,0,0,3,0,2,0,2,software_engineer,,0.4307,3,2,2,2,3,3,2,1,3,2,2,2
SYN-C3-0823,4,project_coordinator,2,1,0,2,1,2,0,0,0,0,1,0,0,0,1,0,0,0,0,0,0,2,0,1,0,3,project_coordinator,,-1.1798,1,1,1,1,0,1,0,2,2,0,0,3
SYN-C3-0824,4,software_engineer,3,0,3,3,2,3,3,0,3,1,0,2,1,1,0,1,1,2,0,2,0,1,1,1,1,3,software_engineer,network_engineer,0.6826,3,2,3,2,1,2,2,2,3,3,1,2
SYN-C3-0825,4,software_engineer|frontend_engineer,3,1,2,3,3,3,2,1,2,1,1,0,0,2,2,1,0,0,1,2,1,1,1,0,0,3,software_engineer,frontend_engineer,-0.0302,3,3,3,3,2,2,2,1,2,1,1,1
SYN-C3-0826,3,network_engineer,1,0,0,1,1,1,1,0,2,1,2,0,0,1,1,1,1,0,0,2,0,2,2,2,1,2,business_analyst,,0.9279,2,2,1,2,1,2,1,3,3,1,1,3
SYN-C3-0827,3,data_scientist,1,2,1,2,1,1,0,1,3,1,1,2,1,0,0,1,0,1,0,0,0,1,0,1,0,2,data_scientist,,0.2716,2,1,1,1,1,3,3,1,2,1,1,2
SYN-C3-0828,3,software_engineer|data_scientist,2,1,2,3,1,1,2,0,1,0,0,1,2,0,1,1,0,0,0,1,0,1,0,0,2,2,software_engineer,data_scientist,0.0617,3,2,2,2,0,2,2,1,2,0,0,2
SYN-C3-0829,3,data_analyst|ui_ux_designer,1,1,0,1,0,1,0,0,3,0,1,1,1,0,0,1,2,2,0,0,1,1,1,1,1,3,data_analyst,ui_ux_designer,-0.3981,1,1,1,1,1,3,1,2,3,2,2,3
SYN-C3-0830,4,cybersecurity_analyst,0,1,1,0,1,1,0,0,0,1,0,0,1,0,0,0,0,0,0,1,1,2,1,2,0,1,ui_ux_designer,,-0.7349,0,1,1,1,0,0,0,1,3,0,0,1
SYN-C3-0831,4,project_coordinator,1,1,2,2,1,2,2,0,2,0,1,0,1,0,1,0,0,1,0,1,1,2,0,1,3,2,project_coordinator,,0.6168,2,3,2,1,1,3,2,2,2,1,1,3
SYN-C3-0832,3,project_coordinator|mobile_developer,1,0,0,1,0,0,0,1,1,0,0,0,0,1,1,0,0,2,1,1,1,0,1,0,0,2,network_engineer,mobile_developer,-0.8526,0,1,0,1,1,0,0,1,0,2,2,0
SYN-C3-0833,3,software_engineer,1,0,0,1,1,0,1,0,1,0,1,0,0,0,0,0,1,0,0,0,0,0,0,0,0,0,software_engineer,,-2.4576,1,0,0,0,0,0,0,0,0,0,0,0
SYN-C3-0834,3,network_engineer,0,1,1,3,2,1,0,0,1,1,1,1,1,0,0,1,1,1,1,1,0,1,0,1,0,2,network_engineer,,0.5157,2,1,1,1,1,2,1,1,2,2,2,1
SYN-C3-0835,4,software_engineer,3,0,1,2,1,2,2,1,2,1,0,0,1,1,2,1,1,2,1,1,1,2,0,1,0,2,software_engineer,,0.5741,3,3,2,3,2,2,1,1,2,2,2,2
SYN-C3-0836,4,frontend_engineer,3,2,2,2,2,3,1,1,2,0,2,1,1,0,1,1,1,2,0,1,2,2,2,1,0,2,frontend_engineer,data_analyst,1.7762,3,3,3,3,1,3,2,2,3,1,2,2
SYN-C3-0837,3,mobile_developer,2,0,0,1,2,0,1,2,1,1,0,0,1,0,2,0,0,2,0,1,1,1,0,2,0,3,mobile_developer,,0.6268,2,2,1,3,1,1,0,1,1,1,1,2
SYN-C3-0838,4,data_scientist,0,3,1,1,0,1,0,0,1,0,1,2,2,1,0,0,0,1,1,0,1,0,1,0,0,3,data_scientist,,-1.1221,0,1,1,0,0,2,3,1,2,1,1,1
SYN-C3-0839,3,network_engineer,2,1,1,2,0,2,0,0,3,1,1,0,1,2,0,1,2,3,0,0,2,2,1,1,0,3,network_engineer,business_analyst,1.3812,2,2,2,1,1,3,1,3,3,3,3,3
SYN-C3-0840,3,frontend_engineer,0,0,2,1,1,3,1,0,1,0,0,0,0,0,0,0,0,0,0,0,0,1,1,1,0,2,frontend_engineer,,-1.183,1,1,3,2,0,1,0,1,3,0,0,1
SYN-C3-0841,4,data_analyst,1,3,2,2,1,2,1,1,3,1,2,2,3,0,1,1,1,1,1,1,1,1,1,1,1,3,data_analyst,,1.5421,3,2,2,3,1,3,3,3,2,1,2,3
SYN-C3-0842,3,network_engineer,2,1,2,2,1,1,0,0,2,0,1,1,1,0,0,1,2,3,2,1,0,0,0,1,1,3,network_engineer,data_analyst,0.6968,3,2,1,1,1,3,2,1,2,3,3,2
SYN-C3-0843,3,frontend_engineer|business_analyst,1,2,2,2,2,2,1,0,2,0,1,0,0,0,0,0,0,0,0,0,0,2,1,1,0,2,frontend_engineer,business_analyst,0.3471,2,2,3,2,1,2,1,2,3,0,0,2
SYN-C3-0844,3,devops_engineer|network_engineer,2,1,2,1,3,1,1,0,1,0,0,0,0,2,2,1,2,3,2,0,0,1,1,0,0,3,devops_engineer,network_engineer,0.3425,3,1,3,2,3,1,1,1,2,3,3,1
SYN-C3-0845,3,ui_ux_designer,1,0,2,1,2,2,1,0,2,1,0,0,1,1,0,0,1,2,1,1,0,2,1,1,1,3,ui_ux_designer,software_engineer,0.3186,3,3,2,2,1,1,1,2,3,3,2,3
SYN-C3-0846,4,business_analyst,2,1,1,1,1,1,1,0,3,1,1,1,1,0,1,1,1,2,0,2,1,2,2,3,0,3,business_analyst,,0.5907,2,3,2,3,1,2,2,3,3,1,2,3
SYN-C3-0847,4,frontend_engineer,1,1,2,1,2,3,1,1,2,0,0,0,0,1,0,0,1,1,1,0,0,2,1,0,1,3,frontend_engineer,,-0.1212,2,1,3,3,2,1,1,2,2,2,2,2
SYN-C3-0848,4,cybersecurity_analyst,0,0,1,1,1,0,0,0,2,0,0,0,0,0,1,0,1,2,1,0,0,0,0,0,0,1,cybersecurity_analyst,,-1.7552,0,0,0,0,0,0,0,0,0,1,2,0
SYN-C3-0849,4,project_coordinator|business_analyst,1,2,1,0,1,1,1,0,2,0,1,1,1,1,0,1,0,2,0,2,1,3,1,1,2,3,project_coordinator,business_analyst,0.2309,1,3,2,2,1,2,2,3,3,1,1,3
SYN-C3-0850,4,project_coordinator,2,1,1,1,1,0,0,0,2,0,1,1,1,0,0,1,2,1,1,2,1,3,1,2,1,2,project_coordinator,mobile_developer,0.1763,2,3,2,2,2,3,2,3,2,2,2,3
SYN-C3-0851,4,business_analyst,1,1,0,0,0,0,1,1,1,0,1,0,0,0,0,0,0,0,0,1,0,1,0,2,1,3,business_analyst,,-1.1402,1,1,0,1,0,1,0,3,1,0,0,3
SYN-C3-0852,3,software_engineer,2,1,2,2,2,2,1,0,2,0,0,0,1,1,0,0,1,0,1,0,0,1,1,0,1,2,software_engineer,,0.3603,3,1,3,2,1,2,1,1,2,1,2,1
SYN-C3-0853,4,software_engineer,3,0,2,2,3,2,2,1,2,2,0,1,1,1,1,1,1,1,0,1,0,2,1,1,0,2,software_engineer,,-0.273,3,2,3,3,2,2,2,2,2,1,2,2
SYN-C3-0854,3,devops_engineer,1,0,0,0,1,1,0,1,0,0,0,0,0,0,0,1,0,0,0,1,1,2,0,2,1,2,business_analyst,,-0.9607,1,2,0,0,0,0,0,3,2,0,0,2
SYN-C3-0855,4,mobile_developer|ui_ux_designer,2,0,1,1,3,2,1,1,2,2,1,0,1,1,2,0,1,1,0,0,0,1,1,1,1,3,mobile_developer,ui_ux_designer,-0.3417,3,2,2,3,2,2,1,2,3,1,1,3
SYN-C3-0856,3,data_scientist,0,3,1,1,1,1,0,1,2,0,1,2,2,1,1,0,2,1,0,0,0,1,0,1,0,2,data_scientist,,-0.2302,2,1,1,1,1,3,3,1,2,2,2,2
SYN-C3-0857,4,data_scientist,1,3,1,1,1,1,1,1,2,0,1,2,2,2,0,1,2,2,0,0,1,3,0,1,2,3,data_scientist,project_coordinator,0.9278,2,2,1,2,2,3,3,3,2,2,3,3
SYN-C3-0858,3,software_engineer,2,1,2,1,1,1,1,0,2,2,0,1,0,0,1,1,1,1,0,1,1,1,0,1,0,3,software_engineer,,0.2277,3,3,1,2,1,2,1,1,2,1,1,1
SYN-C3-0859,4,software_engineer,2,1,2,2,3,1,2,1,2,2,0,1,1,0,0,1,1,1,0,2,0,3,1,1,0,2,software_engineer,qa_engineer,0.2256,3,3,3,3,1,2,2,2,3,1,1,2
SYN-C3-0860,3,devops_engineer,2,3,1,2,1,1,1,1,2,0,0,0,1,1,1,1,2,1,1,1,1,1,1,0,0,2,cybersecurity_analyst,qa_engineer,0.8436,2,2,2,2,2,2,2,1,2,3,3,1
SYN-C3-0861,3,data_scientist,1,2,1,3,3,1,0,0,3,0,1,2,2,0,0,2,1,1,0,0,1,0,1,2,0,2,data_scientist,ui_ux_designer,0.6752,2,2,2,0,1,3,3,1,2,1,1,1
SYN-C3-0862,4,software_engineer,3,2,2,2,3,2,1,1,1,0,1,1,1,2,1,1,1,1,0,1,1,1,0,0,0,3,software_engineer,,0.3958,3,2,2,3,2,2,2,2,1,2,2,1
SYN-C3-0863,3,software_engineer,3,1,1,2,2,2,2,1,2,0,1,0,0,1,1,0,1,2,0,1,0,3,0,0,0,3,software_engineer,,0.1549,3,2,2,2,2,2,1,2,2,2,2,2
SYN-C3-0864,3,mobile_developer,1,0,0,1,1,0,0,1,1,0,1,0,0,0,0,0,0,1,0,1,0,2,1,2,0,2,business_analyst,,-0.9572,1,2,0,1,0,1,1,3,1,0,0,2
SYN-C3-0865,3,devops_engineer,2,0,1,2,2,1,1,0,3,0,0,0,1,0,1,1,2,0,0,0,0,1,1,0,0,2,software_engineer,,-0.1078,3,2,2,2,1,1,1,1,3,1,0,0
SYN-C3-0866,3,mobile_developer,2,0,1,0,1,1,1,2,1,0,0,1,0,0,0,0,1,2,0,0,0,1,0,0,0,2,mobile_developer,,-0.7447,1,1,1,3,0,0,0,0,2,1,1,0
SYN-C3-0867,3,software_engineer|frontend_engineer,2,0,2,2,2,2,1,0,2,0,0,0,1,0,0,0,0,1,1,0,0,1,0,1,0,2,software_engineer,frontend_engineer,-1.2782,3,2,3,2,1,1,0,0,2,1,0,1
SYN-C3-0868,3,cybersecurity_analyst,1,0,0,1,0,0,0,0,1,0,0,0,0,0,1,0,0,1,1,1,0,1,0,2,2,2,project_coordinator,,-0.5507,0,1,0,0,0,1,0,1,1,1,0,3
SYN-C3-0869,4,cybersecurity_analyst,2,1,0,1,1,0,2,0,2,0,1,1,0,1,1,0,1,2,1,1,0,1,0,0,0,2,cybersecurity_analyst,,-0.2024,2,1,1,2,1,2,1,1,1,2,3,1
SYN-C3-0870,3,frontend_engineer,0,1,0,0,0,0,0,0,2,0,0,0,1,0,0,0,0,0,0,0,0,0,0,1,0,1,data_analyst,,-1.4353,0,0,0,0,0,2,0,0,0,0,0,0
SYN-C3-0871,4,mobile_developer,2,0,1,0,1,0,0,1,2,0,0,0,0,0,0,0,0,1,0,0,0,0,0,0,0,1,mobile_developer,,-1.7663,1,1,0,1,0,0,0,0,0,0,0,0
SYN-C3-0872,3,data_scientist,1,0,1,2,0,1,1,0,1,0,1,0,1,1,0,0,2,2,2,1,0,1,0,0,0,2,network_engineer,,0.8468,2,1,1,1,1,1,1,2,2,3,3,1
SYN-C3-0873,4,cybersecurity_analyst,1,2,2,2,1,0,1,0,1,1,1,0,0,1,0,0,1,3,2,2,0,1,1,0,0,2,cybersecurity_analyst,,-0.2208,2,2,2,2,2,1,1,2,1,3,3,1
SYN-C3-0874,4,ui_ux_designer|network_engineer,1,0,2,1,1,2,0,1,0,1,0,0,0,0,0,0,1,2,0,1,0,1,2,1,0,2,ui_ux_designer,network_engineer,-0.8148,2,2,2,1,0,1,0,1,3,2,1,1
SYN-C3-0875,4,ui_ux_designer,2,1,2,2,2,2,1,1,2,1,1,1,2,1,0,0,2,1,2,2,1,2,3,2,1,2,ui_ux_designer,,1.9285,3,2,2,3,2,3,2,3,3,3,3,3
SYN-C3-0876,4,qa_engineer,2,0,1,0,0,0,1,0,0,0,1,0,1,0,1,0,0,1,1,2,1,1,1,0,0,3,qa_engineer,,-0.5603,1,2,1,1,0,0,0,1,1,0,0,1
SYN-C3-0877,3,qa_engineer|network_engineer,1,0,1,0,0,0,0,0,1,0,0,1,0,0,0,0,1,0,0,1,0,0,0,0,0,2,qa_engineer,network_engineer,-1.5419,0,1,0,1,0,0,0,0,0,0,0,0
SYN-C3-0878,4,frontend_engineer|software_engineer,2,2,3,3,3,3,2,2,2,1,0,2,2,1,2,1,2,2,1,2,1,3,2,0,1,3,frontend_engineer,software_engineer,2.0527,3,2,3,3,3,2,3,2,3,3,3,2
SYN-C3-0879,4,data_scientist,2,2,1,1,2,2,1,0,2,0,1,1,2,0,0,1,0,0,1,1,0,1,0,1,0,2,data_scientist,software_engineer,-0.8606,3,2,2,2,1,3,3,2,2,1,1,2
SYN-C3-0880,3,data_scientist,2,2,0,1,1,2,0,0,2,1,1,2,2,0,0,0,0,0,0,0,0,0,0,0,1,3,data_scientist,,-0.2149,1,1,0,0,0,2,3,1,1,0,0,1
SYN-C3-0881,4,mobile_developer,3,0,1,1,2,1,1,2,2,1,1,1,0,0,1,1,0,1,0,1,0,1,1,0,1,1,mobile_developer,,-0.3851,2,2,2,3,1,1,1,2,2,0,0,1
SYN-C3-0882,3,data_analyst,0,1,0,1,0,1,0,1,2,0,1,0,1,0,1,0,0,1,0,1,0,0,1,1,0,2,data_analyst,,-0.6706,0,1,0,0,0,3,0,2,2,0,1,1
SYN-C3-0883,4,software_engineer,2,0,1,2,1,1,1,1,2,1,1,0,1,1,1,1,0,1,0,1,0,2,1,1,0,3,software_engineer,,-0.4244,3,2,2,3,1,2,1,2,3,0,1,3
SYN-C3-0884,3,network_engineer,2,0,2,2,2,3,2,1,3,1,0,0,1,1,0,0,1,0,1,2,0,2,0,0,0,2,software_engineer,,0.1651,3,2,2,3,1,1,1,1,2,1,1,1
SYN-C3-0885,3,mobile_developer,2,0,1,0,1,0,0,1,1,0,1,0,0,0,0,0,0,0,0,0,0,1,0,0,1,1,mobile_developer,project_coordinator,-1.9751,1,1,0,2,0,0,0,0,1,0,0,1
SYN-C3-0886,3,devops_engineer,0,1,1,1,0,1,0,0,0,0,0,0,0,0,1,0,0,0,0,0,0,1,1,1,0,3,ui_ux_designer,,-0.8047,0,1,1,0,0,1,0,1,3,1,0,1
SYN-C3-0887,4,mobile_developer|software_engineer,1,1,1,1,0,1,1,0,3,0,2,0,1,1,0,0,0,1,0,0,0,1,0,1,0,2,data_analyst,software_engineer,-0.9654,2,1,1,1,0,3,2,1,2,1,1,1
SYN-C3-0888,3,software_engineer,2,1,1,2,0,2,1,1,2,0,1,0,0,0,1,0,0,0,0,0,1,2,0,0,0,1,software_engineer,,-0.7275,2,1,1,1,0,1,1,1,1,0,0,1
SYN-C3-0889,4,data_scientist|frontend_engineer,1,2,1,3,0,1,1,0,2,1,1,1,2,1,0,1,1,1,0,1,0,2,0,0,1,2,data_scientist,frontend_engineer,-0.6247,2,2,1,1,1,3,3,2,2,1,1,2
SYN-C3-0890,4,data_analyst,0,2,2,2,0,1,0,0,3,1,1,1,1,0,0,1,0,1,1,1,0,1,0,0,1,1,data_analyst,,-0.7227,1,1,1,0,0,3,2,1,1,1,1,1
SYN-C3-0891,3,devops_engineer,1,1,0,0,2,1,0,0,1,0,0,0,0,0,2,0,2,1,0,0,0,1,0,0,0,2,devops_engineer,,-1.1663,1,1,1,2,3,1,0,1,1,1,1,0
SYN-C3-0892,3,data_scientist,2,2,1,3,3,2,1,1,3,0,1,3,3,2,0,2,2,1,1,1,0,2,2,1,0,2,data_scientist,,2.5189,3,2,2,3,3,3,3,2,3,2,2,2
SYN-C3-0893,3,project_coordinator,1,0,2,2,0,2,0,0,2,1,0,0,0,0,1,1,0,1,0,0,0,2,1,1,2,3,project_coordinator,frontend_engineer,0.143,2,2,2,1,0,1,0,2,3,0,0,3
SYN-C3-0894,3,software_engineer,1,2,1,2,1,1,1,0,3,0,2,2,2,0,1,0,0,2,0,1,0,1,1,1,0,2,data_analyst,,1.1469,2,2,2,2,1,3,3,2,3,1,1,2
SYN-C3-0895,4,business_analyst,2,0,0,0,1,1,1,1,0,2,1,1,1,0,0,0,0,1,0,2,0,3,1,2,1,3,business_analyst,,0.0793,1,2,1,2,0,1,1,3,2,0,0,3
SYN-C3-0896,3,frontend_engineer,1,0,2,1,1,2,0,0,1,0,0,0,0,0,0,0,1,1,0,0,0,1,2,0,1,2,frontend_engineer,,-1.0174,1,1,2,2,1,1,0,1,3,1,1,1
SYN-C3-0897,3,software_engineer|data_scientist,0,3,0,2,0,1,1,0,2,0,2,1,2,1,0,1,0,0,0,0,0,1,0,2,0,1,data_analyst,data_scientist,-0.6659,1,0,0,0,0,3,3,1,1,0,0,1
SYN-C3-0898,3,qa_engineer|mobile_developer,2,1,1,1,2,0,1,1,0,0,1,0,0,2,2,1,1,2,2,1,0,1,1,0,0,3,devops_engineer,mobile_developer,0.5682,3,1,2,3,3,1,1,1,1,3,3,2
SYN-C3-0899,3,network_engineer|business_analyst,2,0,1,2,0,1,1,0,1,0,0,0,0,0,0,0,0,2,0,1,0,1,1,1,0,1,network_engineer,business_analyst,-0.4095,1,1,1,1,0,0,0,1,2,1,1,1
SYN-C3-0900,4,qa_engineer,2,1,2,2,1,2,0,0,1,0,0,0,1,0,1,0,0,0,0,2,1,0,0,1,0,2,qa_engineer,,-0.9618,1,3,1,1,0,1,1,1,2,0,0,0
SYN-C3-0901,3,qa_engineer|network_engineer,2,0,0,0,1,0,0,0,2,0,0,0,1,0,0,0,1,0,1,1,0,0,0,0,0,3,qa_engineer,network_engineer,-1.1927,1,1,0,0,0,1,0,1,0,1,0,0
SYN-C3-0902,3,devops_engineer,0,2,0,0,2,1,0,0,1,0,0,0,1,2,0,0,1,0,0,0,0,1,0,1,0,2,devops_engineer,,0.0836,0,1,1,1,1,2,1,1,1,0,0,1
SYN-C3-0903,3,data_analyst,0,1,0,2,1,0,0,0,3,0,1,0,1,0,0,0,0,0,0,0,0,0,0,0,0,2,data_analyst,,-0.9398,0,0,0,0,0,3,1,0,0,0,1,0
SYN-C3-0904,3,data_scientist|frontend_engineer,1,2,1,1,1,1,0,0,2,0,1,1,1,1,0,0,1,0,1,0,0,1,1,0,1,2,data_scientist,frontend_engineer,-0.5254,2,2,2,2,1,2,3,1,2,1,2,1
SYN-C3-0905,3,project_coordinator,1,0,0,0,0,0,0,0,1,0,0,0,1,0,0,0,0,0,0,0,0,1,0,0,1,2,project_coordinator,,-2.1034,0,1,0,0,0,0,0,1,1,0,0,1
SYN-C3-0906,3,qa_engineer|software_engineer,1,0,1,2,2,1,1,1,2,1,0,1,0,1,1,0,1,2,0,3,2,2,1,1,1,1,qa_engineer,software_engineer,0.5625,3,3,2,3,1,1,1,2,2,1,2,2
SYN-C3-0907,3,network_engineer,1,1,0,1,0,0,1,0,1,0,0,0,1,0,0,0,0,2,2,0,2,1,0,1,1,2,network_engineer,,0.0167,1,1,1,1,0,2,0,1,1,2,3,2
SYN-C3-0908,3,frontend_engineer,0,0,1,1,1,1,0,0,1,0,0,0,0,1,0,0,1,0,0,1,1,1,0,1,0,2,frontend_engineer,,-0.6166,1,2,1,0,0,1,1,1,2,1,1,1
SYN-C3-0909,3,cybersecurity_analyst,0,1,2,1,1,0,0,0,1,0,0,0,1,0,0,0,2,2,0,1,1,0,0,1,1,2,cybersecurity_analyst,,-0.2147,0,1,1,0,1,2,1,1,1,2,3,1
SYN-C3-0910,3,business_analyst,2,1,0,2,1,1,0,0,2,0,2,1,2,1,1,0,1,0,1,0,1,0,0,1,0,2,data_analyst,,0.1978,2,1,1,1,1,3,2,1,1,2,2,0
SYN-C3-0911,3,project_coordinator,0,1,0,1,1,3,0,1,2,0,1,1,0,0,0,0,0,1,1,1,0,1,2,2,0,2,ui_ux_designer,,1.257,1,2,2,1,1,3,1,3,3,1,1,2
SYN-C3-0912,4,data_analyst|cybersecurity_analyst,1,2,0,2,1,1,1,1,3,0,1,1,3,1,0,1,2,0,2,1,0,1,0,1,0,2,data_analyst,cybersecurity_analyst,-0.432,2,1,1,1,2,3,2,1,2,2,3,2
SYN-C3-0913,4,frontend_engineer,1,2,3,2,2,3,1,0,1,1,0,1,1,1,0,1,1,0,0,1,0,2,1,1,1,2,frontend_engineer,,0.3257,3,2,3,2,1,2,2,2,2,1,1,3
SYN-C3-0914,4,data_analyst|qa_engineer,1,1,0,0,1,2,0,0,2,0,1,0,3,0,0,0,1,1,0,0,0,1,0,1,1,3,data_analyst,qa_engineer,-1.4016,1,2,1,1,1,3,1,2,2,0,1,2
SYN-C3-0915,3,software_engineer,3,0,1,3,1,1,2,1,2,0,1,0,0,1,0,1,1,0,0,2,0,2,0,0,1,3,software_engineer,,0.293,3,2,1,2,0,1,1,2,2,1,1,3
SYN-C3-0916,4,frontend_engineer,2,2,2,1,3,3,1,1,1,1,0,1,0,0,3,1,2,2,0,1,0,2,0,0,0,2,frontend_engineer,,0.9144,3,2,3,3,2,1,1,1,1,2,2,1
SYN-C3-0917,3,qa_engineer,1,2,0,2,2,1,0,0,2,0,0,2,1,0,1,0,0,0,0,2,0,1,1,0,1,2,data_scientist,,0.5167,2,2,2,1,0,2,2,1,2,0,0,1
SYN-C3-0918,3,data_scientist,0,3,0,2,2,0,0,0,2,1,1,0,2,1,0,0,0,1,1,0,1,0,0,0,1,1,data_scientist,,0.313,1,0,0,0,1,2,3,0,0,1,1,0
SYN-C3-0919,4,devops_engineer,2,2,2,2,3,0,1,0,1,0,1,1,2,3,2,2,2,2,1,1,1,2,1,0,1,1,devops_engineer,,0.7756,2,2,2,2,3,2,2,2,1,2,3,2
SYN-C3-0920,4,cybersecurity_analyst|network_engineer,2,0,2,3,3,2,3,0,3,0,2,1,1,0,1,0,2,1,1,1,0,2,1,1,1,3,software_engineer,network_engineer,0.528,3,2,3,3,2,2,2,3,2,2,1,3
SYN-C3-0921,4,business_analyst,1,1,0,0,1,1,1,1,2,0,1,0,0,0,1,0,0,0,0,1,0,1,1,2,1,2,business_analyst,,-0.5121,1,2,1,2,0,2,1,3,2,0,0,2
SYN-C3-0922,3,data_scientist,1,2,1,2,2,1,0,0,2,0,2,2,2,0,0,0,0,0,0,0,0,1,0,1,0,2,data_scientist,,0.3824,1,2,1,1,0,3,3,1,2,0,0,1
SYN-C3-0923,3,devops_engineer,1,1,2,1,1,1,0,1,2,0,1,0,0,1,1,0,1,2,1,1,0,1,0,1,0,2,network_engineer,business_analyst,0.3049,2,2,1,2,2,2,1,2,2,3,2,1
SYN-C3-0924,3,qa_engineer,1,1,1,2,1,2,0,1,3,1,3,0,2,0,0,0,1,0,0,0,1,2,1,1,0,2,data_analyst,,0.9299,2,2,2,2,1,3,2,2,3,0,1,2
SYN-C3-0925,4,qa_engineer|project_coordinator,2,1,2,1,2,0,1,0,2,1,0,0,0,0,0,2,2,2,0,2,1,3,1,1,2,3,qa_engineer,project_coordinator,0.97,3,3,3,3,1,2,1,3,3,2,2,3
SYN-C3-0926,3,mobile_developer|business_analyst,1,0,0,1,2,0,0,2,1,1,1,0,0,0,0,0,0,0,1,1,0,2,1,1,1,3,mobile_developer,business_analyst,-0.8746,1,2,1,2,0,1,1,3,1,1,0,3
SYN-C3-0927,4,network_engineer,2,1,2,1,2,1,2,3,2,1,1,0,2,1,2,0,0,2,1,2,1,3,1,1,0,3,mobile_developer,,0.9157,3,3,3,3,2,3,1,3,3,1,2,2
SYN-C3-0928,4,software_engineer,3,0,2,2,3,0,1,1,3,1,0,0,0,1,1,0,0,0,0,1,0,1,1,0,1,3,software_engineer,,-0.5518,3,2,2,3,1,1,1,2,2,0,0,2
SYN-C3-0929,3,qa_engineer,3,1,2,1,2,0,0,1,1,0,0,1,1,0,0,1,1,1,0,2,1,2,0,1,0,2,qa_engineer,,0.3222,2,3,1,2,1,2,1,2,2,1,2,2
SYN-C3-0930,4,qa_engineer,2,2,2,2,2,1,1,2,2,2,1,1,2,0,2,1,1,1,2,3,2,3,0,2,1,2,qa_engineer,,1.6553,3,3,2,3,2,3,3,3,2,2,2,3
SYN-C3-0931,3,frontend_engineer,2,1,1,2,1,3,1,1,2,1,1,0,0,0,0,0,0,0,0,1,0,2,2,1,1,2,frontend_engineer,project_coordinator,-0.2913,2,2,3,3,0,2,1,3,3,0,0,3
SYN-C3-0932,3,qa_engineer,1,1,1,2,1,1,0,1,3,0,0,0,0,1,1,1,2,0,0,2,0,2,1,1,1,3,qa_engineer,,1.2685,2,2,2,1,2,2,2,3,3,1,1,3
SYN-C3-0933,3,business_analyst,2,1,1,2,1,1,0,0,3,1,1,1,1,0,0,0,1,1,1,0,0,2,1,3,0,2,business_analyst,,1.1606,2,2,1,2,1,2,2,3,3,2,1,2
SYN-C3-0934,4,business_analyst,1,0,0,0,0,0,0,0,1,0,1,1,2,1,0,1,2,0,0,0,0,2,2,3,1,3,business_analyst,devops_engineer,-0.47,1,1,0,1,1,2,1,3,2,1,1,3
SYN-C3-0935,3,qa_engineer,3,1,1,2,2,0,1,1,2,1,0,2,2,1,0,1,0,2,0,0,0,1,0,0,2,1,mobile_developer,data_scientist,0.5125,2,1,1,2,1,2,2,0,0,1,1,1
SYN-C3-0936,3,mobile_developer,2,1,0,1,1,0,0,2,3,0,0,0,0,1,1,0,1,0,0,0,0,1,1,0,1,2,mobile_developer,,-0.3836,1,1,1,2,1,2,1,1,1,1,1,1
SYN-C3-0937,4,ui_ux_designer|qa_engineer,1,1,1,2,2,1,0,1,1,1,0,1,1,0,0,2,1,3,1,1,0,3,2,2,2,3,ui_ux_designer,qa_engineer,0.6245,2,2,2,2,2,2,2,3,3,3,2,3
SYN-C3-0938,4,data_scientist|frontend_engineer,2,1,3,1,2,2,1,2,1,0,0,2,1,0,1,0,0,2,0,1,1,2,2,2,2,3,ui_ux_designer,frontend_engineer,1.3226,2,2,3,3,1,2,1,3,3,1,2,3
SYN-C3-0939,4,frontend_engineer,1,2,2,3,3,3,1,1,2,0,0,1,1,1,2,1,0,1,1,1,1,1,2,1,1,3,frontend_engineer,,0.8375,3,3,3,3,2,2,2,2,3,2,1,2
SYN-C3-0940,3,software_engineer,2,1,1,1,2,2,2,0,2,1,0,0,1,1,0,1,1,1,0,0,0,1,0,0,1,3,software_engineer,,-0.0093,3,1,2,3,2,2,1,1,2,1,2,2
SYN-C3-0941,4,qa_engineer|network_engineer,3,0,2,2,1,2,2,1,3,0,0,0,0,1,0,1,1,1,2,2,1,2,1,1,2,3,qa_engineer,network_engineer,0.2848,3,3,3,2,1,1,1,3,2,2,2,3
SYN-C3-0942,4,mobile_developer,2,2,0,1,1,0,0,1,2,1,1,1,0,0,0,0,0,2,0,2,1,2,0,3,0,3,business_analyst,,0.8392,1,2,0,1,0,2,1,3,1,1,1,3
SYN-C3-0943,4,network_engineer,1,0,2,2,1,2,1,1,1,0,0,2,0,1,1,0,1,2,2,0,0,0,0,0,1,2,network_engineer,,0.3975,2,1,2,1,1,1,1,0,1,3,3,1
SYN-C3-0944,4,cybersecurity_analyst,1,2,1,3,1,2,1,0,2,1,1,1,1,1,1,0,3,3,2,1,0,1,1,2,1,2,cybersecurity_analyst,network_engineer,0.7422,3,2,2,2,2,2,3,3,3,3,3,2
SYN-C3-0945,3,frontend_engineer,1,1,2,1,1,2,0,0,0,0,1,0,0,1,1,0,0,0,0,0,0,1,2,0,1,2,frontend_engineer,,-0.1068,1,1,3,1,1,1,0,1,3,0,1,1
SYN-C3-0946,4,qa_engineer,1,1,0,1,1,2,1,1,1,0,0,1,1,1,1,0,1,0,0,3,2,3,0,2,0,3,qa_engineer,,0.0455,2,3,1,1,1,2,1,3,2,1,1,2
SYN-C3-0947,3,network_engineer,3,1,2,2,2,3,3,0,3,2,0,2,2,2,2,0,1,2,1,2,2,3,1,2,0,3,software_engineer,,2.4301,3,3,3,3,2,3,3,3,3,2,2,2
SYN-C3-0948,3,software_engineer|qa_engineer,3,1,2,3,3,3,2,0,3,1,1,1,2,1,1,3,1,2,1,2,1,2,1,2,1,3,software_engineer,qa_engineer,2.1969,3,3,3,3,2,3,3,3,2,2,3,3
SYN-C3-0949,3,business_analyst,1,0,1,2,1,2,0,2,1,0,0,1,0,1,1,1,1,0,1,1,1,3,1,3,1,3,business_analyst,,1.2995,2,3,2,2,1,1,1,3,2,1,1,3
SYN-C3-0950,4,network_engineer,2,1,1,2,1,1,1,0,1,0,1,0,2,1,0,1,1,3,2,0,0,1,0,0,0,2,network_engineer,,0.1196,2,1,1,2,2,2,2,0,2,3,3,1
SYN-C3-0951,4,data_scientist,1,2,1,2,2,1,1,1,3,0,1,2,2,1,0,1,0,1,1,0,1,0,1,0,0,2,data_scientist,frontend_engineer,0.4797,2,1,2,2,1,2,3,0,1,1,2,0
SYN-C3-0952,3,software_engineer,2,1,0,1,2,1,1,0,2,1,0,0,1,0,0,1,1,0,0,0,0,0,1,0,0,1,software_engineer,,-0.6109,2,0,1,2,0,2,1,0,1,0,1,0
SYN-C3-0953,3,frontend_engineer,1,0,1,0,0,1,0,0,0,0,0,0,0,0,0,0,0,0,0,0,0,0,0,0,0,1,frontend_engineer,,-2.7944,0,0,0,0,0,0,0,0,0,0,0,0
SYN-C3-0954,4,qa_engineer,3,0,1,1,1,0,0,0,2,2,1,1,0,0,0,0,0,0,0,3,1,1,0,1,0,2,qa_engineer,,-0.344,1,3,1,1,0,2,1,2,1,0,0,1
SYN-C3-0955,4,data_scientist|project_coordinator,2,1,1,2,1,1,0,0,2,0,0,0,0,1,1,0,0,0,1,2,2,2,0,2,2,2,qa_engineer,project_coordinator,-0.4584,2,3,1,1,1,2,1,2,2,1,1,3
SYN-C3-0956,4,business_analyst,1,2,1,2,0,0,1,1,1,0,0,0,1,0,0,0,0,2,0,2,0,2,1,2,2,2,business_analyst,,-0.4267,1,2,1,2,0,2,1,3,2,1,1,3
SYN-C3-0957,4,devops_engineer,2,2,0,1,2,0,0,1,1,0,1,0,1,3,2,3,2,2,2,1,0,1,0,0,0,3,devops_engineer,cybersecurity_analyst,0.6999,2,2,1,2,3,2,2,2,1,3,3,2
SYN-C3-0958,3,frontend_engineer|cybersecurity_analyst,1,1,3,2,2,2,0,1,0,0,0,0,0,0,0,0,2,0,1,1,1,1,1,1,1,1,frontend_engineer,cybersecurity_analyst,0.6463,1,1,3,2,1,0,0,1,2,1,2,1
SYN-C3-0959,3,cybersecurity_analyst,3,1,2,2,3,1,2,1,3,1,0,0,1,2,1,1,0,0,0,1,0,2,0,1,0,2,software_engineer,mobile_developer,0.0986,3,2,2,3,2,2,1,2,2,0,1,2
SYN-C3-0960,3,ui_ux_designer|mobile_developer,1,0,2,1,1,1,0,0,2,1,0,0,0,0,0,0,0,0,0,0,0,1,2,2,0,3,ui_ux_designer,mobile_developer,-0.1551,1,1,2,2,0,1,0,2,3,0,0,2
SYN-C3-0961,3,ui_ux_designer,1,0,1,0,0,1,0,0,1,0,0,0,0,0,0,0,0,0,0,0,0,0,1,1,0,1,ui_ux_designer,,-1.038,0,1,0,0,0,0,0,0,2,0,0,0
SYN-C3-0962,3,business_analyst,2,1,1,1,0,1,0,0,2,0,1,0,0,1,0,0,1,1,0,0,0,2,0,1,0,3,business_analyst,,-0.2165,1,1,0,1,1,2,1,3,2,1,2,3
SYN-C3-0963,3,project_coordinator,1,0,1,1,1,2,1,0,1,0,0,0,0,0,0,0,0,0,1,0,0,1,0,1,2,2,project_coordinator,,-0.3337,1,2,2,1,0,1,0,1,2,0,0,3
SYN-C3-0964,3,data_analyst,1,2,2,2,1,0,1,0,3,0,2,0,1,0,0,1,0,1,0,2,0,0,0,1,0,3,data_analyst,,1.0907,1,2,1,1,0,3,2,2,1,1,0,1
SYN-C3-0965,3,project_coordinator,3,0,1,2,2,1,0,1,2,0,1,0,0,0,1,0,1,1,0,1,0,1,0,0,0,2,software_engineer,,-0.4923,3,2,1,2,1,1,0,1,2,1,0,1
SYN-C3-0966,4,data_scientist,2,1,2,1,1,2,0,1,2,0,0,1,0,1,1,0,1,1,1,0,0,1,1,2,0,2,software_engineer,,-0.5744,3,2,2,2,2,2,1,1,2,2,2,1
SYN-C3-0967,3,software_engineer,1,2,1,1,0,1,1,1,3,0,2,0,2,1,0,0,0,0,0,1,1,1,0,0,0,2,data_analyst,,0.0238,1,1,1,2,0,3,2,1,2,0,1,1
SYN-C3-0968,3,software_engineer,3,0,1,1,3,1,1,0,3,0,0,0,1,0,0,0,0,0,0,0,0,1,0,0,0,1,software_engineer,,-1.3258,2,1,1,2,0,0,0,0,1,0,0,0
SYN-C3-0969,3,qa_engineer,2,0,1,1,2,0,0,0,2,0,0,0,0,1,1,0,0,2,0,2,2,3,0,1,1,2,qa_engineer,,0.1841,1,3,1,2,1,1,0,2,1,1,1,3
SYN-C3-0970,3,software_engineer,3,1,2,3,3,2,3,0,2,1,1,1,0,1,2,0,1,1,1,2,1,2,1,1,1,3,software_engineer,,1.638,3,3,3,3,2,2,1,3,3,2,2,3
SYN-C3-0971,4,software_engineer,3,2,3,2,3,2,3,2,2,1,0,1,2,1,1,0,3,2,0,2,0,2,1,0,1,3,software_engineer,frontend_engineer,1.5094,3,3,3,3,2,2,2,3,2,1,2,2
SYN-C3-0972,4,data_scientist,1,2,1,2,1,1,0,0,3,2,1,3,2,1,1,0,1,1,0,0,0,1,0,1,0,2,data_scientist,,-0.1285,2,2,1,1,2,3,3,1,2,1,2,2
SYN-C3-0973,3,software_engineer,0,1,0,0,1,0,0,0,1,0,0,0,0,1,1,1,1,1,0,0,0,2,0,0,0,1,devops_engineer,,-1.3342,0,1,0,0,2,0,0,0,0,1,1,0
SYN-C3-0974,4,cybersecurity_analyst,3,0,1,1,1,1,0,1,2,1,1,0,1,0,1,0,1,2,2,1,1,2,0,1,0,3,cybersecurity_analyst,business_analyst,-0.1475,2,2,2,2,1,2,1,2,2,3,3,3
SYN-C3-0975,3,frontend_engineer,1,0,2,1,2,1,1,0,1,0,0,0,1,1,0,0,1,0,0,1,0,2,1,0,0,2,frontend_engineer,,0.2793,2,2,3,2,0,1,0,1,2,1,1,1
SYN-C3-0976,3,project_coordinator|devops_engineer,2,2,1,1,3,1,0,1,1,2,0,1,0,2,0,1,2,1,1,0,0,2,0,1,0,3,mobile_developer,devops_engineer,0.1916,2,2,1,3,2,1,1,2,2,2,2,2
SYN-C3-0977,4,devops_engineer,2,2,0,0,2,1,0,0,1,1,0,0,0,1,1,1,2,0,1,0,0,1,0,1,0,2,devops_engineer,,-0.7594,2,2,0,1,3,1,1,1,2,1,2,0
SYN-C3-0978,3,mobile_developer,2,0,1,0,1,0,0,1,1,0,0,0,0,0,0,0,0,0,1,0,0,2,0,0,0,2,mobile_developer,,-1.4901,1,2,0,2,0,0,0,1,1,0,0,1
SYN-C3-0979,3,data_analyst|devops_engineer,1,3,1,2,1,3,1,0,3,0,3,0,2,1,1,1,2,1,1,1,1,1,1,1,1,3,data_analyst,devops_engineer,2.0002,3,2,3,2,3,3,3,2,3,3,2,3
SYN-C3-0980,3,software_engineer,1,1,1,2,2,1,0,0,3,1,1,0,1,0,1,1,0,0,0,1,0,1,0,1,0,2,software_engineer,data_scientist,-0.6195,3,2,1,2,1,2,2,1,2,0,0,1
SYN-C3-0981,4,business_analyst,1,0,0,1,2,0,1,0,1,0,0,0,0,0,0,1,0,1,1,0,0,1,1,1,0,2,business_analyst,,-1.5012,1,1,1,2,0,1,0,1,1,1,1,1
SYN-C3-0982,3,software_engineer|data_analyst,3,0,1,3,2,1,2,0,3,0,1,0,1,2,0,0,1,0,0,1,0,1,1,2,1,3,software_engineer,data_analyst,-0.2927,3,2,2,2,1,2,2,3,3,1,1,3
SYN-C3-0983,4,data_analyst,2,2,0,1,1,0,0,0,2,1,2,0,2,1,0,1,1,2,0,0,0,1,2,2,0,3,data_analyst,,0.2868,2,1,1,1,2,3,2,2,2,2,2,2
SYN-C3-0984,4,software_engineer,3,1,2,2,3,1,3,1,2,2,0,0,1,1,2,0,1,0,1,1,1,2,1,0,0,3,software_engineer,mobile_developer,-0.1729,3,3,3,3,1,2,1,2,2,2,2,1
SYN-C3-0985,3,business_analyst,1,0,1,0,0,0,0,0,1,0,0,0,1,0,1,0,0,0,1,0,1,1,0,2,0,3,business_analyst,,-0.4677,0,2,0,1,0,1,0,2,2,0,0,1
SYN-C3-0986,4,frontend_engineer,2,1,2,0,2,2,0,1,1,0,0,1,2,0,1,1,0,1,1,0,1,1,2,2,0,2,frontend_engineer,,0.1128,2,2,2,2,2,2,1,2,3,1,1,1
SYN-C3-0987,4,mobile_developer,2,2,2,2,2,0,2,2,2,1,0,1,0,0,2,1,0,1,0,2,1,1,1,1,1,2,mobile_developer,,-0.0495,3,3,2,3,1,2,2,2,2,1,1,2
SYN-C3-0988,4,devops_engineer|cybersecurity_analyst,2,1,2,2,1,1,2,0,3,1,0,0,0,0,0,0,1,1,0,0,0,2,0,2,0,1,software_engineer,cybersecurity_analyst,-0.7674,3,1,1,2,1,2,0,1,2,0,1,1
SYN-C3-0989,4,mobile_developer,2,0,1,0,2,1,1,2,2,0,0,0,2,0,0,1,1,0,0,2,1,2,2,1,0,2,mobile_developer,qa_engineer,-0.3179,2,3,2,3,0,2,1,2,3,0,0,1
SYN-C3-0990,4,business_analyst,2,1,1,2,1,0,1,1,2,0,1,1,1,2,1,1,0,1,0,1,2,2,0,2,1,3,business_analyst,,0.841,2,3,2,2,1,3,2,3,2,1,1,3
SYN-C3-0991,4,network_engineer,0,0,0,2,1,1,0,0,1,0,0,1,1,2,0,0,1,2,1,1,0,0,0,0,0,2,network_engineer,,-0.409,1,0,0,0,1,1,1,0,1,3,2,0
SYN-C3-0992,4,devops_engineer,2,1,2,1,2,1,0,0,1,0,0,1,2,2,1,1,1,1,0,1,0,2,0,1,1,2,devops_engineer,,-0.5904,3,2,2,2,3,2,1,2,2,1,1,3
SYN-C3-0993,3,business_analyst,1,2,1,2,0,2,2,0,2,1,0,1,1,0,0,1,0,0,1,2,0,3,1,1,1,3,business_analyst,,0.8306,2,2,2,2,0,3,1,3,3,1,0,3
SYN-C3-0994,3,data_scientist,1,1,1,3,1,2,1,0,2,0,2,2,3,1,0,0,1,1,0,1,1,0,0,1,0,2,data_scientist,,0.9748,2,2,2,1,1,3,3,2,1,1,1,1
SYN-C3-0995,3,ui_ux_designer|software_engineer,1,0,1,2,0,1,1,1,2,0,0,1,0,0,1,0,0,0,0,0,0,2,2,0,0,3,ui_ux_designer,software_engineer,-0.1964,2,2,2,2,0,1,0,2,3,0,0,2
SYN-C3-0996,3,cybersecurity_analyst,1,2,0,2,1,0,0,0,2,0,2,1,1,1,0,1,1,2,1,0,1,0,0,1,0,3,cybersecurity_analyst,,-0.0994,1,1,0,0,1,3,3,1,1,2,3,1
SYN-C3-0997,4,network_engineer,1,1,0,1,0,1,1,0,1,1,0,1,0,1,0,0,2,2,0,1,1,0,0,0,0,3,network_engineer,,-0.8577,1,1,0,0,1,1,0,0,1,3,3,0
SYN-C3-0998,3,cybersecurity_analyst,1,0,2,1,1,0,0,0,1,0,0,0,0,1,0,0,0,2,2,0,0,0,0,0,0,2,cybersecurity_analyst,frontend_engineer,-0.9053,1,1,1,1,0,0,0,0,0,2,2,0
SYN-C3-0999,4,project_coordinator,2,0,0,1,1,1,0,0,1,1,2,1,2,1,1,0,1,1,0,1,0,2,2,3,1,2,business_analyst,,-0.0053,2,2,1,2,1,3,2,3,3,2,1,3
SYN-C3-1000,3,cybersecurity_analyst,1,1,1,1,0,0,1,0,2,2,1,0,1,1,0,2,2,2,2,1,1,0,0,0,1,3,cybersecurity_analyst,,1.1959,1,2,0,1,2,2,1,1,0,3,3,1
SYN-C3-1001,3,qa_engineer|data_scientist,2,2,1,2,2,1,0,0,3,1,1,2,2,1,1,1,0,1,1,3,2,2,0,1,0,3,qa_engineer,data_scientist,1.0401,3,3,2,2,2,3,3,3,2,2,2,2
SYN-C3-1002,3,business_analyst|data_analyst,0,0,0,0,0,0,0,0,2,0,2,0,0,0,0,0,0,0,0,0,0,1,0,2,0,2,business_analyst,data_analyst,-1.0947,0,0,0,0,0,2,0,2,1,0,0,1
SYN-C3-1003,3,qa_engineer,3,1,0,2,2,2,0,1,2,1,0,1,0,1,0,0,2,0,0,1,0,2,0,2,1,2,software_engineer,business_analyst,0.653,3,2,1,2,1,2,1,2,2,2,2,2
SYN-C3-1004,4,frontend_engineer,1,0,3,2,2,2,2,1,2,1,0,0,1,1,2,0,2,1,1,2,1,1,1,1,1,2,frontend_engineer,,0.4479,3,3,3,3,2,2,2,1,2,3,2,2
SYN-C3-1005,3,devops_engineer,0,0,0,0,1,0,0,0,1,0,0,0,0,1,0,1,0,1,0,1,0,1,0,0,1,0,devops_engineer,,-1.4775,0,0,0,0,1,0,0,0,0,0,0,0
SYN-C3-1006,3,devops_engineer,1,2,0,1,2,2,1,0,1,2,0,0,0,1,1,2,2,0,0,0,0,2,0,0,1,3,devops_engineer,,0.5456,2,2,1,2,3,1,1,1,1,1,1,2
SYN-C3-1007,4,data_analyst,2,0,2,2,2,1,1,0,1,1,0,0,1,0,0,1,0,1,0,0,0,1,0,0,0,1,software_engineer,,-1.4209,3,1,2,2,1,0,1,0,1,0,0,1
SYN-C3-1008,3,network_engineer,2,0,0,1,2,0,1,0,1,0,0,0,1,1,0,0,2,2,2,0,0,1,0,1,0,1,network_engineer,,-0.3608,1,1,1,1,1,0,0,1,1,3,3,1
SYN-C3-1009,4,qa_engineer,2,1,1,0,2,2,1,1,2,0,0,0,2,0,1,1,1,0,0,2,1,2,0,1,1,2,qa_engineer,,0.5397,2,3,2,2,1,2,2,2,2,0,0,2
SYN-C3-1010,3,cybersecurity_analyst,2,0,2,3,2,2,1,0,2,0,0,1,1,0,0,1,1,1,0,1,1,1,0,0,0,1,software_engineer,,0.0209,3,2,3,2,1,1,1,1,1,1,1,0
SYN-C3-1011,4,frontend_engineer,1,0,1,2,2,2,1,0,2,0,0,1,1,1,0,1,1,2,1,1,0,2,1,0,0,2,frontend_engineer,,0.3881,2,2,3,2,1,1,1,2,2,2,2,1
SYN-C3-1012,4,business_analyst,1,0,1,1,1,0,0,0,2,0,1,0,0,1,0,0,0,0,0,1,0,2,0,1,0,2,business_analyst,mobile_developer,-1.8367,1,2,0,1,0,2,0,3,2,1,0,2
SYN-C3-1013,3,qa_engineer,2,1,2,2,1,1,2,0,2,0,1,1,0,0,1,1,0,1,1,3,2,2,1,1,0,3,qa_engineer,,1.4973,3,3,2,2,1,2,1,2,2,1,1,2
SYN-C3-1014,4,frontend_engineer,2,0,2,1,2,3,1,1,2,1,0,0,0,0,0,0,0,1,0,0,0,1,1,0,0,1,frontend_engineer,mobile_developer,-1.2784,2,1,3,3,0,0,0,0,2,0,0,0
SYN-C3-1015,4,network_engineer,1,1,1,2,2,1,1,1,1,0,1,0,0,0,0,0,1,3,1,1,0,1,1,0,0,3,network_engineer,frontend_engineer,0.4755,2,2,3,2,1,1,1,2,2,2,2,1
SYN-C3-1016,4,data_analyst,0,1,0,0,0,0,0,1,1,0,1,0,0,0,0,0,1,0,0,0,0,0,0,0,0,1,data_analyst,,-2.8512,0,0,0,0,0,1,0,0,0,0,0,0
SYN-C3-1017,3,data_scientist|software_engineer,2,2,0,1,2,1,1,0,3,1,0,1,2,1,1,1,0,0,0,1,0,1,0,0,0,1,data_scientist,software_engineer,-0.4133,3,1,1,2,1,2,3,0,1,0,0,0
SYN-C3-1018,4,mobile_developer,2,0,1,0,1,1,1,0,1,0,1,0,1,0,0,0,0,1,0,0,0,1,1,0,0,1,mobile_developer,,-1.1813,1,1,2,2,0,0,0,1,1,0,0,0
SYN-C3-1019,3,cybersecurity_analyst,1,1,0,1,0,0,0,1,2,0,1,0,0,0,0,0,1,2,1,0,1,0,0,0,1,3,cybersecurity_analyst,,-0.4691,1,0,0,0,0,2,0,1,0,2,2,1
SYN-C3-1020,3,cybersecurity_analyst,1,1,0,1,0,0,0,0,0,0,0,0,0,1,0,0,1,2,2,2,0,0,0,0,0,1,cybersecurity_analyst,,-0.9022,0,0,0,0,1,0,0,0,0,3,3,0
SYN-C3-1021,3,software_engineer,3,1,2,2,1,1,1,0,1,0,0,0,0,0,0,1,1,1,0,1,0,2,0,0,1,2,software_engineer,,-0.2423,3,2,2,2,0,1,0,1,2,1,2,2
SYN-C3-1022,3,ui_ux_designer,1,1,1,2,0,1,2,1,0,0,0,0,2,1,0,0,0,0,0,0,0,1,2,2,1,2,ui_ux_designer,business_analyst,-0.0428,1,1,1,2,0,2,1,2,3,0,1,2
SYN-C3-1023,3,software_engineer|network_engineer,2,0,2,2,1,1,1,0,3,1,0,0,0,0,1,0,2,2,0,1,0,1,0,1,1,1,software_engineer,network_engineer,0.19,3,2,1,2,1,1,0,1,1,1,1,1
SYN-C3-1024,3,project_coordinator|business_analyst,0,1,1,0,1,0,0,1,0,0,0,0,0,0,0,0,1,1,1,0,0,2,0,2,1,3,project_coordinator,business_analyst,-0.8952,0,1,0,0,1,1,0,2,2,1,1,3
SYN-C3-1025,4,cybersecurity_analyst,1,1,1,1,1,1,0,1,2,0,1,0,0,1,0,0,2,2,2,0,0,1,1,1,0,3,cybersecurity_analyst,business_analyst,0.3522,2,1,2,2,1,2,1,2,3,3,3,2
SYN-C3-1026,3,qa_engineer,2,1,2,1,2,0,0,1,2,0,0,1,1,0,2,0,0,0,0,3,1,3,0,1,1,3,qa_engineer,project_coordinator,0.8442,2,3,2,2,1,3,1,2,2,0,1,3
SYN-C3-1027,4,frontend_engineer,0,1,2,1,1,1,2,1,1,0,1,1,1,1,1,1,0,1,1,1,2,1,0,0,0,2,frontend_engineer,,0.1583,2,2,2,2,1,2,1,1,2,1,2,1
SYN-C3-1028,3,data_analyst,2,2,0,2,0,0,0,0,2,0,1,1,0,0,0,1,1,0,0,0,0,0,0,1,0,1,data_analyst,,0.0569,0,0,0,0,0,2,1,0,0,0,0,1
SYN-C3-1029,4,data_analyst,2,2,1,2,1,2,0,2,3,0,3,1,3,2,2,1,1,1,2,0,0,1,1,2,2,3,data_analyst,,1.7767,2,2,2,2,3,3,3,3,3,2,2,3
SYN-C3-1030,3,devops_engineer,1,2,1,2,1,2,1,1,2,1,0,1,1,1,2,2,2,1,1,0,0,2,0,0,1,2,devops_engineer,,1.0926,2,2,2,2,3,2,2,1,2,2,3,2
SYN-C3-1031,3,qa_engineer|mobile_developer,1,0,0,0,1,0,0,0,0,0,1,0,0,0,0,0,0,0,0,2,0,2,0,1,0,2,qa_engineer,mobile_developer,-1.8879,0,2,0,1,0,0,0,2,1,0,0,1
SYN-C3-1032,3,ui_ux_designer,0,0,0,1,1,1,0,0,2,0,0,0,0,0,0,0,0,0,0,0,0,1,2,1,0,3,ui_ux_designer,project_coordinator,-0.9753,1,1,1,1,0,1,0,1,3,0,0,2
SYN-C3-1033,3,software_engineer,3,0,2,1,2,2,2,0,2,0,0,0,1,1,0,1,1,1,1,0,0,1,0,1,0,3,software_engineer,,-0.0962,3,2,2,2,1,2,1,1,2,2,2,2
SYN-C3-1034,3,data_analyst|devops_engineer,3,2,3,3,3,1,1,2,2,2,1,0,1,2,2,1,1,1,0,1,2,2,2,0,1,3,software_engineer,devops_engineer,1.0585,3,3,3,3,3,2,2,3,3,1,2,2
SYN-C3-1035,4,frontend_engineer,3,2,1,1,2,2,2,0,3,1,1,1,1,1,1,1,0,1,0,1,0,2,0,1,1,1,software_engineer,,0.3413,3,2,1,1,1,2,2,2,1,1,1,2
SYN-C3-1036,4,data_scientist,2,2,1,3,1,1,0,0,2,0,1,3,2,1,0,1,2,1,0,1,0,1,0,0,1,2,data_scientist,,0.1436,2,2,1,1,2,3,3,1,2,1,2,2
SYN-C3-1037,4,qa_engineer,1,1,2,0,2,2,0,0,2,0,1,1,1,2,1,0,0,2,0,2,1,1,0,0,0,3,qa_engineer,,-0.311,2,3,2,1,2,2,2,1,2,1,1,1
SYN-C3-1038,4,software_engineer|data_scientist,3,1,1,2,2,1,2,0,2,1,0,1,2,1,0,2,0,2,0,0,2,2,1,0,0,1,software_engineer,data_scientist,-0.602,3,2,2,2,1,2,2,1,2,1,1,1
SYN-C3-1039,3,ui_ux_designer,0,0,2,1,0,2,0,0,0,0,1,1,0,0,0,0,0,0,0,0,1,1,3,1,0,2,ui_ux_designer,frontend_engineer,-1.0255,1,1,3,0,0,1,0,1,3,0,0,1
SYN-C3-1040,3,data_scientist,3,0,3,2,1,2,1,0,3,0,0,1,1,1,0,1,0,0,0,0,1,2,0,2,1,3,software_engineer,,0.3031,3,2,3,1,0,1,2,2,2,0,0,3
SYN-C3-1041,3,data_scientist,1,0,0,0,0,0,0,0,0,0,0,0,0,0,0,0,0,2,0,0,0,0,0,0,0,1,network_engineer,,-1.6323,0,0,0,0,0,0,0,0,0,1,0,0
SYN-C3-1042,4,network_engineer,2,2,1,1,1,1,1,0,1,0,0,0,0,1,0,0,2,2,1,2,1,1,1,0,0,3,network_engineer,qa_engineer,0.1324,2,3,2,2,2,1,1,1,3,3,3,1
SYN-C3-1043,4,data_analyst,0,1,0,0,1,1,0,0,2,0,1,0,1,0,0,0,0,0,0,0,0,1,1,1,0,3,data_analyst,ui_ux_designer,-2.6375,0,0,1,1,0,3,0,2,3,0,0,2
SYN-C3-1044,3,devops_engineer,1,1,0,1,2,0,0,2,1,1,1,0,0,1,1,3,1,0,0,0,0,2,0,1,0,2,devops_engineer,mobile_developer,-0.4197,2,2,0,2,2,2,0,2,1,1,1,2
SYN-C3-1045,4,cybersecurity_analyst|devops_engineer,1,3,1,3,2,1,0,0,2,1,0,0,1,1,1,2,3,2,3,2,0,0,1,1,0,3,cybersecurity_analyst,devops_engineer,0.7453,2,2,1,2,3,2,3,2,2,3,3,1
SYN-C3-1046,3,data_scientist,1,2,0,1,1,0,0,1,2,0,0,1,1,1,0,0,1,1,0,0,0,1,0,0,0,2,data_scientist,,-0.1619,1,1,1,1,1,2,2,0,1,2,1,0
SYN-C3-1047,4,devops_engineer,2,1,0,1,2,1,0,1,2,0,0,1,1,2,3,2,2,1,1,1,0,2,0,1,1,2,devops_engineer,,0.3639,2,2,1,2,3,2,2,2,2,2,2,3
SYN-C3-1048,3,network_engineer|data_scientist,0,1,2,1,0,2,0,0,2,0,0,0,2,1,1,0,1,2,1,1,0,1,0,0,0,2,network_engineer,data_scientist,0.1027,2,1,1,1,1,2,2,1,2,3,2,1
SYN-C3-1049,4,ui_ux_designer,1,0,1,1,1,1,1,1,1,0,1,0,1,0,0,1,0,0,0,0,0,1,2,2,2,2,ui_ux_designer,,-0.5567,1,2,1,2,0,2,1,2,3,0,0,3
SYN-C3-1050,4,network_engineer,0,1,1,1,2,0,0,0,1,1,0,0,1,1,2,2,2,1,1,0,0,1,0,0,0,2,devops_engineer,,-0.6025,1,1,1,1,3,1,1,0,0,3,2,0
SYN-C3-1051,3,project_coordinator,1,1,1,1,1,1,0,0,0,0,0,0,0,0,0,0,0,1,0,0,0,1,0,1,2,2,project_coordinator,,-0.905,0,1,1,0,0,0,0,1,2,1,1,2
SYN-C3-1052,4,software_engineer|qa_engineer,3,0,2,3,2,2,2,1,3,1,1,0,1,1,1,2,1,0,0,2,1,1,0,1,1,2,software_engineer,qa_engineer,-0.1006,3,3,3,2,2,2,1,2,2,1,0,2
SYN-C3-1053,3,qa_engineer|data_scientist,2,1,0,0,1,0,1,1,2,1,0,1,1,0,0,0,2,0,0,2,1,1,0,0,1,3,qa_engineer,data_scientist,-0.5976,1,2,1,2,1,2,1,2,0,1,1,2
SYN-C3-1054,4,software_engineer,3,1,2,2,3,1,2,1,3,0,0,1,2,1,1,2,1,1,1,1,0,1,0,0,1,2,software_engineer,data_scientist,-0.1532,3,2,2,2,2,2,2,1,2,2,2,1
SYN-C3-1055,4,frontend_engineer,1,1,1,1,0,1,0,1,0,0,0,1,1,0,1,0,1,1,1,1,0,3,2,2,2,1,ui_ux_designer,,0.143,1,1,1,0,0,2,0,1,3,0,2,3
SYN-C3-1056,3,business_analyst,3,1,2,2,2,3,2,1,2,2,0,1,2,1,2,0,0,1,2,1,1,2,0,0,2,3,software_engineer,,1.3884,3,3,3,3,1,2,2,2,2,2,2,3
SYN-C3-1057,4,software_engineer,2,1,1,2,2,1,2,0,2,1,0,0,1,0,2,0,1,1,0,1,0,0,0,1,1,3,software_engineer,,-0.5146,3,2,1,2,2,2,1,1,1,1,2,1
SYN-C3-1058,4,network_engineer,1,0,1,1,0,0,0,0,0,0,2,0,1,0,0,1,1,1,1,0,0,1,0,0,0,3,network_engineer,,-0.8486,0,1,0,1,1,1,0,0,1,2,1,1
SYN-C3-1059,4,software_engineer|frontend_engineer,3,1,2,3,3,2,3,1,3,1,1,1,1,1,2,1,0,1,1,2,1,3,1,2,0,3,software_engineer,frontend_engineer,0.9395,3,3,3,3,2,3,2,3,3,1,1,2
SYN-C3-1060,3,mobile_developer,2,1,2,0,1,0,0,0,2,0,1,0,0,0,1,0,0,1,0,2,1,2,0,1,0,1,qa_engineer,,0.0986,1,3,1,1,1,2,1,2,1,0,0,1
SYN-C3-1061,3,ui_ux_designer,0,0,1,1,0,1,0,1,0,0,1,0,0,0,0,0,1,1,0,0,0,1,1,2,0,2,ui_ux_designer,,0.236,0,0,1,0,0,0,0,2,3,1,1,2
SYN-C3-1062,3,frontend_engineer,1,2,3,2,2,3,1,0,1,2,1,1,2,1,1,0,1,1,1,2,1,2,2,1,0,2,frontend_engineer,,1.6896,3,3,3,2,2,3,3,2,3,2,2,3
SYN-C3-1063,4,cybersecurity_analyst,1,2,1,1,2,1,1,0,2,1,2,2,1,1,0,1,1,1,0,0,0,1,0,1,1,3,data_analyst,,-0.4137,2,2,1,2,1,3,3,2,2,2,2,2
SYN-C3-1064,4,software_engineer,3,1,2,2,3,2,1,0,2,0,1,0,1,0,1,1,1,1,0,0,1,2,1,1,0,2,software_engineer,,-0.1818,3,2,3,2,1,2,2,2,3,1,2,2
SYN-C3-1065,3,software_engineer,1,1,2,1,1,0,0,0,1,0,0,0,0,0,0,0,2,2,2,1,0,0,0,1,1,1,network_engineer,,-0.2625,1,1,1,0,1,1,0,0,0,3,3,1
SYN-C3-1066,3,ui_ux_designer,0,1,1,0,0,1,0,1,0,0,0,0,0,0,0,0,1,1,0,0,0,1,0,0,0,1,ui_ux_designer,,-1.2979,0,0,0,0,0,0,0,0,1,0,0,0
SYN-C3-1067,3,data_scientist,0,2,1,1,1,0,0,0,2,0,2,1,1,1,0,0,0,0,0,0,0,1,1,1,1,1,data_scientist,project_coordinator,-0.5398,1,1,1,1,0,3,2,2,1,0,1,2
SYN-C3-1068,3,software_engineer,2,0,1,2,2,1,1,0,2,0,0,0,0,1,0,1,0,1,0,1,0,2,1,1,0,3,software_engineer,,-0.2706,2,2,2,2,1,1,1,3,2,1,0,2
SYN-C3-1069,3,mobile_developer,3,2,1,1,2,1,0,1,1,1,0,0,0,1,0,0,0,2,0,0,0,1,1,1,0,2,mobile_developer,,0.0686,2,2,2,3,1,2,0,1,3,2,2,1
SYN-C3-1070,3,cybersecurity_analyst,2,1,0,1,0,1,0,0,1,0,0,1,0,1,0,1,1,2,2,1,1,0,0,1,0,1,cybersecurity_analyst,,-0.0276,1,1,0,0,1,1,0,0,1,2,3,0
SYN-C3-1071,3,devops_engineer,2,1,0,1,2,1,1,1,2,0,1,0,0,1,2,2,2,2,1,0,0,0,0,1,1,2,devops_engineer,,-0.0839,2,1,1,2,3,2,1,1,1,3,3,2
SYN-C3-1072,3,qa_engineer,2,1,2,0,3,1,2,2,2,1,0,1,0,0,0,0,0,0,1,1,0,2,2,0,1,2,mobile_developer,,0.2429,2,2,2,3,0,1,1,2,3,0,0,2
SYN-C3-1073,4,network_engineer,2,0,0,1,0,1,0,1,2,0,0,0,0,1,0,0,0,2,0,0,0,1,1,0,0,1,network_engineer,,-1.6702,1,1,0,0,0,1,0,1,1,1,1,0
SYN-C3-1074,3,data_scientist,1,3,0,2,1,1,1,0,2,1,2,2,1,1,0,1,0,1,0,0,0,1,1,0,0,2,data_scientist,,0.8117,2,1,1,2,1,2,3,1,2,2,1,1
SYN-C3-1075,4,devops_engineer,0,3,1,2,3,3,1,0,3,0,1,1,1,2,2,3,2,2,2,1,0,2,2,0,0,2,devops_engineer,data_analyst,0.5737,2,1,3,1,3,2,2,2,3,3,3,2
SYN-C3-1076,4,mobile_developer,3,1,1,2,3,1,1,2,1,1,1,1,1,1,1,0,1,1,0,1,0,2,1,1,1,2,mobile_developer,,0.6329,3,2,2,3,1,2,1,2,2,1,1,3
SYN-C3-1077,4,frontend_engineer,2,0,1,0,2,3,1,0,2,1,0,1,1,2,1,2,1,3,0,1,1,3,2,0,0,3,frontend_engineer,devops_engineer,0.2803,3,3,3,2,3,1,1,2,3,1,1,1
SYN-C3-1078,4,qa_engineer|data_scientist,2,1,1,1,2,0,1,0,2,0,0,0,0,0,0,0,0,2,0,0,1,1,0,1,1,3,qa_engineer,data_scientist,-0.8967,1,3,2,2,0,2,0,1,1,1,1,2
SYN-C3-1079,4,project_coordinator,1,1,1,1,0,1,0,1,1,0,1,1,1,0,0,1,1,0,1,1,0,1,1,2,2,3,project_coordinator,,0.0544,1,2,1,1,1,2,1,3,3,1,1,3
SYN-C3-1080,4,mobile_developer|business_analyst,3,1,3,1,2,1,0,2,3,1,2,1,1,1,1,0,1,0,1,1,0,2,2,2,1,3,mobile_developer,business_analyst,0.5429,2,3,3,3,1,3,2,3,3,1,2,3
SYN-C3-1081,4,cybersecurity_analyst,2,1,1,1,0,1,1,0,2,1,0,0,1,1,0,0,1,2,2,1,1,0,0,1,1,2,cybersecurity_analyst,,-0.342,1,1,0,1,1,2,1,1,1,3,3,1
SYN-C3-1082,3,data_scientist,2,2,2,1,1,1,0,0,2,1,1,1,1,1,0,0,0,0,0,1,0,0,0,0,0,1,data_scientist,,0.0109,2,1,1,1,0,2,2,0,1,0,0,0
SYN-C3-1083,4,data_scientist,1,3,1,2,2,1,0,0,2,0,2,1,2,0,0,0,1,1,0,1,0,1,0,1,0,3,data_scientist,business_analyst,-0.1649,2,2,1,1,1,3,3,2,2,1,1,2
SYN-C3-1084,4,qa_engineer,3,1,1,1,2,0,1,0,3,0,0,1,2,2,0,0,2,1,1,2,2,1,1,1,1,3,qa_engineer,devops_engineer,0.3512,3,3,2,2,2,3,2,2,2,2,2,2
SYN-C3-1085,4,network_engineer,1,0,0,0,1,0,0,0,1,0,0,0,0,0,0,0,1,1,0,1,0,2,0,2,1,3,project_coordinator,qa_engineer,-1.9425,0,2,0,0,0,1,0,3,1,0,0,3
SYN-C3-1086,3,software_engineer,2,3,1,3,2,0,0,2,1,0,1,1,3,1,0,1,0,0,1,0,0,2,0,0,1,2,data_scientist,mobile_developer,0.5051,2,2,1,3,1,2,3,2,1,1,1,2
SYN-C3-1087,4,frontend_engineer,1,1,3,2,2,3,1,1,3,1,1,1,1,1,1,1,1,1,1,2,3,2,2,1,1,3,frontend_engineer,,2.3234,3,3,3,2,2,3,2,3,3,2,2,3
SYN-C3-1088,4,business_analyst,3,1,1,1,3,0,0,3,2,1,0,1,1,2,0,0,0,1,1,1,1,1,1,1,1,3,mobile_developer,,0.1282,2,3,2,3,1,2,1,2,2,2,2,2
SYN-C3-1089,3,qa_engineer,2,1,1,0,2,1,1,0,1,0,0,0,0,0,0,0,1,0,0,2,2,1,0,0,1,3,qa_engineer,,0.0893,2,3,2,2,1,1,0,1,2,0,0,1
SYN-C3-1090,4,project_coordinator,0,0,1,2,1,1,0,0,1,1,2,0,1,0,0,0,0,0,1,2,0,3,0,1,2,2,project_coordinator,,-0.0668,1,2,1,1,0,2,1,2,2,1,0,3
SYN-C3-1091,4,ui_ux_designer|business_analyst,1,0,0,0,0,0,0,0,1,0,1,0,0,1,0,0,0,0,0,0,0,2,1,1,0,2,ui_ux_designer,business_analyst,-1.7391,0,1,0,1,0,1,0,2,2,0,0,2
SYN-C3-1092,4,software_engineer,3,0,2,2,1,0,1,1,2,0,0,0,0,0,1,1,1,0,0,0,0,2,1,0,0,1,software_engineer,,-1.5871,3,1,1,2,0,1,1,1,1,0,0,1
SYN-C3-1093,4,frontend_engineer,0,1,3,2,2,2,0,1,0,0,0,0,0,0,0,0,1,0,0,1,1,2,1,0,1,2,frontend_engineer,,-0.7583,1,2,3,1,0,0,0,1,2,1,0,2
SYN-C3-1094,3,software_engineer,3,1,2,3,2,2,1,1,2,2,1,1,1,0,2,1,2,1,0,2,0,2,0,1,1,3,software_engineer,frontend_engineer,0.8086,3,3,2,3,2,3,1,3,2,1,2,3
SYN-C3-1095,3,business_analyst,0,2,1,1,1,1,1,0,3,1,0,2,1,0,1,1,0,2,0,2,0,1,1,2,1,3,business_analyst,,1.1948,2,2,1,2,1,2,2,3,3,1,1,3
SYN-C3-1096,4,data_analyst,1,3,2,2,1,1,2,1,3,1,3,2,2,2,1,2,0,2,2,1,2,1,1,1,1,3,data_analyst,,1.8989,3,3,3,2,2,3,3,2,3,2,3,3
SYN-C3-1097,3,business_analyst,1,1,1,2,1,1,0,0,1,0,0,0,0,0,0,1,0,0,0,1,0,1,0,1,1,3,business_analyst,,-0.8492,1,2,1,1,0,1,0,3,2,0,1,2
SYN-C3-1098,3,ui_ux_designer,1,0,2,0,1,1,0,0,1,0,0,0,0,0,0,0,0,0,0,0,0,0,2,0,0,2,ui_ux_designer,frontend_engineer,-1.8949,0,1,1,1,0,0,0,0,3,0,0,0
SYN-C3-1099,3,frontend_engineer,2,1,2,1,3,3,2,2,1,0,1,1,2,1,2,1,2,0,1,1,0,2,1,1,1,2,frontend_engineer,,1.5306,3,2,3,3,2,3,2,3,3,2,2,3
SYN-C3-1100,3,business_analyst,1,0,0,1,0,0,0,0,1,0,0,0,0,0,0,0,1,0,0,1,0,1,0,1,0,3,business_analyst,,-1.5718,0,1,0,1,0,1,0,2,1,1,0,2
SYN-C3-1101,3,data_scientist,1,2,0,1,0,0,1,0,1,0,1,0,1,0,0,0,0,0,0,1,1,0,1,1,0,1,data_scientist,,-0.8543,0,1,1,1,0,2,1,1,1,0,0,0
SYN-C3-1102,3,qa_engineer|mobile_developer,3,1,2,2,2,1,1,1,3,2,1,0,1,1,1,1,1,1,1,3,2,2,2,1,0,3,qa_engineer,mobile_developer,1.25,3,3,2,3,2,3,1,3,3,2,2,2
SYN-C3-1103,3,data_analyst|frontend_engineer,0,0,2,1,1,1,1,0,2,0,1,1,2,0,0,1,0,0,1,0,1,0,1,1,0,3,data_analyst,frontend_engineer,-0.6215,1,1,2,1,0,3,2,1,2,1,0,2
SYN-C3-1104,3,qa_engineer,1,0,1,1,1,1,0,0,2,0,0,1,0,0,1,0,0,1,0,2,1,2,1,1,0,2,qa_engineer,,0.2119,1,3,2,1,1,2,0,2,2,1,0,2
SYN-C3-1105,3,software_engineer,3,1,2,2,2,0,0,2,3,2,2,0,1,0,1,1,1,1,1,2,0,2,1,2,0,3,software_engineer,qa_engineer,0.5476,3,3,2,3,2,3,1,3,2,1,1,3
SYN-C3-1106,3,devops_engineer,1,1,0,1,2,0,0,1,1,1,1,0,0,1,3,1,3,1,0,1,0,1,0,0,1,3,devops_engineer,business_analyst,0.1957,2,2,1,2,3,1,1,2,1,1,2,2
SYN-C3-1107,4,software_engineer,3,1,2,1,3,1,3,1,2,1,1,0,1,1,0,2,1,2,1,1,0,2,1,2,1,2,software_engineer,,0.9087,3,2,2,3,2,2,1,3,3,3,2,3
SYN-C3-1108,4,data_analyst,1,2,0,0,1,0,0,0,3,0,1,1,1,0,0,0,0,1,1,0,2,1,0,0,0,2,data_analyst,,-0.3389,0,2,0,1,1,3,2,1,1,1,1,1
SYN-C3-1109,4,qa_engineer,2,1,1,0,2,1,0,0,2,0,0,0,1,0,1,0,0,1,0,2,2,2,0,0,1,2,qa_engineer,project_coordinator,-0.2184,2,3,1,1,1,1,1,2,2,0,0,2
SYN-C3-1110,4,devops_engineer,1,2,1,1,1,2,1,0,2,1,0,0,1,0,2,1,2,1,1,1,0,1,1,0,0,2,devops_engineer,,-0.2152,3,2,2,2,3,2,1,1,2,2,2,0
SYN-C3-1111,3,cybersecurity_analyst|business_analyst,1,0,2,1,0,1,0,0,2,0,0,0,0,0,1,0,1,2,1,1,0,1,0,1,1,3,cybersecurity_analyst,business_analyst,-0.1655,1,1,1,1,0,2,0,2,3,2,2,2
SYN-C3-1112,4,cybersecurity_analyst,2,0,1,1,2,1,1,1,1,0,2,2,2,0,0,0,2,3,2,1,0,1,1,1,0,3,cybersecurity_analyst,mobile_developer,0.0232,2,2,2,3,1,3,2,2,3,3,3,2
SYN-C3-1113,4,qa_engineer,1,1,2,0,1,0,0,0,2,0,1,1,0,0,0,0,0,1,0,3,1,2,0,1,0,2,qa_engineer,,-1.0678,1,3,1,1,1,2,1,2,1,0,0,2
SYN-C3-1114,4,network_engineer,1,1,2,0,2,0,0,2,3,0,0,0,1,0,1,0,0,0,0,1,0,1,1,0,1,1,mobile_developer,,-1.046,1,1,2,3,0,1,0,1,1,0,0,0
SYN-C3-1115,3,software_engineer|ui_ux_designer,1,0,1,0,0,1,0,0,1,0,1,0,0,0,1,1,1,0,0,1,0,2,2,2,1,3,business_analyst,ui_ux_designer,0.3635,1,2,1,1,0,1,1,3,3,0,0,3
SYN-C3-1116,3,project_coordinator,0,0,0,2,1,2,0,0,0,0,0,0,0,0,0,0,1,0,0,1,0,3,0,1,2,2,project_coordinator,,0.6292,1,1,1,0,0,1,0,2,2,1,0,3
SYN-C3-1117,3,software_engineer|data_scientist,3,1,1,2,3,0,3,2,3,1,0,1,1,1,0,1,1,1,0,0,0,2,1,0,1,3,mobile_developer,data_scientist,1.2203,3,1,2,3,2,2,2,2,1,1,2,2
SYN-C3-1118,4,software_engineer|project_coordinator,2,0,0,1,2,1,1,0,2,1,1,1,0,0,0,0,1,1,0,1,1,2,0,1,0,3,software_engineer,project_coordinator,-0.9949,3,2,2,2,0,1,1,2,2,1,1,3
SYN-C3-1119,4,software_engineer,1,0,2,2,0,0,0,0,1,0,0,0,0,1,1,1,0,1,0,0,0,1,0,0,0,1,software_engineer,,-2.8569,1,0,1,0,0,0,0,0,1,1,0,0
SYN-C3-1120,3,qa_engineer,3,1,1,1,2,1,1,0,3,1,0,2,1,0,2,0,1,1,1,2,2,1,0,1,0,3,qa_engineer,,1.4826,2,3,2,2,2,2,1,1,2,1,2,1
SYN-C3-1121,3,devops_engineer,0,0,1,1,2,1,0,0,0,0,0,0,0,1,2,0,1,1,0,0,0,0,0,0,0,2,devops_engineer,,-1.3946,1,1,1,0,2,0,0,0,1,1,1,0
SYN-C3-1122,4,ui_ux_designer,1,0,2,2,0,2,1,0,1,0,1,1,1,1,1,1,1,1,0,0,0,1,2,0,1,3,ui_ux_designer,,0.0873,2,1,2,1,1,1,1,2,3,1,2,2
SYN-C3-1123,4,mobile_developer|business_analyst,1,0,1,1,1,0,1,0,2,1,0,0,1,0,0,0,0,0,0,0,0,2,1,2,0,2,mobile_developer,business_analyst,-1.6443,2,2,1,2,0,1,1,2,2,0,0,2
SYN-C3-1124,3,project_coordinator,2,0,0,2,1,2,0,0,1,1,1,0,0,0,0,0,0,0,0,0,0,1,1,1,2,3,project_coordinator,,0.1508,1,1,1,1,0,1,1,2,2,0,0,3
SYN-C3-1125,4,data_analyst,2,1,1,0,1,1,0,0,2,0,1,0,2,0,0,0,1,1,0,1,0,0,1,1,0,1,data_analyst,,-0.5289,1,1,0,1,0,3,1,1,1,0,0,0
SYN-C3-1126,3,devops_engineer,1,0,0,1,0,1,0,0,0,0,0,0,0,1,2,2,1,0,0,0,0,0,0,0,0,1,devops_engineer,,-1.0066,1,0,0,0,1,0,0,0,0,0,1,0
SYN-C3-1127,4,software_engineer,3,1,2,2,1,1,1,1,2,1,0,0,0,0,1,1,0,1,1,1,0,1,0,1,1,2,software_engineer,,-0.5938,3,2,2,2,2,2,1,1,2,1,1,2
SYN-C3-1128,4,frontend_engineer,0,0,3,2,2,3,0,0,1,1,1,0,1,0,0,0,1,1,0,0,1,2,1,1,2,3,frontend_engineer,project_coordinator,-0.8001,2,1,3,1,0,2,1,3,3,1,1,3
SYN-C3-1129,4,data_scientist,0,1,1,2,1,1,0,0,1,0,1,0,1,0,0,0,0,1,0,0,0,0,0,1,0,1,data_scientist,,-1.6871,0,1,0,0,0,2,1,0,1,0,0,1
SYN-C3-1130,4,business_analyst|qa_engineer,2,1,2,0,3,3,2,2,2,1,2,1,2,1,2,1,1,1,1,2,1,2,1,0,1,2,mobile_developer,qa_engineer,1.1267,3,3,3,3,2,3,3,2,2,1,2,1
SYN-C3-1131,4,data_scientist,0,2,2,2,1,0,1,0,3,0,1,2,2,1,0,1,0,1,0,1,0,1,0,1,0,2,data_scientist,network_engineer,-0.587,2,2,1,1,0,3,3,2,1,1,1,1
SYN-C3-1132,3,cybersecurity_analyst,3,2,2,3,1,1,1,0,2,0,1,1,1,1,0,0,1,2,1,1,1,1,1,0,0,3,cybersecurity_analyst,,1.5228,3,2,3,2,1,2,2,2,3,2,2,1
SYN-C3-1133,4,software_engineer|qa_engineer,2,0,1,2,1,2,1,0,2,1,0,1,0,1,1,1,1,1,0,1,0,1,0,0,0,2,software_engineer,qa_engineer,-1.0767,3,2,1,2,1,2,1,1,2,1,1,1
SYN-C3-1134,3,software_engineer,2,0,1,1,0,1,0,0,1,0,0,0,0,0,0,0,1,0,0,0,0,2,0,0,0,1,software_engineer,,-2.0731,1,1,0,1,0,0,0,0,1,0,0,1
SYN-C3-1135,3,data_scientist,1,2,0,2,1,0,0,0,1,0,1,1,2,2,0,1,0,1,0,1,0,2,0,1,0,2,data_scientist,devops_engineer,-1.163,1,2,0,0,2,3,3,2,1,1,1,2
SYN-C3-1136,3,business_analyst,2,2,3,0,2,0,1,1,3,1,0,0,1,0,0,0,0,0,0,0,1,1,0,0,0,1,mobile_developer,,0.1127,1,1,2,3,0,1,1,0,0,0,0,0
SYN-C3-1137,3,software_engineer|cybersecurity_analyst,1,0,1,1,1,1,0,0,1,0,0,0,1,1,1,1,1,1,0,1,0,2,0,0,0,1,software_engineer,cybersecurity_analyst,-1.0416,2,2,0,1,1,0,1,0,1,2,2,1
SYN-C3-1138,3,data_scientist,1,1,0,1,1,0,0,0,3,0,1,2,1,0,0,0,0,1,0,0,0,0,1,1,0,1,data_scientist,,-0.8786,0,0,0,0,0,2,2,1,1,0,1,0
SYN-C3-1139,4,project_coordinator,2,1,0,3,1,2,1,1,1,0,1,0,1,0,0,0,0,1,0,0,0,3,0,2,2,3,project_coordinator,,0.08,1,2,1,2,0,2,1,3,2,0,1,3
SYN-C3-1140,4,frontend_engineer,1,1,2,2,2,3,2,0,1,1,1,1,1,1,1,1,1,1,0,1,1,1,1,1,0,3,frontend_engineer,,0.995,3,2,3,2,2,2,2,2,3,1,2,2
SYN-C3-1141,4,project_coordinator|frontend_engineer,0,2,2,2,3,2,0,0,0,0,0,0,0,0,0,1,1,1,0,1,0,2,0,0,0,2,devops_engineer,frontend_engineer,-1.7786,1,1,2,0,1,0,1,1,2,1,1,1
SYN-C3-1142,4,data_scientist|business_analyst,2,0,1,0,0,1,0,0,3,2,0,0,1,0,0,1,0,0,0,2,1,2,0,1,0,2,qa_engineer,business_analyst,-0.3061,2,3,0,1,0,1,0,2,3,0,0,1
SYN-C3-1143,3,network_engineer,0,0,1,1,1,1,2,1,1,1,1,2,1,1,0,1,3,2,2,1,0,1,1,1,0,1,network_engineer,,0.8662,1,1,1,2,1,1,1,1,2,3,3,2
SYN-C3-1144,4,data_scientist,2,2,1,1,0,0,1,0,3,0,1,1,2,2,0,0,1,1,1,0,0,1,0,0,0,0,data_scientist,,-0.8457,1,0,0,1,1,1,2,0,0,1,2,0
SYN-C3-1145,4,data_scientist,1,2,1,1,1,1,0,0,0,1,2,0,2,1,0,1,1,1,1,1,0,1,1,2,0,2,data_scientist,,-0.0674,2,2,1,1,1,2,3,1,3,2,2,2
SYN-C3-1146,4,data_analyst|cybersecurity_analyst,2,2,1,2,2,2,1,0,3,0,2,0,2,1,1,0,1,2,1,0,0,1,1,1,0,3,data_analyst,cybersecurity_analyst,0.26,3,2,2,2,2,3,2,1,3,2,2,2
SYN-C3-1147,4,data_analyst,1,2,1,2,1,0,0,0,2,1,1,1,1,0,1,1,0,1,0,0,0,0,0,2,0,2,data_analyst,,-0.2369,2,1,0,1,0,3,2,1,1,0,1,1
SYN-C3-1148,4,ui_ux_designer|data_analyst,1,1,1,1,1,1,1,0,2,0,1,1,1,1,1,0,0,1,0,1,0,1,2,1,1,3,ui_ux_designer,data_analyst,0.1172,2,2,1,2,1,3,2,2,3,1,1,2
SYN-C3-1149,4,qa_engineer|network_engineer,1,0,0,0,2,0,0,0,0,0,0,0,0,0,0,0,0,1,0,1,0,1,1,0,0,1,qa_engineer,network_engineer,-2.9041,0,1,1,1,0,0,0,0,1,0,0,0
SYN-C3-1150,3,ui_ux_designer,0,1,1,1,0,1,0,0,1,0,0,0,0,0,0,0,0,0,0,0,0,1,1,2,0,2,ui_ux_designer,,-1.336,0,1,1,1,0,1,0,2,3,0,0,2
SYN-C3-1151,4,qa_engineer,1,2,1,2,2,1,0,0,1,0,1,1,1,0,1,0,0,0,1,1,2,1,0,1,0,2,qa_engineer,,-0.0868,2,3,2,1,1,3,2,2,2,1,1,1
SYN-C3-1152,3,business_analyst,0,0,1,1,2,2,0,0,1,0,0,0,0,0,1,1,1,1,0,1,0,2,1,2,0,3,business_analyst,frontend_engineer,-0.4216,2,2,2,1,1,1,0,3,3,1,1,2
SYN-C3-1153,3,qa_engineer,1,0,0,2,1,0,0,0,1,0,0,0,0,0,1,0,0,0,1,1,1,1,1,0,0,1,qa_engineer,,-1.1737,1,2,1,1,0,0,0,0,0,0,0,0
SYN-C3-1154,3,software_engineer,2,0,2,1,1,1,0,0,2,0,1,0,0,0,0,0,1,2,0,0,0,2,0,1,0,2,software_engineer,,-0.9499,2,2,1,1,1,1,1,2,2,1,1,2
SYN-C3-1155,3,ui_ux_designer,0,0,1,1,2,2,1,0,1,2,0,0,2,0,0,0,0,1,0,1,0,2,2,1,1,1,ui_ux_designer,,0.1269,1,2,2,2,0,1,0,2,3,0,0,2
SYN-C3-1156,4,qa_engineer,1,0,2,1,2,0,0,0,1,0,0,0,0,0,0,0,0,1,0,1,2,3,0,1,0,2,qa_engineer,frontend_engineer,-2.0213,1,3,2,1,0,0,0,1,2,0,0,2
SYN-C3-1157,4,software_engineer,3,1,2,2,2,2,2,0,3,0,1,1,2,1,2,0,1,0,1,0,0,2,2,1,0,2,software_engineer,,0.4651,3,2,3,2,2,3,2,2,3,1,1,2
SYN-C3-1158,3,network_engineer,1,0,0,1,1,2,0,1,1,0,0,0,1,1,0,1,1,2,0,1,0,0,0,1,0,2,network_engineer,,-0.273,1,1,1,0,0,1,1,1,1,2,2,1
SYN-C3-1159,4,network_engineer,2,0,1,2,0,2,1,2,2,0,1,0,2,2,1,1,2,3,3,1,0,1,1,1,0,3,network_engineer,,0.4964,3,2,2,3,2,2,1,2,3,3,3,2
SYN-C3-1160,4,project_coordinator|frontend_engineer,1,1,1,2,2,2,1,1,2,0,0,0,2,2,2,1,2,0,2,1,1,2,1,3,2,3,project_coordinator,frontend_engineer,1.2471,3,3,3,2,3,3,2,3,3,2,3,3
SYN-C3-1161,3,software_engineer|data_scientist,1,1,1,3,1,2,1,0,2,0,0,0,1,1,0,1,0,0,0,0,0,1,0,0,0,1,software_engineer,data_scientist,-0.8414,2,1,2,1,0,1,1,0,1,0,1,0
SYN-C3-1162,4,data_scientist|network_engineer,1,3,1,2,2,0,0,0,2,1,1,2,2,1,2,0,0,1,1,0,1,0,0,0,0,3,data_scientist,network_engineer,0.2222,1,2,1,1,1,2,3,1,0,2,1,1
SYN-C3-1163,4,network_engineer,2,2,2,2,2,1,1,1,1,2,1,1,2,1,0,1,1,3,3,1,1,1,1,1,1,3,network_engineer,,1.5538,3,3,3,3,2,2,2,3,3,3,3,3
SYN-C3-1164,3,devops_engineer,1,1,2,1,1,0,1,0,3,0,1,0,2,1,0,1,2,3,2,0,0,1,0,1,0,3,cybersecurity_analyst,software_engineer,0.1967,2,2,1,2,2,3,2,2,1,3,3,2
SYN-C3-1165,4,data_scientist,2,1,1,1,1,2,1,0,1,1,0,1,0,0,0,0,0,0,1,1,0,1,2,1,1,1,ui_ux_designer,,0.0662,2,2,2,1,0,1,1,2,3,0,0,1
SYN-C3-1166,3,data_scientist,0,0,0,1,0,1,0,0,1,0,0,0,0,0,0,0,0,0,0,0,0,1,2,0,0,2,ui_ux_designer,,-1.5726,0,0,1,0,0,0,0,1,3,0,0,1
SYN-C3-1167,4,devops_engineer,2,1,2,1,2,2,0,1,1,0,0,1,1,2,2,2,3,1,0,0,1,1,0,1,0,1,devops_engineer,,0.4124,2,2,2,1,3,2,1,0,2,1,2,0
SYN-C3-1168,3,data_analyst|devops_engineer,1,2,0,1,1,0,1,0,2,0,1,0,1,0,1,0,1,1,0,0,1,1,0,1,0,3,data_analyst,devops_engineer,0.0939,2,2,1,1,1,3,1,1,1,1,1,2
SYN-C3-1169,3,devops_engineer,0,2,1,1,1,0,0,0,1,0,0,0,0,1,2,1,2,2,0,0,0,0,0,0,0,2,devops_engineer,,-1.2664,1,1,0,0,2,1,1,0,0,2,3,0
SYN-C3-1170,4,frontend_engineer,2,0,2,2,3,3,1,1,1,1,1,0,1,0,1,0,1,2,1,1,1,3,1,1,0,2,frontend_engineer,,0.7086,3,3,3,3,1,2,1,2,3,2,2,2
SYN-C3-1171,3,cybersecurity_analyst,1,1,1,2,1,0,0,1,1,1,0,0,1,0,1,1,1,2,3,1,0,1,0,1,0,2,cybersecurity_analyst,,0.3883,2,2,1,1,2,2,1,1,1,2,3,1
SYN-C3-1172,3,software_engineer,2,1,2,2,3,1,2,1,2,1,1,0,0,0,1,0,0,0,0,0,0,1,0,1,1,3,software_engineer,,-0.0275,3,2,2,3,1,2,1,2,2,0,0,3
SYN-C3-1173,3,data_analyst,2,2,0,2,1,1,1,1,2,0,2,1,1,1,0,1,0,1,1,1,1,1,1,1,1,2,data_analyst,,1.2552,2,2,2,2,1,3,3,2,3,1,1,2
SYN-C3-1174,4,business_analyst|devops_engineer,1,1,1,1,1,0,1,2,3,0,2,0,2,0,1,1,1,1,1,2,0,3,0,2,2,3,business_analyst,devops_engineer,0.2568,2,2,1,2,2,3,2,3,1,1,2,3
SYN-C3-1175,3,qa_engineer,2,0,1,0,2,1,0,0,1,1,0,1,0,1,0,1,0,1,0,2,1,1,0,0,0,3,qa_engineer,,0.2049,2,3,1,2,1,0,1,1,2,0,0,0
SYN-C3-1176,4,ui_ux_designer|mobile_developer,2,1,0,2,2,1,0,2,2,1,0,0,0,0,1,0,0,0,1,0,1,1,1,1,0,3,ui_ux_designer,mobile_developer,-0.7028,2,2,2,2,1,1,1,2,3,0,1,2
SYN-C3-1177,3,software_engineer,2,1,2,2,2,1,1,0,2,1,0,0,0,0,1,0,1,1,0,2,0,2,1,1,0,2,software_engineer,,1.1711,3,3,3,3,2,2,1,2,3,1,1,2
SYN-C3-1178,3,data_scientist,0,2,0,0,1,2,0,0,3,0,1,2,2,1,0,0,0,0,0,0,0,0,1,0,1,1,data_scientist,,-0.6559,1,0,1,0,0,2,3,1,1,0,0,0
SYN-C3-1179,4,project_coordinator,1,0,2,1,0,0,1,1,2,1,1,1,1,0,0,0,0,0,0,0,0,2,0,1,0,2,mobile_developer,data_analyst,-1.5595,2,1,1,2,0,2,1,2,1,0,0,2
SYN-C3-1180,4,mobile_developer,1,0,0,0,1,0,1,1,1,0,0,0,0,0,0,0,0,0,1,0,0,0,0,0,0,1,mobile_developer,,-1.6104,0,0,0,1,0,0,0,0,0,0,0,0
SYN-C3-1181,4,network_engineer|frontend_engineer,1,2,2,2,2,2,1,0,2,0,2,2,0,1,0,1,1,3,0,0,0,1,0,1,0,2,network_engineer,frontend_engineer,-0.2442,3,2,2,2,2,3,3,1,2,3,2,2
SYN-C3-1182,4,devops_engineer,3,2,1,2,3,1,1,0,2,2,1,2,2,2,3,2,3,3,2,1,1,2,1,2,3,3,devops_engineer,,2.3239,3,2,3,3,3,3,3,3,3,3,3,3
SYN-C3-1183,4,devops_engineer,2,0,0,1,0,0,0,0,1,0,0,1,2,0,0,0,0,0,0,1,0,1,1,1,1,2,project_coordinator,,-1.6886,1,1,0,1,0,2,1,2,1,0,0,2
SYN-C3-1184,4,data_scientist,1,2,2,2,2,1,1,0,3,0,0,3,2,1,0,1,2,1,2,1,0,1,1,1,1,3,data_scientist,,0.3497,3,2,3,2,2,2,3,2,3,3,3,2
SYN-C3-1185,3,network_engineer,0,0,0,1,1,0,0,0,0,0,0,0,0,0,0,1,1,2,1,0,0,0,0,1,1,2,network_engineer,,-0.4237,0,0,0,0,1,0,0,0,0,3,1,1
SYN-C3-1186,4,data_scientist,0,2,1,1,2,1,0,0,2,1,0,1,2,1,0,1,0,0,1,0,0,0,0,0,0,2,data_scientist,,-1.0844,1,0,1,1,1,3,3,0,1,1,1,0
SYN-C3-1187,4,devops_engineer,0,2,2,1,2,2,1,1,1,0,1,1,1,2,2,2,1,1,0,0,0,0,0,2,0,2,devops_engineer,,0.4399,2,1,2,1,3,2,2,2,1,1,2,1
SYN-C3-1188,3,business_analyst,1,0,0,0,1,1,0,0,1,0,1,0,0,0,1,0,0,0,0,0,1,2,2,1,2,2,business_analyst,,-0.2997,1,2,1,1,0,1,0,3,3,0,0,2
SYN-C3-1189,4,software_engineer,2,2,1,2,1,1,2,0,2,1,1,1,1,1,2,1,1,1,0,1,0,3,2,3,1,3,business_analyst,project_coordinator,0.5831,3,3,2,3,2,3,2,3,3,1,2,3
SYN-C3-1190,3,data_analyst,2,2,1,2,3,0,1,0,3,0,3,0,2,0,0,0,1,1,0,1,0,1,0,0,0,3,data_analyst,software_engineer,0.0348,2,2,2,2,1,3,2,1,1,1,1,1
SYN-C3-1191,4,ui_ux_designer,2,1,1,2,2,3,1,1,2,1,1,1,2,1,1,1,1,2,1,1,1,3,3,2,0,3,ui_ux_designer,,2.0525,3,3,3,3,2,3,3,3,3,2,3,2
SYN-C3-1192,4,network_engineer,1,1,0,0,0,1,0,0,1,0,0,0,0,0,0,0,1,1,1,1,1,0,0,0,0,1,network_engineer,,-0.6074,0,1,0,0,0,0,0,0,0,1,1,0
SYN-C3-1193,4,business_analyst,2,1,1,2,1,1,0,0,1,1,1,1,0,0,0,0,1,2,1,1,0,3,2,3,1,3,business_analyst,,0.1574,2,3,1,2,1,2,1,3,3,2,2,3
SYN-C3-1194,3,frontend_engineer,0,1,2,0,2,2,1,0,1,0,1,0,0,1,1,0,0,1,1,1,1,2,1,0,0,2,frontend_engineer,,-0.0429,2,2,3,2,2,1,1,2,2,1,1,1
SYN-C3-1195,3,network_engineer|cybersecurity_analyst,1,1,0,3,1,1,1,0,2,0,1,0,0,1,0,0,3,3,1,0,1,0,1,2,1,3,network_engineer,cybersecurity_analyst,1.6806,1,1,1,1,1,2,1,2,2,3,3,2
SYN-C3-1196,4,software_engineer,2,0,1,1,1,2,1,0,2,0,1,1,1,0,0,1,0,0,0,0,0,0,1,1,0,2,software_engineer,,-0.996,2,1,2,1,0,2,2,2,2,0,0,1
SYN-C3-1197,4,ui_ux_designer|mobile_developer,2,1,1,1,2,2,1,2,2,2,0,2,1,0,2,2,1,1,1,0,2,2,3,2,0,3,ui_ux_designer,mobile_developer,1.7658,3,3,2,3,2,2,2,2,3,1,2,2
SYN-C3-1198,4,project_coordinator,0,2,1,2,0,0,0,0,1,1,1,0,1,0,0,1,0,1,0,0,0,3,0,1,2,3,project_coordinator,data_scientist,-0.4851,1,1,0,1,0,3,2,2,1,1,0,3
SYN-C3-1199,3,cybersecurity_analyst,1,1,1,1,1,1,0,1,1,1,0,1,0,1,1,0,1,3,2,1,0,0,2,0,0,2,cybersecurity_analyst,,0.6188,2,1,1,1,1,1,1,1,3,3,3,1
SYN-C3-1200,3,project_coordinator,2,1,2,1,1,3,1,1,2,1,1,1,1,0,1,1,1,1,1,1,1,1,1,1,1,3,frontend_engineer,,1.3929,3,2,3,2,2,3,2,3,3,1,1,2
SYN-C3-1201,3,qa_engineer|mobile_developer,1,0,1,0,2,0,0,1,1,0,1,0,0,0,0,0,0,0,0,1,1,1,0,0,0,2,qa_engineer,mobile_developer,-1.7506,1,3,1,1,0,0,0,1,0,0,0,1
SYN-C3-1202,3,data_scientist,1,2,0,2,2,1,1,0,2,1,1,3,2,0,0,1,0,1,0,1,0,1,1,1,1,1,data_scientist,,0.5328,2,1,2,1,1,3,3,2,1,0,0,2
SYN-C3-1203,3,software_engineer,3,0,2,1,1,1,2,0,2,1,0,0,0,0,2,0,0,1,0,1,1,2,0,1,0,3,software_engineer,business_analyst,-0.1706,3,3,2,2,1,1,0,3,2,0,0,2
SYN-C3-1204,3,software_engineer|mobile_developer,2,0,1,1,2,0,1,1,2,2,0,0,0,0,0,0,0,1,1,1,0,1,0,0,0,2,software_engineer,mobile_developer,-1.3604,2,2,1,3,0,1,0,1,1,1,1,1
SYN-C3-1205,3,cybersecurity_analyst,1,0,1,1,0,0,2,0,2,0,0,1,0,1,1,0,0,0,0,1,1,1,0,1,0,3,business_analyst,,0.2823,2,2,1,1,0,2,1,2,1,0,0,2
SYN-C3-1206,3,cybersecurity_analyst,1,1,0,2,0,0,0,0,1,0,1,0,0,2,0,1,0,2,1,0,0,1,0,1,1,2,cybersecurity_analyst,,-0.0172,1,1,0,0,1,2,1,2,1,2,3,2
SYN-C3-1207,4,ui_ux_designer,1,0,1,1,1,2,1,0,1,0,0,0,1,1,0,0,0,1,2,0,2,1,1,1,0,2,ui_ux_designer,,-0.8977,1,2,2,2,1,1,1,1,3,2,1,1
SYN-C3-1208,4,network_engineer,1,1,1,1,0,1,0,2,1,1,0,1,1,2,0,0,2,2,1,1,0,1,0,1,1,3,network_engineer,,0.0473,1,2,1,2,2,2,1,1,2,3,3,2
SYN-C3-1209,4,qa_engineer,1,1,0,1,2,1,0,0,2,1,2,0,1,0,0,1,0,2,0,1,2,3,0,3,0,3,business_analyst,,0.6966,1,3,1,1,1,3,2,3,2,1,1,2
SYN-C3-1210,3,cybersecurity_analyst,1,1,1,3,3,2,1,0,2,0,0,1,1,2,1,1,2,3,2,1,1,2,1,1,1,3,cybersecurity_analyst,,2.2387,3,3,3,2,3,2,2,2,3,3,3,3
SYN-C3-1211,3,network_engineer,0,0,0,0,0,0,0,0,0,0,1,0,0,0,0,0,1,2,0,0,0,0,0,0,0,1,network_engineer,,-1.2819,0,0,0,0,0,0,0,0,0,1,0,0
SYN-C3-1212,3,software_engineer,3,2,2,2,0,2,3,1,2,1,0,1,0,2,1,1,0,1,0,2,0,2,0,0,0,2,software_engineer,,0.8601,3,2,1,2,1,1,2,1,2,1,1,1
SYN-C3-1213,3,devops_engineer,2,3,1,2,2,1,0,1,3,0,0,1,1,1,0,1,1,1,1,2,0,0,0,1,1,3,data_scientist,,1.5467,2,2,1,1,2,3,2,1,1,2,2,2
SYN-C3-1214,3,data_analyst,1,1,0,1,1,1,0,0,1,0,0,0,0,1,0,0,2,2,2,2,0,1,1,0,0,2,network_engineer,,0.6908,1,2,1,1,1,1,1,0,2,3,3,0
SYN-C3-1215,3,data_analyst,2,2,2,2,2,2,1,1,1,1,1,1,1,0,0,1,0,0,0,0,1,1,0,1,2,3,data_analyst,frontend_engineer,0.8629,3,2,3,2,1,2,2,2,2,0,0,3
SYN-C3-1216,4,software_engineer|network_engineer,3,2,1,2,3,2,1,0,1,0,0,1,0,1,1,0,1,1,1,1,1,1,0,1,0,2,software_engineer,network_engineer,-0.5773,3,3,2,2,2,1,1,1,2,2,2,1
SYN-C3-1217,4,frontend_engineer|data_scientist,3,2,2,2,3,1,3,1,3,2,1,2,3,2,1,1,3,1,1,1,0,2,0,1,1,3,software_engineer,data_scientist,1.2901,3,2,2,3,3,3,3,3,3,2,2,3
SYN-C3-1218,3,ui_ux_designer,2,0,1,1,1,1,1,1,0,0,1,0,0,0,1,0,0,1,0,1,1,1,2,1,0,2,ui_ux_designer,qa_engineer,-0.5229,2,2,2,2,0,1,0,2,3,1,0,2
SYN-C3-1219,4,ui_ux_designer,0,0,1,1,1,1,0,0,2,1,0,1,0,1,0,0,0,0,0,0,0,1,2,1,1,1,ui_ux_designer,,-1.2119,1,1,1,1,0,1,0,1,3,0,0,1
SYN-C3-1220,4,software_engineer,3,1,2,3,2,1,0,0,3,1,0,0,1,2,1,2,2,1,0,2,0,1,0,0,0,2,software_engineer,,-0.2532,3,2,2,2,3,2,2,0,2,2,2,1
SYN-C3-1221,3,ui_ux_designer,1,0,1,1,2,1,1,1,0,0,0,1,1,1,0,0,1,1,1,0,1,1,2,0,0,2,ui_ux_designer,,0.0945,1,1,2,2,1,0,1,0,3,2,1,1
SYN-C3-1222,4,frontend_engineer|project_coordinator,3,2,3,3,3,3,1,1,1,2,2,1,1,0,1,1,0,1,1,2,1,2,1,3,2,3,frontend_engineer,project_coordinator,2.0614,3,3,3,3,1,3,2,3,3,1,1,3
SYN-C3-1223,4,frontend_engineer,3,3,2,3,2,2,1,0,3,0,2,1,2,0,1,0,1,1,1,1,0,2,2,2,1,2,frontend_engineer,data_analyst,0.8984,3,2,3,2,1,3,3,3,3,1,2,3
SYN-C3-1224,3,business_analyst,1,1,0,0,0,2,0,0,3,0,0,0,0,0,0,0,0,0,0,0,1,1,1,2,1,3,business_analyst,,-0.3796,0,1,1,1,0,1,0,2,3,0,0,2
SYN-C3-1225,3,network_engineer|data_scientist,3,3,3,3,2,2,2,0,3,1,1,1,3,2,1,1,2,1,1,1,1,1,2,1,0,3,software_engineer,data_scientist,1.2488,3,2,3,2,2,3,3,2,3,2,2,2
SYN-C3-1226,4,business_analyst,1,3,0,0,1,0,0,0,2,0,0,1,1,0,0,1,0,1,0,1,0,2,0,3,0,3,business_analyst,,-0.4497,1,2,0,1,0,2,2,3,1,0,0,2
SYN-C3-1227,4,software_engineer,2,0,1,1,3,1,1,2,2,0,0,0,0,1,0,1,2,1,0,1,1,0,1,1,1,2,software_engineer,,-0.4491,2,2,2,3,1,1,1,1,2,1,2,1
SYN-C3-1228,3,software_engineer,2,0,2,2,2,2,0,2,2,1,1,0,1,2,1,1,1,1,0,1,0,1,0,0,1,2,software_engineer,,1.2709,3,2,2,3,2,1,2,1,2,1,1,2
SYN-C3-1229,4,ui_ux_designer,1,1,1,1,0,1,0,1,2,0,0,0,2,0,0,1,0,1,0,0,0,0,2,2,0,3,ui_ux_designer,,-0.6883,0,1,0,0,0,3,1,1,3,0,1,1
SYN-C3-1230,4,mobile_developer,2,2,1,1,2,0,2,2,1,1,0,0,1,1,1,0,1,1,0,0,0,1,0,1,1,2,mobile_developer,,0.0405,2,2,1,3,2,2,1,1,1,2,2,2
SYN-C3-1231,4,cybersecurity_analyst|data_analyst,2,2,2,1,1,1,1,1,3,0,1,0,1,1,2,1,2,3,2,1,0,0,0,2,0,3,cybersecurity_analyst,data_analyst,1.183,3,2,1,1,2,3,2,2,1,3,3,2
SYN-C3-1232,3,devops_engineer,1,1,0,1,3,2,1,0,2,1,1,0,1,1,2,2,1,1,2,0,1,2,0,0,0,3,devops_engineer,,1.0676,2,2,2,1,3,2,2,2,2,2,2,2
SYN-C3-1233,3,frontend_engineer|data_analyst,2,1,3,2,2,3,1,0,2,0,1,1,1,0,1,0,0,0,0,1,2,1,2,1,0,2,frontend_engineer,data_analyst,0.4083,3,3,3,2,1,3,2,2,3,0,0,2
SYN-C3-1234,4,devops_engineer,0,1,0,1,2,1,1,0,2,0,0,1,1,2,2,2,3,3,0,1,0,0,1,2,1,2,devops_engineer,,-0.0739,2,1,1,1,3,2,1,2,1,3,2,1
SYN-C3-1235,4,ui_ux_designer,2,0,1,0,1,1,1,0,1,0,0,0,0,0,0,0,0,0,1,1,0,2,2,1,0,2,ui_ux_designer,,-1.1256,1,2,1,2,0,0,0,2,3,0,0,1
SYN-C3-1236,3,software_engineer,2,1,2,2,1,0,3,0,2,1,0,0,0,0,0,1,1,1,0,1,0,1,0,0,0,2,software_engineer,,-0.6182,3,2,1,2,1,2,1,0,1,1,1,0
SYN-C3-1237,4,qa_engineer,2,1,2,2,1,1,0,1,1,0,0,0,0,0,1,0,1,2,0,1,2,2,0,1,1,2,qa_engineer,,-0.3495,2,3,1,1,1,1,1,2,2,1,2,3
SYN-C3-1238,3,ui_ux_designer|cybersecurity_analyst,1,1,1,0,0,2,0,0,0,0,0,1,0,0,0,0,0,2,0,0,0,1,1,1,0,1,ui_ux_designer,cybersecurity_analyst,-0.9687,0,1,1,1,0,0,0,0,3,0,0,1
SYN-C3-1239,4,cybersecurity_analyst,1,1,0,1,0,0,0,1,1,0,0,1,1,1,1,0,3,3,2,0,0,0,0,0,0,1,cybersecurity_analyst,,-1.2398,0,0,0,0,1,1,0,0,0,3,3,0
SYN-C3-1240,4,cybersecurity_analyst,1,1,1,3,1,0,0,0,1,1,0,1,2,2,1,0,2,2,3,1,1,1,2,0,0,1,cybersecurity_analyst,,0.0605,2,2,1,1,2,1,2,1,1,3,3,0
SYN-C3-1241,4,business_analyst,1,2,0,0,1,2,1,0,2,0,2,0,1,1,0,0,0,2,0,1,1,2,1,3,2,3,business_analyst,,-0.1956,1,2,2,1,1,2,1,3,2,1,2,3
SYN-C3-1242,4,mobile_developer,2,1,2,0,2,1,0,2,2,0,0,0,0,0,0,1,1,1,0,1,1,0,2,1,0,1,mobile_developer,,0.1171,2,2,2,2,1,1,0,1,2,0,1,0
SYN-C3-1243,3,ui_ux_designer,0,1,2,0,1,2,2,2,1,0,0,1,0,0,0,1,1,1,1,0,0,2,3,1,0,3,ui_ux_designer,,0.3958,1,2,2,2,1,1,0,2,3,1,1,2
SYN-C3-1244,3,mobile_developer,2,2,2,1,2,2,1,2,2,1,1,0,1,0,2,1,1,1,0,1,1,2,1,0,1,3,mobile_developer,,1.6157,3,2,3,3,2,2,1,2,2,1,1,2
SYN-C3-1245,3,business_analyst|data_scientist,3,2,0,1,1,0,0,1,2,0,1,0,2,0,1,0,0,0,0,0,0,1,0,1,0,2,business_analyst,data_scientist,-0.6874,1,1,0,1,0,3,2,2,1,0,0,1
SYN-C3-1246,4,qa_engineer,2,1,2,2,2,2,2,0,2,0,0,1,2,1,1,0,1,1,1,2,2,1,0,2,1,2,qa_engineer,frontend_engineer,0.3805,3,3,3,2,2,3,2,2,2,2,2,2
SYN-C3-1247,3,business_analyst|data_analyst,1,1,1,1,2,0,0,2,2,1,2,1,1,1,1,0,0,1,0,2,0,2,2,1,1,3,business_analyst,data_analyst,0.9226,2,3,1,2,1,3,1,3,3,1,1,3
SYN-C3-1248,4,data_scientist,1,2,1,2,2,1,1,1,3,1,3,2,3,1,0,2,0,1,1,0,0,1,0,1,0,3,data_scientist,,0.2601,2,2,2,2,2,3,3,1,2,1,1,2
SYN-C3-1249,3,qa_engineer,2,0,1,0,1,1,0,0,2,0,0,0,1,1,0,1,1,0,1,2,2,2,1,2,1,3,qa_engineer,,0.9873,2,3,1,2,1,2,0,3,2,1,1,2
SYN-C3-1250,3,frontend_engineer,2,1,1,1,1,1,1,0,2,0,0,1,1,1,0,0,2,2,3,1,0,1,0,1,1,2,cybersecurity_analyst,business_analyst,0.5629,2,2,1,2,1,2,1,2,2,3,3,2
SYN-C3-1251,4,network_engineer,1,1,1,0,1,2,0,0,2,1,1,0,1,1,0,1,1,3,1,0,1,2,1,2,0,2,network_engineer,business_analyst,0.3792,2,2,1,1,1,2,1,2,2,3,3,2
SYN-C3-1252,3,data_analyst|cybersecurity_analyst,0,2,0,1,1,0,0,0,2,0,2,1,2,0,0,0,0,1,1,0,0,0,2,1,0,2,data_analyst,cybersecurity_analyst,-0.0275,0,1,1,0,0,3,2,1,1,1,2,1
SYN-C3-1253,3,cybersecurity_analyst,1,2,2,2,1,1,0,1,1,1,1,0,1,1,1,1,2,2,2,0,1,1,1,1,1,3,cybersecurity_analyst,,1.9635,2,2,2,2,2,2,2,3,3,3,3,2
SYN-C3-1254,4,mobile_developer|devops_engineer,3,1,1,2,2,1,1,1,2,0,0,1,1,1,0,1,1,2,0,0,0,1,1,2,0,2,mobile_developer,devops_engineer,-0.1404,3,2,3,3,2,2,2,2,3,2,2,1
SYN-C3-1255,3,project_coordinator,1,1,2,2,1,1,1,0,1,1,1,1,1,0,0,0,1,2,0,2,1,1,0,1,2,3,project_coordinator,,1.2493,2,3,2,2,0,2,1,2,2,1,2,3
SYN-C3-1256,3,software_engineer|data_scientist,3,1,1,1,3,1,0,0,2,1,0,1,1,1,0,0,0,1,0,0,0,1,1,1,0,3,software_engineer,data_scientist,-0.1943,2,2,2,2,1,2,1,1,3,1,1,2
SYN-C3-1257,4,frontend_engineer,2,1,1,1,2,0,0,1,2,0,0,0,1,0,0,0,0,0,0,2,1,3,0,1,0,3,qa_engineer,frontend_engineer,-1.1763,1,3,2,2,0,2,1,2,1,0,0,2
SYN-C3-1258,4,cybersecurity_analyst,2,1,0,2,1,1,0,0,2,1,0,1,0,1,1,1,1,3,2,1,1,0,1,1,0,2,cybersecurity_analyst,,0.176,2,2,1,1,2,3,1,1,2,3,3,1
SYN-C3-1259,3,cybersecurity_analyst,3,1,2,1,2,1,2,0,3,1,1,1,0,2,1,0,2,1,1,0,0,2,0,0,0,3,software_engineer,,1.0403,3,2,2,2,2,2,1,1,2,2,2,2
SYN-C3-1260,4,software_engineer,2,0,1,3,1,1,2,1,2,0,0,0,0,1,1,0,2,1,1,1,0,0,1,1,0,2,software_engineer,,0.0991,3,2,1,2,1,1,0,2,2,2,2,1
SYN-C3-1261,3,business_analyst|ui_ux_designer,0,1,2,0,1,0,0,0,2,0,1,0,0,0,2,1,2,2,0,1,0,2,1,1,0,3,business_analyst,ui_ux_designer,0.018,1,2,1,1,2,2,1,3,2,1,2,2
SYN-C3-1262,3,software_engineer,1,0,1,1,0,1,1,0,1,0,0,0,0,0,0,0,1,0,0,0,0,0,0,0,0,3,software_engineer,,-1.8029,1,1,0,1,0,1,0,1,1,0,0,0
SYN-C3-1263,4,cybersecurity_analyst|data_scientist,2,1,1,2,3,0,0,0,1,0,1,1,1,1,0,0,1,3,2,0,0,2,1,1,0,3,cybersecurity_analyst,data_scientist,-0.3502,2,2,2,2,2,2,2,3,2,3,3,3
SYN-C3-1264,4,qa_engineer,2,1,1,1,1,1,0,1,2,1,0,1,1,1,1,0,0,0,0,2,2,2,0,1,0,2,qa_engineer,,-0.109,2,3,1,2,1,2,2,1,2,0,1,1
SYN-C3-1265,3,network_engineer,0,2,1,2,0,0,1,0,2,0,1,2,1,0,0,0,2,2,2,0,0,1,1,0,0,2,network_engineer,data_scientist,-0.3646,1,1,1,1,1,2,2,1,1,3,3,1
SYN-C3-1266,4,business_analyst,2,1,1,0,2,1,0,0,2,0,2,1,1,0,0,0,0,1,1,1,1,2,1,3,1,3,business_analyst,,-0.058,2,3,2,2,1,2,1,3,3,1,1,3
SYN-C3-1267,3,business_analyst,1,1,1,0,3,0,0,0,1,0,0,1,1,0,0,2,0,1,0,2,1,3,0,1,1,2,qa_engineer,,0.6759,1,3,1,1,1,1,1,2,1,0,0,2
SYN-C3-1268,4,mobile_developer,2,1,1,2,2,1,1,2,2,1,0,0,2,1,0,1,1,2,0,1,0,1,0,1,1,3,mobile_developer,,0.1456,3,1,1,3,1,2,2,2,2,1,2,2
SYN-C3-1269,4,devops_engineer,1,1,1,1,2,2,0,0,2,1,0,1,1,0,1,0,1,1,0,3,1,2,0,1,1,1,qa_engineer,,-0.5071,2,3,2,1,1,2,1,1,2,0,1,2
SYN-C3-1270,4,mobile_developer,3,1,3,2,3,1,2,2,1,1,1,1,2,1,1,0,0,2,0,1,1,1,2,2,1,2,mobile_developer,,1.6109,3,2,3,3,1,2,2,3,3,1,1,2
SYN-C3-1271,3,project_coordinator,0,0,0,1,0,0,0,0,0,0,0,0,1,0,0,0,0,1,0,0,0,2,0,1,2,1,project_coordinator,,-0.2486,0,0,0,0,0,0,0,1,0,0,0,3
SYN-C3-1272,4,project_coordinator,2,1,0,3,2,2,1,1,1,1,2,1,3,1,0,1,1,1,1,1,1,3,1,2,3,3,project_coordinator,,1.2452,2,2,3,3,2,3,3,3,2,2,2,3
SYN-C3-1273,4,software_engineer,3,0,2,2,1,2,2,0,1,1,0,0,0,0,1,1,1,1,0,2,0,1,0,1,1,2,software_engineer,network_engineer,-0.4803,3,2,2,2,1,1,0,1,2,1,1,2
SYN-C3-1274,3,software_engineer,2,1,1,2,1,1,0,0,2,0,0,0,0,1,1,1,0,0,0,1,0,1,0,1,0,2,software_engineer,,-0.6743,3,2,1,1,1,1,1,1,2,0,1,1
SYN-C3-1275,4,business_analyst,1,0,1,1,0,1,1,1,1,0,1,0,1,0,0,0,0,0,0,1,0,2,0,2,0,3,business_analyst,frontend_engineer,-1.3271,1,2,1,1,0,2,0,3,2,0,0,2
SYN-C3-1276,4,data_analyst,1,1,1,2,2,0,0,0,2,1,1,0,1,0,0,1,1,2,0,0,0,2,0,1,1,3,business_analyst,,0.0633,2,2,1,1,1,2,2,3,1,2,2,3
SYN-C3-1277,4,business_analyst|devops_engineer,2,2,0,1,2,1,0,1,3,0,2,1,2,1,2,2,1,0,1,2,0,3,1,3,1,2,business_analyst,devops_engineer,1.1615,2,2,1,2,2,3,3,3,2,1,1,2
SYN-C3-1278,4,cybersecurity_analyst,1,2,3,2,1,1,0,1,3,0,0,0,0,0,0,2,2,2,2,2,1,1,0,1,1,3,cybersecurity_analyst,project_coordinator,0.1299,2,2,2,1,2,2,1,2,3,3,3,3
SYN-C3-1279,3,mobile_developer,0,1,0,0,0,1,0,0,0,0,0,1,0,0,0,0,0,1,1,0,0,0,0,0,0,1,cybersecurity_analyst,,-0.8691,0,0,0,0,0,0,0,0,0,1,1,0
SYN-C3-1280,3,devops_engineer,1,0,0,1,2,0,0,0,0,0,0,0,0,2,0,1,1,1,0,0,0,2,0,0,0,2,devops_engineer,,-1.438,1,1,1,0,2,0,0,0,1,1,1,1
SYN-C3-1281,3,data_scientist|frontend_engineer,2,2,1,2,2,1,0,0,2,0,1,2,1,1,0,0,0,0,1,0,0,1,0,0,0,2,data_scientist,frontend_engineer,-0.1863,2,2,2,1,1,2,3,1,2,1,1,1
SYN-C3-1282,3,devops_engineer,1,2,0,1,2,0,0,0,1,0,0,1,1,2,2,2,2,2,2,1,1,1,0,1,0,3,devops_engineer,cybersecurity_analyst,0.0434,1,3,0,1,3,2,2,1,1,3,3,2
SYN-C3-1283,3,business_analyst,2,0,0,1,0,0,0,1,1,1,0,0,0,0,0,0,1,1,0,0,0,2,0,3,0,1,business_analyst,,-0.6818,1,1,0,1,0,0,0,2,0,1,0,1
SYN-C3-1284,3,data_scientist|software_engineer,2,2,1,2,3,2,0,1,2,1,0,1,1,1,1,1,2,0,0,2,0,1,1,0,0,2,data_scientist,software_engineer,0.3593,3,2,2,2,2,2,3,1,2,2,2,1
SYN-C3-1285,3,mobile_developer,2,0,0,1,2,0,0,1,1,0,0,0,1,0,1,0,0,0,0,0,0,0,0,1,0,1,mobile_developer,,-0.7594,1,0,0,1,0,1,0,0,0,0,0,0
SYN-C3-1286,3,data_scientist,0,2,1,2,1,1,1,0,3,0,2,1,2,1,0,0,0,1,0,2,1,0,0,0,0,1,data_scientist,,0.6668,1,2,1,0,0,3,3,0,0,1,1,0
SYN-C3-1287,3,qa_engineer|business_analyst,2,0,1,0,1,0,0,0,2,0,1,0,0,0,0,0,0,0,0,2,1,1,1,1,0,3,qa_engineer,business_analyst,-1.4622,1,3,1,2,0,1,1,3,2,0,0,1
SYN-C3-1288,3,data_analyst,1,0,1,0,0,0,0,0,2,0,1,0,2,1,0,0,1,2,0,0,0,0,0,1,0,1,data_analyst,,-1.3057,0,0,0,0,0,2,1,1,1,1,1,0
SYN-C3-1289,4,cybersecurity_analyst,1,1,0,1,1,0,2,1,1,0,1,0,1,2,0,0,1,2,3,0,0,1,0,1,0,2,cybersecurity_analyst,,-0.721,1,2,0,1,2,2,2,1,1,3,3,2
SYN-C3-1290,3,mobile_developer,3,0,0,0,2,0,1,1,1,0,0,1,1,1,1,0,0,0,1,0,1,0,1,1,0,2,mobile_developer,,0.3054,2,2,1,3,1,1,1,1,1,1,0,0
SYN-C3-1291,3,network_engineer,2,0,1,1,1,0,0,0,1,0,0,1,0,1,0,0,0,3,0,1,0,1,0,0,0,1,network_engineer,,-0.9671,2,2,0,1,0,0,0,1,0,2,1,0
SYN-C3-1292,3,software_engineer,1,0,1,3,2,2,1,0,3,1,0,1,0,0,0,0,2,1,1,0,0,1,1,0,0,2,software_engineer,cybersecurity_analyst,-0.1007,3,2,2,2,2,1,1,1,2,2,2,1
SYN-C3-1293,4,frontend_engineer,2,0,3,2,2,3,2,0,2,1,1,1,1,1,1,1,1,2,0,2,1,3,1,1,1,3,frontend_engineer,qa_engineer,1.0945,3,3,3,2,2,2,2,3,2,1,2,3
SYN-C3-1294,4,mobile_developer,2,1,1,0,3,1,1,1,1,1,0,0,0,1,1,0,0,0,0,1,1,1,1,0,1,2,mobile_developer,qa_engineer,-0.5668,2,2,3,3,1,0,0,1,2,1,0,1
SYN-C3-1295,4,mobile_developer,1,0,0,0,1,0,2,1,1,0,0,0,0,1,0,0,0,0,0,0,0,1,1,0,0,2,mobile_developer,,-1.8589,1,1,1,3,0,0,0,1,1,0,0,0
SYN-C3-1296,4,business_analyst,3,2,2,1,2,1,1,0,3,0,0,0,1,2,1,1,1,1,1,2,3,2,1,1,0,3,qa_engineer,,0.696,3,3,3,2,2,2,2,2,2,2,2,2
SYN-C3-1297,4,data_scientist,2,2,1,3,2,0,0,0,2,0,1,1,2,0,0,1,2,1,0,0,0,1,1,0,1,3,data_scientist,,-0.0795,2,1,2,2,2,3,2,2,2,1,2,2
SYN-C3-1298,4,ui_ux_designer,0,0,1,2,1,1,0,0,2,0,2,0,1,0,0,1,0,1,1,0,1,1,2,0,0,2,ui_ux_designer,,0.5945,1,1,1,1,0,2,1,1,3,1,1,1
SYN-C3-1299,3,project_coordinator,1,0,0,0,1,1,0,0,1,0,0,0,0,0,1,0,0,1,0,2,1,1,0,1,0,2,qa_engineer,cybersecurity_analyst,-1.4001,1,3,1,1,0,0,0,1,2,0,0,0
SYN-C3-1300,3,software_engineer,2,0,1,1,1,0,2,0,1,0,0,0,0,0,1,0,1,0,0,0,0,0,0,0,0,1,software_engineer,,-1.5038,2,1,0,1,0,0,0,0,0,0,0,0
SYN-C3-1301,4,network_engineer,1,1,1,1,1,0,0,1,2,1,0,1,1,1,0,1,1,2,2,0,2,0,1,1,0,2,network_engineer,,0.1719,2,1,1,1,1,2,1,1,1,3,3,0
SYN-C3-1302,4,qa_engineer,2,2,1,0,3,1,1,2,1,0,0,0,0,1,1,0,0,1,0,3,1,1,1,0,1,2,qa_engineer,,0.3919,2,3,2,3,1,0,0,1,2,0,1,1
SYN-C3-1303,4,ui_ux_designer,3,1,3,3,3,2,2,0,3,1,0,1,1,2,1,2,1,1,1,3,1,2,2,1,0,3,software_engineer,,1.6597,3,3,3,2,3,2,1,2,3,2,2,2
SYN-C3-1304,4,business_analyst,2,0,0,2,1,1,1,1,3,1,2,0,1,1,1,1,1,1,0,3,0,2,1,2,2,3,business_analyst,,0.8272,3,3,2,2,2,2,2,3,3,2,1,3
SYN-C3-1305,4,cybersecurity_analyst|mobile_developer,1,1,1,1,0,0,0,0,1,0,0,0,0,0,0,0,1,1,1,0,0,2,0,0,0,2,cybersecurity_analyst,mobile_developer,-1.8543,0,1,0,1,0,1,0,1,1,1,2,2
SYN-C3-1306,4,software_engineer,2,0,3,2,3,1,2,1,3,1,1,1,0,2,0,0,1,2,0,2,0,1,0,0,0,3,software_engineer,,0.7342,3,2,2,3,1,1,1,1,2,2,2,2
SYN-C3-1307,4,software_engineer,2,0,1,1,1,2,1,0,2,1,0,0,1,1,1,1,1,1,1,1,0,2,1,0,0,3,software_engineer,network_engineer,-1.1355,3,2,2,2,1,1,1,2,2,2,1,2
SYN-C3-1308,4,frontend_engineer,1,1,1,0,1,2,0,0,1,1,0,0,0,0,0,0,1,0,0,1,0,1,1,0,0,2,frontend_engineer,,-1.4742,1,2,2,1,0,1,0,1,2,0,0,0
SYN-C3-1309,3,network_engineer,0,0,0,1,1,1,1,0,1,0,0,0,0,1,0,0,1,3,2,0,0,1,1,1,1,2,network_engineer,,0.7048,1,1,1,1,1,1,0,1,2,3,3,2
SYN-C3-1310,4,data_analyst,1,2,0,1,1,0,0,0,3,1,2,0,2,0,1,0,1,0,1,1,1,0,1,1,1,3,data_analyst,,-0.4972,1,2,1,1,1,3,2,2,1,1,1,2
SYN-C3-1311,4,devops_engineer,1,2,1,2,3,1,1,2,1,1,0,1,2,2,3,3,2,2,1,0,1,3,0,2,1,3,devops_engineer,,1.6842,3,3,2,2,3,2,2,2,2,3,3,2
SYN-C3-1312,3,data_scientist,1,3,1,2,0,1,0,1,2,1,1,2,2,1,0,0,0,1,1,1,1,2,1,1,1,3,data_scientist,business_analyst,0.604,2,2,1,2,1,3,3,3,3,2,2,3
SYN-C3-1313,4,qa_engineer,2,1,0,2,1,1,0,0,2,0,0,1,0,0,1,0,0,0,0,2,1,1,0,0,0,1,qa_engineer,,-1.7257,2,3,1,1,0,1,1,0,1,0,0,0
SYN-C3-1314,3,devops_engineer,3,1,1,1,2,1,0,1,2,0,0,1,2,1,1,2,1,2,0,0,1,2,0,1,0,2,devops_engineer,,0.0936,2,2,1,1,3,3,2,1,2,2,2,2
SYN-C3-1315,4,network_engineer|devops_engineer,1,1,0,1,1,2,1,0,0,1,0,0,2,0,1,1,2,3,2,1,0,1,0,0,1,3,network_engineer,devops_engineer,-0.5779,2,1,1,1,2,1,1,1,2,3,3,2
SYN-C3-1316,3,devops_engineer,1,2,3,1,2,2,0,1,1,2,2,1,0,3,3,3,3,2,1,1,1,2,1,1,1,3,devops_engineer,,2.483,2,3,3,2,3,3,2,3,3,3,3,3
SYN-C3-1317,3,qa_engineer,1,1,0,2,2,0,0,1,1,0,0,1,0,1,1,1,1,2,1,2,2,2,0,1,0,3,qa_engineer,,1.0126,2,3,1,1,2,1,1,2,1,2,3,2
SYN-C3-1318,3,ui_ux_designer,2,1,2,2,1,3,2,1,2,1,1,1,3,3,1,1,1,2,1,2,2,2,3,2,1,3,ui_ux_designer,,3.4567,3,3,3,3,2,3,2,3,3,2,3,3
SYN-C3-1319,3,software_engineer,2,1,1,1,1,1,1,0,2,0,0,0,0,0,0,1,1,0,0,1,0,2,1,0,0,1,software_engineer,,-0.7942,2,1,1,1,0,1,1,1,2,0,1,1
SYN-C3-1320,3,qa_engineer|data_scientist,2,2,1,1,2,0,1,1,3,0,1,1,1,1,0,1,1,2,1,2,2,2,1,2,0,3,qa_engineer,data_scientist,0.9075,2,3,2,2,1,3,2,3,2,3,2,2
SYN-C3-1321,3,qa_engineer,2,1,2,2,2,2,2,0,3,1,2,1,1,0,0,1,0,2,0,2,2,2,1,1,0,3,qa_engineer,software_engineer,1.1001,3,3,3,3,1,3,2,2,3,1,1,3
SYN-C3-1322,4,network_engineer,1,1,1,2,0,2,1,0,1,1,1,1,1,0,1,0,2,3,2,1,0,1,0,1,0,2,network_engineer,,-0.1164,2,2,1,2,1,1,1,1,2,3,3,1
SYN-C3-1323,3,software_engineer,3,1,3,3,3,3,1,2,3,1,1,1,1,2,1,3,1,1,0,1,1,2,0,1,1,2,software_engineer,project_coordinator,1.4889,3,3,3,3,2,3,2,3,3,2,1,3
SYN-C3-1324,3,cybersecurity_analyst,2,0,1,1,0,0,0,0,0,0,1,0,0,1,0,0,1,2,0,0,0,0,0,0,0,2,cybersecurity_analyst,,-1.001,1,0,0,0,0,0,0,0,0,2,3,0
SYN-C3-1325,4,project_coordinator,1,1,0,1,1,1,0,0,0,0,0,0,1,0,1,0,0,0,0,2,0,1,0,1,2,3,project_coordinator,,-0.8123,1,1,1,1,0,1,0,1,2,0,0,3
SYN-C3-1326,4,frontend_engineer,0,1,2,2,2,1,1,0,2,0,0,0,1,0,0,1,0,0,0,0,1,1,0,0,0,3,frontend_engineer,,-0.3492,2,1,3,1,0,2,1,1,2,0,0,1
SYN-C3-1327,4,software_engineer|data_scientist,2,1,1,2,2,1,0,0,3,0,0,1,1,0,0,0,0,0,0,1,0,1,0,0,0,2,software_engineer,data_scientist,-2.2214,2,2,1,2,1,2,2,0,2,0,0,0
SYN-C3-1328,3,business_analyst,1,2,1,2,1,1,0,0,2,1,2,0,2,0,0,0,1,1,1,1,1,1,2,3,1,3,business_analyst,,1.4742,2,2,2,1,1,3,2,3,3,2,2,2
SYN-C3-1329,3,frontend_engineer,2,0,3,3,3,2,1,1,3,1,2,0,1,1,1,2,1,1,1,0,1,2,2,1,0,2,frontend_engineer,,2.11,3,3,3,3,2,3,2,2,3,2,2,2
SYN-C3-1330,3,mobile_developer,1,1,2,0,2,2,1,2,2,1,0,0,1,0,0,1,0,0,2,0,0,1,1,0,1,2,mobile_developer,,0.1494,1,1,3,3,1,1,1,1,2,0,1,1
SYN-C3-1331,3,devops_engineer,2,2,1,0,0,0,0,0,2,0,1,0,1,0,0,1,1,0,1,0,0,1,0,1,0,3,data_analyst,,0.2453,1,1,0,1,0,3,1,1,2,1,1,1
SYN-C3-1332,4,devops_engineer,2,1,0,0,2,1,1,0,2,0,0,0,0,2,1,1,2,1,0,0,0,1,0,0,0,3,devops_engineer,software_engineer,-1.2285,3,1,1,1,3,1,1,1,1,2,2,1
SYN-C3-1333,3,project_coordinator|network_engineer,2,2,2,2,2,3,2,0,1,1,0,0,2,1,0,1,1,3,2,3,0,2,2,1,0,3,frontend_engineer,network_engineer,1.1878,3,3,3,3,2,2,2,2,3,3,3,2
SYN-C3-1334,3,qa_engineer,2,1,1,0,0,0,0,1,1,0,1,0,1,0,1,1,1,1,0,2,1,1,0,1,0,2,qa_engineer,,-0.8225,1,3,0,1,1,2,1,1,1,1,1,1
SYN-C3-1335,4,qa_engineer,2,1,0,1,2,1,0,0,2,0,1,1,0,0,0,1,0,0,0,2,1,2,0,1,0,2,qa_engineer,,-1.0453,2,3,2,1,0,3,1,2,2,0,1,2
SYN-C3-1336,3,qa_engineer,1,0,0,0,1,1,0,1,3,0,0,0,0,0,0,0,0,0,0,1,1,1,0,0,0,1,qa_engineer,,-0.8776,1,2,0,1,0,0,0,0,1,0,0,0
SYN-C3-1337,3,software_engineer,2,0,0,1,1,1,0,0,2,0,0,0,0,0,0,0,0,0,0,0,0,0,0,0,0,1,software_engineer,,-2.2745,1,0,0,0,0,1,0,0,0,0,0,0
SYN-C3-1338,4,cybersecurity_analyst|mobile_developer,3,0,2,2,2,1,2,1,2,1,1,1,1,0,1,0,1,0,1,0,1,1,0,1,0,3,software_engineer,mobile_developer,0.4826,3,3,2,3,1,1,1,1,2,1,0,2
SYN-C3-1339,3,data_analyst,0,0,0,1,0,0,0,0,2,0,0,0,0,0,0,0,0,0,0,0,0,0,0,0,0,1,data_analyst,,-3.1984,0,0,0,0,0,1,0,0,0,0,0,0
SYN-C3-1340,3,business_analyst|project_coordinator,2,0,0,2,0,1,0,0,3,0,1,0,0,1,0,1,0,0,0,0,0,2,0,2,2,3,business_analyst,project_coordinator,0.4989,1,1,0,0,0,2,0,3,2,1,1,3
SYN-C3-1341,3,qa_engineer|software_engineer,3,1,1,2,2,1,1,1,2,0,1,1,1,1,0,1,1,1,0,2,2,2,0,1,1,3,qa_engineer,software_engineer,0.9166,3,3,2,2,2,3,2,3,2,1,2,3
SYN-C3-1342,4,project_coordinator,2,0,1,1,1,0,0,1,1,1,0,1,0,0,1,0,1,2,0,1,0,2,0,2,1,1,project_coordinator,,-0.5581,2,2,0,2,0,0,0,2,1,1,0,2
SYN-C3-1343,4,devops_engineer,0,0,0,0,1,1,0,1,0,0,0,0,0,2,1,2,0,2,1,0,0,0,0,0,0,1,devops_engineer,,-1.9858,0,0,0,0,2,0,0,0,1,1,1,0
SYN-C3-1344,3,business_analyst,3,2,0,2,1,2,1,0,2,0,1,0,3,0,0,2,0,1,0,1,0,1,0,1,0,2,data_scientist,,0.2861,2,2,1,2,1,3,3,2,2,1,1,1
SYN-C3-1345,4,data_analyst,2,2,1,2,1,1,0,0,3,1,1,1,1,1,0,2,0,1,1,1,1,1,0,2,2,3,data_analyst,,-0.0359,2,2,1,2,2,3,3,3,3,2,2,3
SYN-C3-1346,3,software_engineer|data_analyst,2,1,2,2,2,2,2,0,3,0,1,0,2,2,0,0,0,2,1,0,0,2,0,1,0,2,software_engineer,data_analyst,0.402,3,2,2,2,2,3,2,1,2,2,2,2
SYN-C3-1347,3,business_analyst,2,1,0,0,2,1,0,0,1,0,1,0,0,0,1,0,0,0,0,0,0,1,1,1,0,3,business_analyst,,-0.5352,1,2,1,2,0,1,0,2,2,0,0,2
SYN-C3-1348,3,mobile_developer,3,2,2,1,2,1,1,1,1,1,0,0,0,0,0,0,1,0,0,0,0,0,1,0,0,2,mobile_developer,,-0.1898,2,1,2,3,1,1,0,0,1,1,1,0
SYN-C3-1349,4,qa_engineer,2,1,1,1,3,1,2,0,2,1,2,1,1,1,1,0,2,0,1,3,1,2,0,1,1,2,qa_engineer,,1.4603,3,3,2,2,2,3,1,2,2,2,2,3
SYN-C3-1350,3,software_engineer,3,0,1,1,2,1,1,0,2,0,0,0,0,0,0,0,0,0,0,1,0,1,0,0,0,2,software_engineer,,-1.2231,2,1,2,2,0,1,0,1,2,0,0,1
SYN-C3-1351,3,software_engineer,2,1,1,2,2,0,1,0,2,1,0,0,1,1,1,0,1,0,0,1,0,1,1,0,0,1,software_engineer,,-0.4924,3,1,2,2,1,1,1,0,1,0,1,0
SYN-C3-1352,3,software_engineer|data_scientist,2,2,1,2,2,2,1,0,2,0,1,0,1,1,1,0,0,0,1,0,1,2,0,0,0,2,software_engineer,data_scientist,-0.3618,3,2,2,2,2,2,2,1,2,1,0,1
SYN-C3-1353,4,frontend_engineer|qa_engineer,2,0,2,2,2,3,1,0,1,0,0,0,1,0,1,0,1,1,1,1,1,2,1,1,1,3,frontend_engineer,qa_engineer,-0.1351,3,3,3,2,1,1,0,3,3,1,1,3
SYN-C3-1354,3,software_engineer,2,1,2,3,1,1,1,0,3,1,1,1,0,1,0,1,1,1,0,0,2,2,0,2,2,3,software_engineer,,1.5351,3,3,2,2,1,3,2,2,2,2,1,3
SYN-C3-1355,4,devops_engineer,2,2,0,2,2,1,1,1,0,0,0,0,1,2,1,2,2,2,1,1,1,2,1,0,0,2,devops_engineer,,0.105,3,2,2,2,3,0,1,0,2,3,3,1
SYN-C3-1356,4,software_engineer,3,0,2,3,1,0,1,0,2,1,0,0,2,0,1,2,0,0,0,1,0,0,0,0,1,2,software_engineer,,0.0596,3,2,1,1,1,1,1,1,0,0,0,1
SYN-C3-1357,3,devops_engineer,2,2,1,1,2,1,1,1,1,1,0,1,1,1,2,3,2,2,1,2,0,1,1,1,1,1,devops_engineer,,1.5303,2,2,2,2,3,2,2,1,2,3,3,1
SYN-C3-1358,4,frontend_engineer,2,1,3,2,1,3,1,1,2,1,0,1,1,1,0,1,1,1,0,0,1,1,2,2,2,2,frontend_engineer,,0.8498,3,2,3,3,1,2,2,2,3,1,1,3
SYN-C3-1359,3,software_engineer|mobile_developer,3,0,1,1,2,0,1,0,2,0,0,0,1,0,1,1,0,1,0,1,0,2,0,0,1,2,software_engineer,mobile_developer,-0.9406,2,2,1,2,1,1,1,1,1,1,0,2
SYN-C3-1360,3,devops_engineer,2,2,0,1,3,1,1,0,2,0,0,0,2,1,3,2,2,1,0,0,0,1,0,1,1,3,devops_engineer,,0.2972,3,1,1,2,3,3,2,2,2,2,1,2
SYN-C3-1361,4,cybersecurity_analyst,1,2,1,2,1,1,1,0,2,0,1,0,2,1,0,0,1,2,2,2,0,0,0,1,0,2,cybersecurity_analyst,data_analyst,1.2638,2,2,1,1,1,3,3,1,2,3,3,1
SYN-C3-1362,4,project_coordinator|devops_engineer,1,1,0,1,2,0,1,1,1,0,1,0,0,1,1,0,1,1,1,1,0,3,1,1,2,2,project_coordinator,devops_engineer,0.2625,1,2,1,2,2,2,1,3,1,2,1,3
SYN-C3-1363,3,devops_engineer,1,2,0,1,1,1,0,0,1,0,1,0,1,0,1,0,1,2,0,0,0,1,0,0,0,2,devops_engineer,business_analyst,-1.1833,1,1,1,1,2,2,1,1,2,2,2,2
SYN-C3-1364,4,devops_engineer|data_analyst,1,2,1,2,1,3,0,0,3,1,2,1,2,1,1,2,1,1,2,0,0,2,1,3,2,3,business_analyst,data_analyst,1.1914,3,2,2,2,2,3,3,3,3,2,3,3
SYN-C3-1365,3,software_engineer|ui_ux_designer,2,1,2,2,1,2,1,1,2,0,0,0,0,0,2,0,0,1,0,0,1,1,0,0,0,2,software_engineer,ui_ux_designer,-0.3556,3,2,2,2,1,1,1,1,2,0,1,1
SYN-C3-1366,3,project_coordinator,1,0,0,1,1,0,0,0,2,1,0,0,2,0,1,1,0,2,0,1,0,1,2,1,1,3,project_coordinator,,0.5574,1,2,1,1,0,2,1,2,2,1,1,3
SYN-C3-1367,4,software_engineer,3,2,3,2,3,2,2,1,3,2,1,0,1,2,1,2,2,0,1,1,0,2,0,1,1,3,software_engineer,,1.0515,3,2,3,3,3,2,2,3,2,2,2,3
SYN-C3-1368,4,data_analyst,1,0,0,0,0,1,0,0,2,0,0,0,1,0,0,0,1,2,0,0,0,0,0,0,0,2,data_analyst,,-0.9585,0,0,0,0,0,1,0,0,1,1,1,0
SYN-C3-1369,3,software_engineer|data_scientist,2,3,2,3,2,2,3,1,3,1,1,2,2,2,1,1,2,2,0,2,0,2,1,1,1,2,software_engineer,data_scientist,1.9143,3,3,3,3,2,3,3,3,3,2,3,3
SYN-C3-1370,3,software_engineer,3,2,1,2,2,3,2,0,3,1,1,0,0,2,0,1,1,1,0,3,0,1,0,0,1,2,software_engineer,,0.654,3,2,2,2,2,2,1,1,2,1,1,2
SYN-C3-1371,4,frontend_engineer|data_analyst,2,1,3,2,1,3,1,2,3,0,2,1,3,0,1,1,1,0,1,2,1,1,1,1,1,3,frontend_engineer,data_analyst,0.9959,3,3,3,3,1,3,2,3,3,1,1,3
SYN-C3-1372,3,ui_ux_designer,0,0,1,1,1,1,0,0,1,0,0,0,0,0,0,0,0,0,0,0,0,1,1,0,0,1,ui_ux_designer,,-1.5544,1,0,2,1,0,0,0,1,2,0,0,0
SYN-C3-1373,4,mobile_developer|network_engineer,0,1,1,1,0,1,0,0,1,1,0,1,1,1,0,1,2,3,2,1,0,1,0,0,0,2,cybersecurity_analyst,network_engineer,-1.1727,1,1,1,1,2,2,1,0,2,3,3,0
SYN-C3-1374,4,cybersecurity_analyst,1,1,1,2,0,1,0,0,1,1,0,0,1,1,1,0,2,1,2,1,0,0,1,1,0,2,cybersecurity_analyst,,-0.7485,1,2,1,1,1,2,1,1,2,3,3,0
SYN-C3-1375,3,data_scientist,1,3,0,2,0,1,0,0,1,0,1,1,2,1,1,0,1,0,0,1,1,1,1,0,1,2,data_scientist,,0.7591,1,2,1,1,1,2,2,2,2,1,1,1
SYN-C3-1376,3,frontend_engineer|network_engineer,2,0,1,1,1,0,0,1,2,0,1,2,2,0,1,0,1,1,0,0,0,1,0,1,0,2,data_analyst,network_engineer,0.2188,1,2,1,1,1,3,2,1,1,1,1,2
SYN-C3-1377,3,mobile_developer,2,2,1,1,3,2,2,3,2,2,1,1,3,0,2,1,1,3,0,1,1,2,3,1,2,2,mobile_developer,data_analyst,1.9384,3,3,3,3,2,3,3,2,3,2,2,3
SYN-C3-1378,4,network_engineer,2,1,2,2,1,2,0,1,2,0,0,1,2,1,0,1,2,3,2,1,1,1,1,1,1,3,network_engineer,,1.6663,3,2,2,1,2,2,3,2,3,3,3,2
SYN-C3-1379,4,data_scientist,1,1,2,2,1,0,0,1,2,1,1,1,2,0,1,1,1,2,0,0,0,1,2,1,1,3,data_scientist,ui_ux_designer,0.5868,2,1,2,2,1,3,2,2,3,1,2,3
SYN-C3-1380,3,ui_ux_designer|project_coordinator,0,1,0,3,1,1,0,0,1,1,1,1,1,1,1,1,2,2,2,1,0,2,1,1,2,3,cybersecurity_analyst,project_coordinator,0.9626,2,2,1,1,3,2,2,3,2,3,3,3
SYN-C3-1381,4,project_coordinator,1,1,0,1,0,0,0,1,1,0,1,1,0,0,0,0,0,0,1,1,1,2,1,1,1,2,project_coordinator,,-0.1724,0,2,1,1,0,2,1,3,2,1,1,3
SYN-C3-1382,3,software_engineer|qa_engineer,3,0,2,1,2,2,1,1,2,0,0,0,0,1,1,1,0,0,0,1,0,2,0,0,1,3,software_engineer,qa_engineer,-0.2046,3,3,2,2,1,1,0,2,2,0,0,2
SYN-C3-1383,3,data_analyst,1,3,0,1,2,0,0,0,2,0,1,0,2,2,2,2,1,1,1,0,0,2,0,1,0,2,devops_engineer,data_analyst,0.1831,1,2,1,1,3,3,2,2,1,2,2,2
SYN-C3-1384,3,devops_engineer|data_scientist,2,3,1,1,3,0,2,1,2,1,2,2,2,3,3,3,2,2,2,2,0,2,0,1,1,3,devops_engineer,data_scientist,2.034,3,3,1,3,3,3,3,2,1,3,3,3
SYN-C3-1385,3,data_analyst,0,1,0,1,0,0,0,0,2,0,1,0,1,0,0,0,1,0,0,0,0,0,0,0,0,2,data_analyst,,-1.787,0,0,0,0,0,3,1,1,0,0,1,0
SYN-C3-1386,4,software_engineer,3,0,3,2,3,1,1,0,3,1,1,0,1,0,0,1,0,1,0,2,1,1,0,1,1,2,software_engineer,,0.1323,3,3,2,2,0,2,1,3,2,0,0,2
SYN-C3-1387,3,data_scientist,1,1,1,2,1,1,0,0,2,0,0,2,2,2,1,1,0,0,1,1,1,0,1,1,1,2,data_scientist,,0.4725,2,2,1,1,1,3,3,1,2,1,1,1
SYN-C3-1388,3,qa_engineer|data_analyst,2,0,0,1,0,0,0,0,2,0,2,1,1,0,0,0,0,1,0,1,1,2,0,1,0,3,qa_engineer,data_analyst,-0.0594,1,2,0,1,0,3,2,3,1,1,0,3
SYN-C3-1389,3,software_engineer|network_engineer,0,1,0,2,2,1,0,0,0,0,0,1,0,2,1,1,2,2,1,1,1,2,1,0,1,3,devops_engineer,network_engineer,-0.0479,1,1,2,0,3,1,1,2,1,3,3,2
SYN-C3-1390,3,project_coordinator|cybersecurity_analyst,1,1,1,1,2,0,1,0,1,1,0,1,2,0,0,1,2,0,1,1,0,3,0,0,2,3,project_coordinator,cybersecurity_analyst,0.4648,2,2,1,2,1,2,1,2,1,1,2,3
SYN-C3-1391,3,software_engineer,2,0,1,1,2,1,1,0,2,0,0,0,0,0,0,0,1,0,0,0,0,1,0,1,1,3,software_engineer,,-1.201,3,2,1,2,0,2,0,1,2,0,0,2
SYN-C3-1392,3,devops_engineer,1,1,1,0,2,1,0,1,2,0,0,0,0,2,1,2,1,1,1,1,0,1,0,1,0,3,devops_engineer,,0.2336,2,2,1,1,3,1,1,1,2,1,2,1
SYN-C3-1393,4,software_engineer,2,2,2,2,3,2,1,1,3,1,1,0,1,1,2,0,1,2,0,1,0,2,0,1,1,1,software_engineer,,0.2569,3,2,3,2,1,3,1,2,2,2,2,2
SYN-C3-1394,4,qa_engineer,3,1,1,1,2,2,0,1,2,1,2,1,1,1,1,1,0,1,1,2,2,2,0,2,0,3,qa_engineer,,0.4509,3,3,2,2,2,3,2,3,2,1,2,3
SYN-C3-1395,3,software_engineer,2,1,2,1,2,1,2,0,3,1,0,0,0,1,1,0,1,1,0,1,1,2,0,1,1,3,software_engineer,,0.3093,3,3,2,2,2,2,1,2,2,1,2,3
SYN-C3-1396,4,data_scientist,3,0,1,1,2,2,2,1,3,1,0,1,1,0,2,0,0,2,1,1,1,3,0,1,0,3,software_engineer,qa_engineer,0.0245,3,3,2,2,1,2,1,2,2,2,1,2
SYN-C3-1397,3,project_coordinator,1,1,1,2,0,1,1,0,1,0,1,1,0,1,1,0,1,1,0,0,1,2,0,1,3,3,project_coordinator,,0.1787,2,2,1,1,1,2,1,3,2,2,2,3
SYN-C3-1398,4,ui_ux_designer,1,1,3,1,0,2,1,0,1,0,1,1,2,1,1,0,0,0,1,1,0,1,3,1,0,2,ui_ux_designer,,-0.107,2,1,3,2,1,2,1,2,3,1,1,1
SYN-C3-1399,4,software_engineer,2,1,3,1,2,3,1,0,2,1,1,0,1,1,0,1,0,0,0,1,1,1,1,1,1,2,software_engineer,frontend_engineer,-1.2465,3,2,3,3,1,3,2,2,3,0,0,2
SYN-C3-1400,4,cybersecurity_analyst,1,0,0,2,0,0,0,0,0,0,0,0,0,1,0,0,0,1,2,0,1,1,0,0,0,2,cybersecurity_analyst,,-1.3447,0,0,1,0,0,0,0,0,1,2,2,1
SYN-C3-1401,3,mobile_developer,2,1,2,2,3,2,1,2,2,0,1,0,1,1,0,2,1,2,0,1,1,2,2,1,0,3,mobile_developer,,1.523,3,3,3,3,2,3,1,3,3,2,2,3
SYN-C3-1402,3,data_analyst,1,2,0,2,1,0,0,0,3,0,1,2,0,0,0,0,0,0,0,1,0,1,1,1,0,2,data_analyst,,-0.2173,1,1,1,1,0,3,2,2,1,0,1,1
SYN-C3-1403,3,mobile_developer|ui_ux_designer,2,1,1,2,1,2,1,2,2,1,0,0,0,2,0,0,0,0,1,1,1,2,2,1,1,3,mobile_developer,ui_ux_designer,1.0733,3,3,3,3,1,1,1,2,3,1,1,3
SYN-C3-1404,4,cybersecurity_analyst,1,1,0,1,2,1,0,1,0,0,0,0,0,2,0,1,2,3,2,0,0,1,1,2,1,2,cybersecurity_analyst,,0.0413,1,1,1,1,3,1,1,1,2,3,3,2
SYN-C3-1405,3,frontend_engineer,1,0,0,1,1,1,0,0,1,0,0,0,0,0,0,0,0,0,0,0,0,0,0,0,0,1,frontend_engineer,,-2.5802,0,0,1,0,0,0,0,0,0,0,0,0
SYN-C3-1406,3,mobile_developer,1,1,2,1,1,1,1,2,1,0,0,0,0,0,1,0,0,0,0,1,0,2,0,1,0,1,mobile_developer,,0.2522,1,2,1,2,0,1,0,1,2,0,0,1
SYN-C3-1407,3,qa_engineer,2,1,1,1,1,0,1,1,3,1,0,0,1,1,1,1,2,2,0,3,2,2,1,0,1,2,qa_engineer,,1.2473,3,3,2,3,2,2,1,2,1,2,2,2
SYN-C3-1408,4,software_engineer,3,1,1,2,3,2,2,0,3,1,0,0,0,1,0,0,1,1,0,0,0,2,0,1,1,2,software_engineer,ui_ux_designer,-0.2813,3,2,2,2,1,2,1,1,3,2,2,3
SYN-C3-1409,4,frontend_engineer|qa_engineer,2,1,2,1,2,2,0,0,1,1,1,0,0,0,1,0,0,0,0,1,0,2,1,0,0,1,frontend_engineer,qa_engineer,-1.6541,2,2,3,2,0,1,0,1,2,0,0,1
SYN-C3-1410,3,qa_engineer|network_engineer,2,0,1,2,2,1,1,0,2,0,0,0,0,0,0,0,0,1,0,1,0,0,0,0,0,1,software_engineer,network_engineer,-1.7011,2,1,1,1,0,0,0,0,0,1,0,0
SYN-C3-1411,3,frontend_engineer,2,1,2,3,2,1,0,1,1,0,0,0,1,0,0,0,1,1,0,1,0,2,1,1,1,2,frontend_engineer,,0.5372,2,2,3,3,1,2,1,2,3,1,1,2
SYN-C3-1412,4,frontend_engineer|qa_engineer,1,0,1,1,2,1,0,0,0,0,0,0,0,0,1,0,1,0,0,0,0,1,0,0,0,1,frontend_engineer,qa_engineer,-2.8811,1,1,1,1,0,0,0,0,1,0,0,0
SYN-C3-1413,4,cybersecurity_analyst,2,2,3,2,2,2,1,1,2,1,1,1,1,1,1,2,2,2,2,1,1,2,0,0,0,3,cybersecurity_analyst,mobile_developer,1.7255,3,3,3,2,3,3,2,2,2,3,3,2
SYN-C3-1414,3,business_analyst,0,0,0,0,0,0,0,0,1,1,1,0,0,0,0,0,0,0,0,1,0,1,0,1,1,2,business_analyst,,-1.1374,0,0,0,0,0,1,0,3,1,0,0,2
SYN-C3-1415,3,software_engineer,2,1,2,2,2,2,2,1,3,3,0,2,1,1,1,1,1,0,1,1,0,1,1,2,0,2,software_engineer,,0.9402,3,2,3,3,2,2,2,2,2,1,2,1
SYN-C3-1416,4,frontend_engineer,2,2,3,2,2,2,1,1,1,0,0,1,1,0,0,1,1,1,1,0,0,2,0,0,0,2,frontend_engineer,,-0.4755,3,1,3,2,1,2,2,1,2,1,2,2
SYN-C3-1417,3,devops_engineer,1,1,1,1,2,0,0,1,0,0,0,0,0,2,1,2,1,1,1,0,0,2,0,1,0,1,devops_engineer,,-1.4494,2,1,1,1,3,0,0,0,1,1,2,1
SYN-C3-1418,3,project_coordinator,0,0,1,2,1,0,0,0,0,0,0,0,1,0,1,0,0,0,0,1,1,2,1,1,2,3,project_coordinator,,-0.4204,0,2,1,1,0,0,0,2,2,0,0,3
SYN-C3-1419,3,software_engineer|devops_engineer,3,1,2,2,2,3,2,1,3,2,1,0,2,2,3,1,1,1,1,0,0,1,1,1,1,2,software_engineer,devops_engineer,1.1675,3,2,3,3,3,3,2,2,3,2,2,2
SYN-C3-1420,3,business_analyst,0,0,0,1,1,0,0,0,1,0,0,0,0,0,0,0,1,0,0,0,0,2,0,1,1,2,business_analyst,,-1.4462,1,1,0,0,0,1,0,2,1,1,1,2
SYN-C3-1421,3,mobile_developer|network_engineer,2,1,0,1,0,1,2,2,1,1,0,0,0,0,0,0,0,1,1,1,1,1,1,1,0,2,mobile_developer,network_engineer,-0.6215,2,2,2,3,0,1,0,1,2,1,2,2
SYN-C3-1422,3,devops_engineer,0,0,1,0,2,0,0,0,1,0,0,0,0,1,0,1,1,1,0,0,0,1,0,0,0,2,devops_engineer,,-0.9971,1,1,0,1,1,0,0,0,1,1,1,0
SYN-C3-1423,4,business_analyst|data_analyst,1,1,0,2,0,1,0,0,2,0,1,0,2,0,0,0,1,0,0,0,0,1,0,2,0,3,business_analyst,data_analyst,-1.2135,1,1,0,0,0,3,1,3,2,0,1,2
SYN-C3-1424,4,devops_engineer|business_analyst,2,2,1,0,1,2,0,0,2,1,1,0,0,1,3,2,2,1,2,1,0,2,1,1,0,3,devops_engineer,business_analyst,0.5159,2,2,1,2,3,1,1,3,2,2,2,2
SYN-C3-1425,3,project_coordinator,0,0,0,1,1,1,0,0,2,0,0,0,1,1,0,0,2,3,1,1,0,0,0,2,1,2,network_engineer,,-0.1547,0,1,0,0,1,1,1,1,1,3,2,1
SYN-C3-1426,3,network_engineer|software_engineer,3,2,1,2,2,0,1,0,2,0,0,0,0,1,0,1,2,3,1,1,0,2,0,2,1,2,network_engineer,software_engineer,0.5779,3,2,1,2,2,2,1,2,1,3,3,3
SYN-C3-1427,3,frontend_engineer,1,1,2,1,2,2,2,0,1,1,2,0,0,0,0,0,1,0,0,1,0,3,1,1,0,2,frontend_engineer,project_coordinator,-0.1628,3,2,3,3,0,2,0,2,3,1,1,3
SYN-C3-1428,4,business_analyst,1,1,0,1,1,0,0,1,2,0,1,0,1,0,0,0,1,2,0,0,1,2,0,2,0,3,business_analyst,network_engineer,-1.0434,1,2,1,0,1,3,1,3,1,2,1,3
SYN-C3-1429,3,data_scientist,1,2,0,1,2,0,1,0,1,0,0,2,2,1,0,1,0,2,0,1,0,0,1,0,0,2,data_scientist,,0.0043,1,1,1,1,1,2,3,1,0,1,1,0
SYN-C3-1430,3,project_coordinator|software_engineer,2,0,1,3,2,0,1,1,3,1,0,0,1,1,1,1,1,1,2,2,1,2,1,2,2,3,project_coordinator,software_engineer,1.7124,3,3,2,3,2,2,1,3,2,2,2,3
SYN-C3-1431,4,network_engineer,1,1,1,0,0,1,0,0,1,0,1,0,0,0,2,0,2,1,1,0,0,1,0,0,0,2,network_engineer,,-0.3081,1,1,0,0,2,1,0,1,2,2,2,1
SYN-C3-1432,4,project_coordinator,2,1,0,2,1,0,0,0,2,0,0,0,0,0,1,0,1,0,0,0,0,1,0,2,1,1,business_analyst,,-1.0229,1,1,0,1,0,1,1,2,1,0,1,1
SYN-C3-1433,4,project_coordinator,2,1,1,3,3,2,2,0,2,1,0,1,0,1,1,1,1,1,0,1,1,2,0,0,1,2,software_engineer,network_engineer,-0.1438,3,2,2,2,2,1,1,1,2,2,1,2
SYN-C3-1434,3,data_analyst,2,2,1,1,1,0,1,0,2,1,2,1,2,0,0,1,1,0,0,0,0,1,0,2,0,2,data_analyst,,1.4393,2,2,1,2,1,3,3,2,1,0,1,2
SYN-C3-1435,4,frontend_engineer,2,1,3,3,2,3,1,3,1,1,3,2,1,1,0,2,1,1,0,1,1,3,2,2,0,3,frontend_engineer,,1.571,3,3,3,3,2,3,3,3,3,2,2,3
SYN-C3-1436,3,frontend_engineer,2,0,2,1,1,3,1,1,1,1,0,0,0,0,1,1,0,1,0,1,1,0,2,0,0,2,frontend_engineer,,0.5855,3,2,3,3,0,0,0,0,2,1,0,0
SYN-C3-1437,4,project_coordinator|network_engineer,1,3,0,2,2,1,0,1,2,1,1,2,3,1,0,0,2,1,1,0,1,1,1,1,0,2,data_scientist,network_engineer,0.3731,2,2,2,2,2,3,3,2,3,2,2,1
SYN-C3-1438,3,network_engineer|software_engineer,2,1,0,1,2,1,3,1,2,0,0,1,0,1,1,0,1,2,1,0,0,0,1,1,1,2,network_engineer,software_engineer,0.0912,2,1,1,2,2,2,1,1,2,3,3,1
SYN-C3-1439,4,software_engineer|network_engineer,3,2,2,3,3,2,2,0,3,1,1,1,2,1,2,2,3,2,3,2,0,3,1,2,2,3,software_engineer,network_engineer,2.327,3,3,3,3,3,3,3,3,3,3,3,3
SYN-C3-1440,4,software_engineer,3,1,3,3,2,2,3,2,3,1,1,2,2,2,2,1,2,1,1,0,0,1,2,1,0,3,software_engineer,,2.0116,3,2,3,3,3,3,2,2,3,2,3,2
SYN-C3-1441,3,software_engineer,1,0,1,3,2,1,2,0,1,1,1,1,0,0,0,0,0,0,1,0,0,2,0,0,1,2,software_engineer,,-0.0592,3,2,1,2,0,1,1,2,2,0,1,3
SYN-C3-1442,3,data_analyst,1,1,0,1,0,0,0,0,3,0,0,0,0,0,0,0,1,2,0,1,0,1,0,0,0,2,data_analyst,network_engineer,-1.1145,1,1,0,0,0,2,0,1,1,2,2,1
SYN-C3-1443,4,mobile_developer,2,0,1,2,3,1,1,2,3,2,1,1,0,1,2,1,1,1,0,1,0,2,1,1,1,2,mobile_developer,,1.214,3,2,2,3,2,2,1,2,3,2,1,2
SYN-C3-1444,4,business_analyst,2,2,0,2,3,1,0,0,3,0,1,1,2,2,1,0,1,0,1,0,0,0,0,0,2,0,data_scientist,,-0.1375,1,0,0,0,1,2,2,0,0,1,1,0
SYN-C3-1445,4,software_engineer,2,1,3,3,2,2,1,0,2,2,0,2,0,1,0,1,1,1,0,1,1,2,0,1,0,3,software_engineer,,0.0945,3,3,3,2,2,2,2,2,2,1,2,2
SYN-C3-1446,4,software_engineer,1,0,1,2,2,2,1,0,2,0,1,1,0,0,1,1,0,0,0,0,0,1,1,0,0,3,software_engineer,,-0.7755,3,2,3,2,1,2,1,2,2,0,0,1
SYN-C3-1447,4,ui_ux_designer|data_scientist,1,0,1,1,1,0,0,0,1,0,1,1,1,0,0,0,0,1,0,0,0,2,1,0,0,2,ui_ux_designer,data_scientist,-1.1473,1,2,1,1,0,1,1,2,2,0,0,1
SYN-C3-1448,4,devops_engineer|data_analyst,1,2,1,1,1,0,1,1,2,1,2,0,1,2,2,2,1,2,0,1,0,1,0,0,0,2,devops_engineer,data_analyst,-1.1248,3,2,1,2,3,3,2,2,1,2,2,1
SYN-C3-1449,3,frontend_engineer,0,0,1,1,2,0,0,0,0,0,0,0,0,0,0,0,0,0,0,0,0,1,0,0,0,1,frontend_engineer,,-2.5856,0,0,1,0,0,0,0,0,0,0,0,0
SYN-C3-1450,4,data_analyst,1,2,1,3,0,1,0,0,2,0,2,1,2,1,1,0,0,1,0,0,0,0,1,1,0,2,data_analyst,,-0.5758,1,1,1,0,0,3,2,1,2,1,1,1
SYN-C3-1451,3,data_scientist,1,2,0,1,2,0,0,0,2,0,1,2,2,0,0,0,0,0,1,1,0,0,0,0,0,0,data_scientist,,-0.6509,1,0,0,0,0,2,2,0,0,0,0,0
SYN-C3-1452,4,mobile_developer|data_scientist,2,1,2,1,2,1,0,1,2,0,0,2,2,0,0,0,1,0,1,0,0,1,0,0,1,2,mobile_developer,data_scientist,-1.4991,2,1,1,3,1,2,2,1,2,1,1,1
SYN-C3-1453,4,network_engineer,3,2,1,1,3,1,1,2,2,2,1,2,1,0,0,0,1,0,0,1,0,1,1,1,0,3,mobile_developer,,0.9613,3,1,2,3,1,2,2,2,2,0,1,2
SYN-C3-1454,4,project_coordinator,2,1,1,3,3,2,2,0,3,1,0,1,0,2,1,1,0,2,0,1,1,2,2,0,0,3,software_engineer,cybersecurity_analyst,0.1916,3,3,3,3,2,2,1,1,3,2,2,2
SYN-C3-1455,3,mobile_developer,1,1,0,0,0,0,0,0,2,0,0,0,0,0,0,0,0,0,0,0,0,1,0,0,0,1,mobile_developer,,-2.6264,0,0,0,1,0,1,0,0,0,0,0,0
SYN-C3-1456,3,qa_engineer,2,1,0,1,1,0,0,0,2,0,1,0,0,1,1,1,1,0,1,1,1,1,0,1,0,3,qa_engineer,,0.0452,2,3,1,1,1,2,1,2,1,1,2,2
SYN-C3-1457,3,data_scientist,1,2,0,3,1,1,0,0,2,1,1,2,3,1,1,1,1,1,0,1,0,1,1,1,0,3,data_scientist,,0.8876,2,2,1,2,1,3,3,2,3,1,2,2
SYN-C3-1458,3,data_analyst,1,2,1,2,1,1,1,0,3,0,2,0,2,0,0,0,0,1,0,1,0,1,0,0,0,2,data_analyst,,-0.0588,2,2,2,2,1,3,2,1,2,1,1,1
SYN-C3-1459,3,business_analyst,0,0,1,1,1,1,0,0,0,0,0,0,1,0,1,0,0,1,0,1,1,1,2,2,1,3,business_analyst,,-0.8092,0,1,1,0,0,0,0,2,3,1,0,2
SYN-C3-1460,4,cybersecurity_analyst|devops_engineer,1,2,0,1,1,0,0,0,0,0,1,0,0,1,0,0,1,1,0,0,0,0,0,1,0,1,cybersecurity_analyst,devops_engineer,-2.5504,0,0,0,0,1,1,1,0,0,1,2,1
SYN-C3-1461,3,data_scientist|mobile_developer,3,0,2,1,1,1,2,0,3,1,0,2,1,0,1,1,1,1,0,0,1,3,0,1,0,3,software_engineer,mobile_developer,0.6589,3,3,2,2,1,2,2,1,2,1,1,2
SYN-C3-1462,4,business_analyst,2,1,2,1,2,2,1,1,2,1,1,1,2,1,0,1,0,2,0,0,1,3,1,2,1,3,business_analyst,,1.2632,3,2,3,3,1,3,2,3,3,1,1,3
SYN-C3-1463,4,network_engineer,2,1,1,2,1,3,0,1,2,1,0,2,1,0,0,0,1,2,2,2,1,2,0,0,0,3,network_engineer,,0.3463,3,2,2,1,1,2,2,1,2,2,3,2
SYN-C3-1464,3,software_engineer,3,1,1,2,1,1,2,1,3,2,0,0,1,2,2,1,1,1,1,1,0,2,1,1,0,3,software_engineer,,1.0111,3,2,2,3,2,2,1,2,3,2,2,2
SYN-C3-1465,3,cybersecurity_analyst,1,1,0,2,2,0,0,0,1,1,1,0,0,0,0,0,2,1,1,0,0,1,0,1,0,2,cybersecurity_analyst,,-0.9325,1,1,1,2,2,2,1,1,1,2,2,1
SYN-C3-1466,3,ui_ux_designer,2,1,2,2,2,3,1,0,2,1,1,0,1,0,0,1,1,1,0,1,0,1,3,1,0,2,ui_ux_designer,,1.5692,3,2,3,2,2,2,2,2,3,1,1,1
SYN-C3-1467,4,frontend_engineer|software_engineer,2,1,2,2,3,3,1,0,2,0,2,0,0,1,1,0,0,1,0,0,1,2,1,1,0,2,frontend_engineer,software_engineer,-0.6661,3,3,3,2,1,2,2,2,3,1,1,2
SYN-C3-1468,3,frontend_engineer,1,1,2,2,3,2,1,0,1,1,1,0,1,0,1,1,1,1,0,1,1,2,1,1,0,3,frontend_engineer,,0.5491,3,3,3,3,1,2,1,3,3,0,1,3
SYN-C3-1469,3,data_scientist,2,2,0,1,3,0,0,0,2,1,2,3,2,1,0,1,1,1,1,1,0,1,0,0,0,3,data_scientist,devops_engineer,0.9229,2,1,0,2,2,3,3,2,1,2,2,1
SYN-C3-1470,3,mobile_developer,0,0,0,0,2,0,2,0,2,0,0,0,0,0,0,0,0,0,0,0,0,1,0,0,0,1,mobile_developer,,-2.1,1,0,1,1,0,0,0,0,0,0,0,0
SYN-C3-1471,4,frontend_engineer,1,2,3,2,3,3,1,0,2,1,1,1,1,1,1,0,1,0,0,0,0,1,0,1,0,2,frontend_engineer,,0.2573,3,2,3,2,1,3,2,1,2,1,1,1
SYN-C3-1472,3,devops_engineer,2,2,1,0,3,1,0,0,1,1,0,0,1,1,1,1,2,1,2,1,1,1,0,0,1,2,devops_engineer,,0.9525,2,2,1,2,3,1,1,1,1,2,2,1
SYN-C3-1473,3,devops_engineer,1,2,1,0,1,0,0,0,1,0,0,0,1,1,2,1,2,1,1,1,0,3,1,1,1,3,devops_engineer,business_analyst,-0.0681,1,2,1,1,3,1,2,3,2,2,2,2
SYN-C3-1474,3,data_analyst,1,2,0,2,0,0,0,1,2,0,1,0,1,1,0,0,0,0,0,1,0,1,0,1,0,2,data_analyst,,-0.185,1,1,0,1,0,3,1,2,1,0,1,2
SYN-C3-1475,3,mobile_developer,2,0,0,0,1,0,0,2,1,0,0,0,0,0,0,0,0,0,0,0,0,2,0,0,0,1,mobile_developer,,-0.9749,0,1,0,2,0,0,0,1,0,0,0,0
SYN-C3-1476,3,software_engineer|devops_engineer,1,0,2,1,3,2,0,1,2,1,1,1,0,1,1,1,2,1,0,1,1,0,1,0,0,3,software_engineer,devops_engineer,-0.0705,3,1,2,2,2,1,1,1,2,2,2,1
SYN-C3-1477,3,frontend_engineer,1,0,2,0,0,1,0,0,0,0,0,0,0,0,1,0,0,1,0,0,0,1,1,0,0,1,frontend_engineer,,-1.0841,1,0,1,1,0,0,0,0,1,0,0,0
SYN-C3-1478,4,data_scientist,1,1,1,0,1,2,0,0,2,1,0,0,1,1,1,0,1,1,0,1,1,2,2,1,1,3,ui_ux_designer,,0.302,2,3,2,2,1,2,1,3,3,0,1,2
SYN-C3-1479,4,qa_engineer|mobile_developer,2,0,1,0,1,0,0,1,2,1,0,1,0,1,0,0,0,1,0,2,0,2,0,1,0,3,qa_engineer,mobile_developer,-0.6225,1,3,0,2,1,1,0,2,2,0,0,2
SYN-C3-1480,3,mobile_developer,3,0,1,0,2,0,2,2,1,0,0,0,0,1,0,1,1,1,0,1,0,1,0,0,0,2,mobile_developer,devops_engineer,-0.3769,3,2,1,3,1,0,0,1,1,1,0,0
SYN-C3-1481,3,data_scientist,0,2,0,1,1,1,0,0,2,0,1,1,2,2,0,0,1,0,0,2,0,1,1,1,0,1,data_scientist,,-0.0979,1,1,1,0,1,2,3,1,1,1,0,1
SYN-C3-1482,3,devops_engineer,0,2,1,0,1,1,0,0,2,1,0,1,1,1,2,2,2,1,1,1,2,0,0,0,1,3,devops_engineer,,0.1838,1,2,0,0,3,2,2,1,1,1,2,1
SYN-C3-1483,3,network_engineer,1,0,1,0,1,1,0,0,2,0,0,1,1,1,1,0,2,2,1,1,1,1,0,1,0,2,network_engineer,,0.5792,1,3,1,1,1,1,1,1,2,3,2,1
SYN-C3-1484,4,cybersecurity_analyst,2,2,1,2,1,1,0,1,1,0,1,1,0,0,1,0,2,2,1,1,1,1,0,1,0,2,cybersecurity_analyst,,0.8103,2,2,1,1,2,2,1,2,2,2,3,2
SYN-C3-1485,4,network_engineer|ui_ux_designer,2,1,0,1,2,0,0,1,1,0,1,0,0,0,1,0,1,2,2,1,0,0,1,1,0,2,network_engineer,ui_ux_designer,-1.4487,1,2,1,2,2,1,1,2,1,3,3,1
SYN-C3-1486,4,software_engineer,2,0,2,1,3,1,1,1,2,0,1,0,0,0,1,1,1,1,0,1,0,1,0,0,1,2,software_engineer,,-0.4535,3,2,2,2,1,1,1,1,2,1,1,1
SYN-C3-1487,3,software_engineer|ui_ux_designer,2,1,1,1,2,2,1,0,2,0,0,0,0,1,1,0,0,0,0,0,0,1,0,0,0,2,software_engineer,ui_ux_designer,-0.8014,3,1,2,2,1,1,1,0,2,0,1,0
SYN-C3-1488,4,qa_engineer,3,1,3,2,1,2,0,1,2,0,0,1,0,1,0,1,0,1,0,2,0,1,0,1,1,2,qa_engineer,,0.0433,2,3,2,2,1,2,2,1,2,1,1,2
SYN-C3-1489,3,software_engineer,1,1,1,1,1,2,1,0,3,0,0,1,1,1,1,0,0,1,0,0,0,2,0,2,2,3,project_coordinator,,0.947,2,2,1,2,0,3,1,3,2,1,1,3
SYN-C3-1490,4,software_engineer,3,1,1,2,3,2,1,1,2,1,1,1,0,0,2,0,0,1,0,1,0,0,1,0,0,2,software_engineer,,-0.6541,3,1,2,3,1,3,1,1,2,0,1,0
SYN-C3-1491,3,software_engineer,3,0,1,1,2,1,2,0,3,0,1,0,0,0,1,0,0,1,0,2,0,2,0,0,0,3,software_engineer,qa_engineer,0.0433,3,3,1,1,0,1,0,2,2,1,0,1
SYN-C3-1492,4,cybersecurity_analyst,2,1,1,2,2,1,1,0,1,0,0,0,1,1,0,0,3,2,2,1,0,0,2,0,0,3,cybersecurity_analyst,,0.4352,2,1,2,2,2,1,1,1,2,3,3,1
SYN-C3-1493,4,qa_engineer,1,1,1,1,2,1,1,0,2,1,0,0,0,3,2,2,2,0,0,2,0,0,0,0,0,1,devops_engineer,,0.3781,2,2,1,1,3,1,1,0,0,1,2,0
SYN-C3-1494,3,project_coordinator|mobile_developer,0,2,1,2,2,0,0,0,2,0,2,3,2,1,0,0,1,1,0,2,1,1,0,1,1,3,data_scientist,mobile_developer,-0.1767,2,2,2,2,1,3,3,2,1,1,2,3
SYN-C3-1495,3,mobile_developer,2,0,1,1,2,0,0,1,1,0,0,0,1,1,0,1,0,0,0,0,0,0,0,0,0,1,mobile_developer,,-1.733,1,0,0,1,0,0,1,0,0,0,0,0
SYN-C3-1496,4,frontend_engineer,2,1,3,2,1,3,2,2,2,2,0,1,2,2,1,1,1,1,1,1,2,3,3,2,1,3,frontend_engineer,,2.1347,3,3,3,3,2,3,2,3,3,1,2,3
SYN-C3-1497,4,devops_engineer,1,1,1,1,3,1,1,0,1,0,0,0,2,2,2,2,2,2,2,1,0,1,1,0,0,1,devops_engineer,,0.6935,2,1,2,2,3,1,2,1,2,3,3,0
SYN-C3-1498,4,frontend_engineer|devops_engineer,2,2,1,2,3,2,1,1,1,0,1,2,1,2,1,2,1,1,0,1,1,1,0,0,1,3,frontend_engineer,devops_engineer,0.2282,3,2,3,3,2,2,2,2,1,1,2,2
SYN-C3-1499,4,network_engineer|software_engineer,2,1,0,2,1,2,0,0,2,0,0,1,1,1,0,0,2,3,3,0,0,1,0,0,0,2,cybersecurity_analyst,software_engineer,-1.3413,2,1,1,1,2,2,2,0,2,3,3,0
SYN-C3-1500,4,ui_ux_designer,2,2,2,1,3,2,1,0,2,1,1,2,1,1,2,0,0,2,1,1,1,3,2,2,1,3,ui_ux_designer,,1.4076,2,3,3,2,1,3,2,3,3,2,2,3
SYN-C3-1501,3,business_analyst|qa_engineer,2,1,1,2,1,0,1,0,2,0,1,1,1,0,1,0,2,1,0,1,1,3,2,3,1,3,business_analyst,qa_engineer,0.9591,2,3,2,2,1,3,2,3,3,1,2,3
SYN-C3-1502,3,software_engineer|project_coordinator,2,0,0,2,2,2,1,0,2,0,0,1,1,2,0,1,0,1,0,1,1,3,0,1,2,2,software_engineer,project_coordinator,-0.4389,3,2,2,2,1,2,2,2,2,1,0,3
SYN-C3-1503,4,project_coordinator,1,0,0,1,0,1,1,0,1,1,1,0,0,0,0,0,0,0,0,0,0,2,0,1,1,2,project_coordinator,,-1.0253,0,1,1,1,0,1,0,2,2,0,0,3
SYN-C3-1504,3,data_scientist,1,2,1,1,2,0,0,0,2,0,1,1,2,0,0,0,0,0,0,1,1,0,0,1,1,2,data_scientist,,-0.9006,1,2,0,0,0,3,2,1,1,0,0,1
SYN-C3-1505,3,software_engineer,2,0,1,2,2,1,2,0,3,0,0,1,0,1,1,0,1,0,0,0,0,1,0,1,0,2,software_engineer,,-0.0068,3,2,2,2,1,1,0,0,3,1,1,1
SYN-C3-1506,3,software_engineer,2,0,2,2,3,1,1,0,2,0,0,1,0,1,1,2,1,1,0,2,1,2,0,0,0,2,software_engineer,qa_engineer,0.1066,3,3,2,2,2,1,1,1,1,1,1,1
SYN-C3-1507,3,devops_engineer,1,1,0,2,3,1,1,1,0,0,0,0,2,1,3,3,2,2,1,0,1,1,1,1,0,3,devops_engineer,,1.0239,2,2,2,2,3,2,1,0,2,3,3,2
SYN-C3-1508,3,business_analyst,1,1,0,0,1,2,0,0,2,0,1,1,0,1,0,0,0,0,0,1,1,2,0,1,1,3,business_analyst,mobile_developer,0.4905,1,2,1,1,0,2,1,3,1,0,0,3
SYN-C3-1509,4,ui_ux_designer,1,1,2,2,1,2,0,0,2,1,1,1,2,1,1,0,1,1,0,0,1,1,1,1,0,2,ui_ux_designer,,0.8828,3,2,3,2,1,3,2,2,3,1,2,1
SYN-C3-1510,4,software_engineer|qa_engineer,3,0,3,1,2,2,2,2,3,1,1,2,2,0,2,1,2,2,0,3,2,3,1,1,1,3,software_engineer,qa_engineer,0.8949,3,3,3,3,2,3,2,3,3,2,2,3
SYN-C3-1511,3,data_analyst,1,1,0,1,0,1,0,0,2,0,2,1,0,0,0,0,0,0,0,0,0,0,1,1,0,2,data_analyst,,-1.0487,0,1,0,0,0,3,1,1,1,0,0,1
SYN-C3-1512,3,cybersecurity_analyst|network_engineer,2,1,1,1,1,1,0,0,2,1,0,1,2,1,0,0,3,3,3,0,1,1,1,1,1,2,cybersecurity_analyst,network_engineer,1.9289,2,2,2,2,2,3,2,1,3,3,3,2
SYN-C3-1513,3,data_analyst,0,2,1,1,0,0,0,0,2,0,1,1,0,0,0,0,0,1,0,1,0,1,0,2,0,2,data_analyst,,-0.8969,0,1,0,0,0,3,1,2,1,0,1,1
SYN-C3-1514,3,network_engineer,0,1,1,1,1,0,0,0,2,0,1,0,1,0,1,0,1,2,1,0,0,1,1,1,0,3,network_engineer,data_analyst,-0.8658,1,1,1,1,1,2,1,2,2,3,2,2
SYN-C3-1515,3,software_engineer,2,0,0,2,2,0,0,0,2,0,0,0,1,1,0,0,0,0,1,0,0,1,0,0,0,2,software_engineer,business_analyst,-1.8516,2,1,1,1,1,1,1,1,1,0,1,0
SYN-C3-1516,4,frontend_engineer,2,0,3,3,2,3,1,0,2,1,1,1,1,0,1,1,1,2,1,2,1,2,2,1,1,3,frontend_engineer,,1.5349,3,3,3,3,2,2,2,3,3,2,2,3
SYN-C3-1517,3,project_coordinator,1,0,1,2,1,1,1,1,1,0,0,0,1,0,1,1,2,2,1,1,0,2,1,1,1,2,network_engineer,,1.2654,2,2,2,2,2,1,1,2,2,3,2,2
SYN-C3-1518,4,business_analyst|network_engineer,2,1,1,2,2,0,0,1,2,2,1,0,2,0,1,0,3,2,2,0,1,1,1,0,0,2,cybersecurity_analyst,network_engineer,0.222,3,2,2,2,1,2,2,1,1,3,3,1
SYN-C3-1519,3,cybersecurity_analyst,1,1,1,1,1,1,1,0,1,1,0,0,1,2,1,0,1,3,1,2,0,0,0,1,0,1,cybersecurity_analyst,network_engineer,0.6148,2,2,1,1,2,1,0,0,1,3,3,0
SYN-C3-1520,4,qa_engineer,2,0,2,1,3,2,1,0,2,2,0,1,2,0,1,1,1,1,1,3,3,3,0,1,0,3,qa_engineer,frontend_engineer,1.1916,3,3,3,2,1,2,1,2,2,2,1,2
SYN-C3-1521,3,cybersecurity_analyst,1,1,0,1,1,0,0,1,1,0,0,1,1,0,1,0,1,1,2,0,0,1,0,0,0,2,cybersecurity_analyst,,0.069,1,2,0,1,1,1,1,0,0,1,2,1
SYN-C3-1522,4,qa_engineer,3,2,2,2,3,1,3,1,3,0,1,0,0,1,2,1,1,0,1,2,1,2,1,2,2,3,software_engineer,,1.4777,3,3,3,3,2,2,2,3,3,1,1,3
SYN-C3-1523,3,software_engineer,3,1,2,1,1,0,1,0,1,2,0,0,0,0,1,0,0,0,1,1,0,1,1,1,0,1,software_engineer,ui_ux_designer,-0.9031,2,1,1,2,0,1,0,1,1,0,0,1
SYN-C3-1524,4,network_engineer,1,1,1,2,1,0,2,1,1,1,1,1,1,2,0,0,1,3,2,1,0,2,0,1,0,3,network_engineer,,0.9261,2,2,1,2,1,3,2,2,2,3,3,2
SYN-C3-1525,4,ui_ux_designer,1,1,0,1,0,2,0,0,1,0,0,0,1,0,0,0,0,1,0,0,2,1,1,1,1,3,ui_ux_designer,,-0.2542,0,1,1,1,0,2,0,1,3,1,1,2
SYN-C3-1526,4,network_engineer,1,1,1,0,0,1,0,1,2,0,0,1,1,1,0,1,2,3,1,1,0,2,1,2,0,3,network_engineer,business_analyst,0.1887,1,2,1,1,2,2,0,3,2,3,3,2
SYN-C3-1527,3,cybersecurity_analyst|ui_ux_designer,1,2,1,2,2,0,1,1,1,0,0,0,0,1,1,0,1,1,2,1,0,1,2,0,0,3,cybersecurity_analyst,ui_ux_designer,0.6205,2,2,2,2,1,1,1,1,2,2,3,1
SYN-C3-1528,4,data_scientist,1,2,0,0,2,1,1,1,1,1,0,1,0,2,2,2,1,2,0,1,0,2,1,0,1,2,devops_engineer,,0.1633,2,2,1,2,3,1,1,2,2,1,2,1
SYN-C3-1529,3,frontend_engineer,1,0,1,2,1,3,0,0,1,0,0,0,0,0,0,1,1,1,1,1,1,2,0,1,1,2,frontend_engineer,,0.3901,2,2,3,0,1,1,1,2,2,1,2,2
SYN-C3-1530,4,mobile_developer,0,0,1,0,1,0,0,0,1,0,0,0,1,0,0,0,0,1,0,0,0,1,1,0,0,1,mobile_developer,,-2.4142,0,0,1,1,0,0,0,0,1,0,0,0
SYN-C3-1531,4,software_engineer|mobile_developer,3,1,1,2,2,2,2,1,2,1,1,1,1,1,0,0,0,1,1,2,1,3,1,1,0,3,software_engineer,mobile_developer,0.3854,3,3,3,3,1,3,2,2,3,2,2,3
SYN-C3-1532,4,frontend_engineer|network_engineer,2,1,3,2,3,2,2,0,2,1,0,0,0,1,1,2,1,1,1,0,2,2,1,0,0,3,frontend_engineer,network_engineer,0.7295,3,3,3,3,2,2,1,2,2,2,2,1
SYN-C3-1533,4,software_engineer,2,2,0,3,2,1,1,0,3,0,0,1,0,0,0,0,1,1,0,0,0,1,0,0,0,3,software_engineer,data_scientist,-1.0657,3,1,1,2,1,1,2,1,1,1,1,1
SYN-C3-1534,3,qa_engineer,2,1,2,2,1,1,0,0,1,0,1,1,2,0,2,0,1,1,1,3,1,2,0,0,0,3,qa_engineer,data_scientist,0.2387,2,3,2,1,2,2,2,2,2,2,2,2
SYN-C3-1535,3,software_engineer,3,1,2,2,3,3,2,1,2,1,0,1,1,1,1,0,2,1,1,1,1,1,0,1,0,3,software_engineer,,0.8451,3,2,3,2,2,2,2,1,2,3,2,1
SYN-C3-1536,4,mobile_developer,2,0,1,1,2,0,1,2,2,0,0,0,1,0,0,1,2,0,0,0,1,2,0,1,1,2,mobile_developer,,-0.1043,2,2,1,3,1,1,1,1,1,1,1,2
SYN-C3-1537,4,ui_ux_designer,2,1,1,2,1,0,1,0,1,1,0,0,1,1,0,0,1,0,0,2,1,3,0,2,1,3,project_coordinator,qa_engineer,-0.3877,2,3,2,2,1,1,1,3,1,0,1,3
SYN-C3-1538,3,software_engineer,2,0,1,1,1,0,1,0,2,0,0,0,1,1,0,0,0,1,0,0,0,1,0,0,0,1,software_engineer,,-1.7063,2,1,1,1,0,1,1,0,0,0,1,0
SYN-C3-1539,3,mobile_developer,2,0,2,1,1,1,0,1,1,0,0,0,0,0,0,0,0,1,0,0,0,2,0,2,0,3,mobile_developer,project_coordinator,-0.7106,1,2,1,2,0,1,0,2,2,0,0,2
SYN-C3-1540,4,ui_ux_designer|frontend_engineer,1,1,2,1,2,3,1,1,2,2,1,0,1,1,1,0,0,1,0,1,1,3,3,2,1,3,ui_ux_designer,frontend_engineer,0.527,2,3,3,3,1,2,1,3,3,1,1,3
SYN-C3-1541,3,data_analyst,1,3,1,2,2,2,0,1,3,1,2,1,2,1,0,2,1,1,1,1,1,1,1,1,0,2,data_analyst,frontend_engineer,1.6121,2,2,3,2,2,3,3,1,3,2,2,2
SYN-C3-1542,3,business_analyst,1,0,0,1,1,0,0,0,2,0,0,0,0,0,0,0,0,0,0,1,0,1,0,1,0,3,business_analyst,,-1.1345,1,2,0,0,0,1,0,2,1,0,0,1
SYN-C3-1543,4,mobile_developer,3,1,0,0,1,1,1,2,2,0,0,0,0,0,0,0,0,0,1,0,0,1,1,1,0,3,mobile_developer,,-0.7021,1,1,1,3,0,1,0,1,2,0,0,1
SYN-C3-1544,3,software_engineer,3,1,1,2,1,1,3,0,2,1,1,0,1,1,0,0,2,1,0,0,0,2,0,0,0,3,software_engineer,,0.6601,3,2,1,2,2,2,2,1,2,2,2,2
SYN-C3-1545,4,frontend_engineer,1,0,2,2,2,3,0,0,2,0,0,1,0,0,0,2,1,1,0,1,2,1,0,1,0,2,frontend_engineer,,-0.5509,2,3,3,1,1,2,1,1,2,0,1,1
SYN-C3-1546,3,project_coordinator,2,1,0,1,1,1,0,0,1,0,1,0,1,0,1,1,1,0,2,0,0,2,0,2,2,3,project_coordinator,,0.4582,2,2,1,2,1,2,1,2,2,1,1,3
SYN-C3-1547,3,software_engineer,1,0,2,1,2,3,1,0,2,0,2,1,0,0,0,0,1,0,0,2,1,2,1,1,1,3,frontend_engineer,qa_engineer,0.1611,2,3,3,2,0,2,1,3,3,1,0,3
SYN-C3-1548,3,data_scientist,1,2,1,2,2,1,1,0,2,0,2,3,3,2,1,1,1,1,0,1,2,1,2,1,1,2,data_scientist,,1.656,3,3,2,2,2,3,3,2,3,1,2,2
SYN-C3-1549,3,qa_engineer,1,1,0,0,1,0,0,0,1,0,0,0,1,0,0,0,0,1,0,2,1,1,0,0,0,2,qa_engineer,,-0.5742,0,2,0,0,0,1,0,1,1,0,0,0
SYN-C3-1550,3,data_analyst,1,2,1,1,1,2,0,1,3,0,2,0,3,1,1,1,0,0,0,0,0,1,1,1,0,2,data_analyst,,1.2585,2,2,2,1,1,3,2,2,3,0,1,1
SYN-C3-1551,3,devops_engineer,1,2,1,0,0,0,0,0,1,0,0,0,1,1,1,2,2,2,1,1,0,0,0,0,1,2,devops_engineer,network_engineer,-0.6568,1,1,0,0,3,1,1,0,0,3,2,0
SYN-C3-1552,3,business_analyst,1,1,0,2,0,0,0,0,2,0,1,1,1,0,0,0,0,0,0,1,1,2,2,2,0,3,business_analyst,,0.1361,1,2,1,1,0,3,2,3,2,0,0,2
SYN-C3-1553,4,network_engineer,0,0,0,1,1,2,0,0,1,0,1,0,1,0,0,0,1,1,1,1,1,1,1,1,1,1,network_engineer,,-0.7726,0,1,2,0,0,0,0,2,2,2,1,1
SYN-C3-1554,3,cybersecurity_analyst,1,0,0,2,1,1,0,1,2,0,0,0,2,1,0,0,1,3,2,1,1,0,0,1,1,2,cybersecurity_analyst,,1.0027,1,2,1,1,1,2,2,1,1,3,3,1
SYN-C3-1555,3,data_scientist,1,1,0,1,1,0,0,0,2,0,0,2,0,1,0,0,0,0,0,1,0,0,0,0,0,2,data_scientist,,-0.6871,1,1,0,0,0,2,2,0,0,0,1,0
SYN-C3-1556,3,software_engineer,2,0,0,1,1,0,1,0,1,0,0,0,0,1,0,0,0,0,0,0,0,0,0,1,0,2,software_engineer,qa_engineer,-1.9817,1,1,0,1,0,1,1,0,0,0,0,1
SYN-C3-1557,4,data_scientist,1,1,1,1,2,1,0,1,2,1,2,1,3,2,1,1,0,2,1,0,0,0,1,0,0,1,data_scientist,,0.2686,2,1,1,2,2,3,3,0,1,1,2,0
SYN-C3-1558,3,data_analyst,1,2,1,2,1,1,1,1,2,0,2,1,2,0,0,0,0,1,1,0,1,0,1,1,1,2,data_analyst,,0.3281,1,2,2,2,0,3,2,2,2,1,1,2
SYN-C3-1559,4,data_scientist|qa_engineer,3,3,0,1,3,0,1,0,3,0,1,3,2,1,0,1,0,1,2,3,2,1,1,1,0,2,data_scientist,qa_engineer,0.7436,2,3,1,2,2,3,3,2,2,2,2,2
SYN-C3-1560,3,software_engineer,2,0,2,2,1,1,2,0,2,1,0,0,1,0,0,1,0,1,1,1,1,1,1,1,1,3,software_engineer,,0.309,3,2,3,3,0,2,1,2,3,1,1,2
SYN-C3-1561,3,qa_engineer,2,1,1,0,1,0,0,0,1,0,1,0,0,0,1,0,0,0,0,1,1,1,0,1,0,3,qa_engineer,,-0.8783,2,3,1,1,1,2,0,2,2,0,0,2
SYN-C3-1562,3,software_engineer,3,1,2,2,1,2,2,1,1,2,0,1,1,1,1,2,1,1,1,1,2,2,0,1,1,1,software_engineer,,0.9367,3,3,2,2,1,1,1,1,1,2,2,2
SYN-C3-1563,4,software_engineer,3,0,1,2,1,2,1,1,3,0,0,0,0,0,1,0,1,1,0,1,0,1,1,0,0,2,software_engineer,,-1.0997,3,2,2,3,1,1,0,1,2,1,1,0
SYN-C3-1564,4,ui_ux_designer|data_analyst,1,3,1,2,1,1,0,0,2,0,1,0,2,1,0,0,0,1,1,0,0,1,0,2,1,3,ui_ux_designer,data_analyst,0.0953,1,2,1,1,1,3,2,3,2,1,2,3
SYN-C3-1565,4,software_engineer,3,1,1,3,2,2,0,0,3,2,0,1,2,1,2,2,1,1,0,1,0,1,1,1,0,2,software_engineer,,-0.0063,3,2,2,2,2,3,2,1,3,2,2,1
SYN-C3-1566,3,qa_engineer,1,2,1,1,2,0,1,0,1,0,2,0,1,0,1,1,0,1,0,3,2,1,0,2,0,3,qa_engineer,,0.4545,2,3,2,2,1,3,1,2,1,1,1,2
SYN-C3-1567,4,network_engineer,2,1,1,3,1,1,2,0,0,1,1,0,1,1,1,0,2,3,2,2,0,1,0,1,1,2,network_engineer,,1.1606,3,2,1,2,2,1,1,1,2,3,3,2
SYN-C3-1568,3,software_engineer,3,0,2,2,0,1,3,0,2,1,0,0,0,1,0,0,0,0,0,1,2,1,0,0,0,2,software_engineer,,-0.0027,3,2,1,1,0,1,1,1,2,0,0,0
SYN-C3-1569,3,software_engineer,2,0,1,1,2,2,2,0,2,0,0,0,1,0,0,0,1,1,0,1,1,1,0,0,0,2,software_engineer,,-0.3162,3,2,2,2,1,1,1,0,2,1,1,1
SYN-C3-1570,4,devops_engineer,1,3,0,1,3,0,1,1,1,0,0,0,0,2,1,0,1,1,1,1,0,2,0,1,1,2,devops_engineer,project_coordinator,-1.3334,2,2,1,1,3,1,1,2,1,2,2,2
SYN-C3-1571,3,ui_ux_designer,2,0,2,2,1,2,0,0,2,0,1,1,2,0,0,1,1,2,1,2,2,3,2,1,0,3,ui_ux_designer,,1.827,3,3,2,2,1,3,2,3,3,2,2,2
SYN-C3-1572,4,ui_ux_designer,1,0,0,0,0,1,0,0,0,0,1,0,2,1,0,0,0,0,0,0,1,0,2,1,0,2,ui_ux_designer,,-1.9015,0,0,0,0,0,1,0,1,3,0,0,0
SYN-C3-1573,4,qa_engineer,1,0,0,1,0,1,0,0,3,0,0,0,0,0,1,0,1,0,0,3,0,1,0,1,0,2,qa_engineer,,-1.5056,2,3,0,1,0,1,0,0,2,1,0,1
SYN-C3-1574,3,software_engineer,3,1,1,1,2,1,2,0,2,0,1,0,0,2,0,2,2,1,1,1,0,3,1,1,0,2,software_engineer,,0.6205,3,2,2,2,3,3,1,2,2,3,3,2
SYN-C3-1575,3,frontend_engineer,1,0,2,1,1,3,0,0,1,1,0,0,0,0,0,0,0,0,0,0,0,0,0,0,0,0,frontend_engineer,,-1.797,1,1,2,0,0,0,0,0,0,0,0,0
SYN-C3-1576,3,ui_ux_designer|qa_engineer,2,1,0,1,1,1,0,0,0,0,0,0,0,0,1,0,0,1,0,1,1,1,1,1,0,3,ui_ux_designer,qa_engineer,-0.517,1,2,1,1,0,1,0,1,3,1,1,1
SYN-C3-1577,4,devops_engineer,2,1,1,1,3,1,1,1,3,1,2,2,0,1,2,0,2,0,1,1,1,2,2,1,0,3,mobile_developer,,1.1756,3,3,2,3,2,3,2,3,3,2,2,3
SYN-C3-1578,4,mobile_developer,1,0,0,0,2,1,0,1,1,0,0,0,0,0,0,0,0,0,0,0,0,0,0,0,0,1,mobile_developer,,-2.1299,0,1,0,1,0,0,0,0,0,0,0,0
SYN-C3-1579,4,software_engineer,3,0,2,3,3,3,2,1,2,0,1,0,3,1,1,1,2,2,0,2,1,0,1,0,1,3,software_engineer,,0.9115,3,3,3,2,2,2,2,2,1,3,2,1
SYN-C3-1580,4,project_coordinator,1,1,0,1,1,0,0,0,3,1,1,2,0,1,0,1,1,1,1,1,1,2,0,3,1,3,business_analyst,,0.7816,1,2,0,1,1,2,1,3,1,2,2,3
SYN-C3-1581,4,software_engineer,2,1,0,2,3,1,0,0,2,1,2,0,0,0,1,1,1,0,1,1,0,0,0,0,0,2,software_engineer,,-0.7538,2,1,0,1,1,2,1,1,1,1,1,1
SYN-C3-1582,3,network_engineer,2,1,1,1,0,1,1,0,1,0,0,1,1,0,0,1,1,1,0,0,1,1,0,0,1,2,network_engineer,,0.2021,1,1,1,2,1,2,1,1,1,1,1,1
SYN-C3-1583,3,data_scientist,1,1,0,0,1,0,0,0,2,0,0,1,0,0,0,0,0,0,0,1,0,0,0,0,0,0,data_scientist,,-1.5088,0,0,0,0,0,0,0,0,0,0,0,0
SYN-C3-1584,4,data_analyst,1,2,0,1,0,1,1,0,3,0,2,1,1,1,1,0,2,1,0,0,0,0,0,0,0,3,data_analyst,,-0.1305,1,0,0,0,1,3,2,1,0,2,2,1
SYN-C3-1585,4,software_engineer,3,2,2,1,2,2,2,0,3,2,0,0,0,2,0,1,1,1,0,1,0,2,0,1,0,2,software_engineer,,0.3259,3,2,2,2,2,2,1,1,2,1,2,2
SYN-C3-1586,4,business_analyst|project_coordinator,1,1,2,1,0,0,0,0,1,1,1,1,1,0,0,0,0,1,0,1,0,2,1,3,1,3,business_analyst,project_coordinator,-0.62,1,2,1,1,0,2,1,3,2,0,1,3
SYN-C3-1587,3,devops_engineer|mobile_developer,1,1,2,1,1,1,1,1,2,0,3,0,0,1,1,0,0,0,0,0,0,2,0,2,1,3,business_analyst,mobile_developer,-0.0253,2,2,1,2,1,3,2,3,3,1,1,3
SYN-C3-1588,3,ui_ux_designer,0,1,2,1,0,2,1,1,2,0,0,1,1,0,0,0,1,2,1,0,1,2,2,1,0,2,ui_ux_designer,cybersecurity_analyst,0.313,2,1,2,2,1,2,0,1,3,2,2,2
SYN-C3-1589,4,devops_engineer,2,2,1,0,1,0,1,1,1,0,1,1,0,3,2,2,2,1,1,0,0,1,0,0,0,2,devops_engineer,,-0.0574,2,1,1,2,3,1,1,1,1,2,1,1
SYN-C3-1590,3,network_engineer,2,0,0,1,0,1,1,0,1,0,0,0,1,1,1,0,1,3,1,0,2,0,1,0,0,1,network_engineer,,-0.1577,1,1,1,1,0,0,0,0,0,3,2,0
SYN-C3-1591,3,qa_engineer,1,1,1,2,1,0,1,0,2,2,2,1,1,0,1,0,1,0,0,1,1,2,2,2,1,3,business_analyst,,0.8962,2,3,2,2,1,3,2,3,2,1,1,3
SYN-C3-1592,3,cybersecurity_analyst|software_engineer,2,1,1,3,2,1,1,0,1,1,0,0,1,0,0,0,2,1,2,1,0,2,0,1,0,2,cybersecurity_analyst,software_engineer,0.1153,3,2,2,3,1,2,1,2,2,2,3,2
SYN-C3-1593,4,ui_ux_designer|project_coordinator,1,1,2,2,1,2,0,0,2,1,1,0,1,1,1,1,1,1,0,1,0,2,2,2,2,3,ui_ux_designer,project_coordinator,0.4055,3,2,2,2,1,2,2,3,3,1,2,3
SYN-C3-1594,3,business_analyst,1,1,0,0,1,1,0,1,1,0,1,0,0,0,1,0,0,0,0,1,0,2,0,2,1,3,business_analyst,project_coordinator,-0.7469,0,2,0,1,0,1,1,3,1,0,0,3
SYN-C3-1595,3,software_engineer,3,1,1,2,1,1,1,1,3,1,0,0,0,0,0,0,0,1,0,1,0,0,0,0,0,2,software_engineer,,0.1016,2,2,1,2,0,1,1,0,1,1,1,0
SYN-C3-1596,4,qa_engineer,2,0,1,1,3,1,1,0,3,1,0,0,1,2,0,0,2,1,0,3,1,2,1,0,0,2,software_engineer,,-0.2092,3,3,2,3,2,1,1,1,3,2,2,1
SYN-C3-1597,3,business_analyst,1,0,0,0,1,1,1,1,2,0,0,0,0,0,0,1,1,0,1,1,1,2,0,2,2,2,business_analyst,,0.1812,1,2,1,1,1,1,0,3,2,0,0,3
SYN-C3-1598,3,data_scientist|devops_engineer,2,3,1,1,2,1,0,1,2,0,1,2,1,1,2,2,1,1,1,2,0,2,1,0,0,3,data_scientist,devops_engineer,0.4989,3,3,2,2,2,2,3,3,2,2,2,2
SYN-C3-1599,3,software_engineer|devops_engineer,2,1,1,2,3,2,1,1,3,1,1,0,1,2,1,1,2,1,0,1,0,2,0,0,1,2,software_engineer,devops_engineer,0.4967,3,2,2,2,3,2,2,2,1,2,2,2
SYN-C3-1600,3,data_scientist,2,3,1,1,1,0,0,0,2,1,1,2,2,1,1,1,1,1,1,1,1,0,0,0,1,2,data_scientist,,0.379,2,2,0,1,2,2,3,1,0,2,2,1
SYN-C3-1601,4,cybersecurity_analyst,1,1,0,1,2,2,1,1,2,1,2,1,1,1,0,1,0,1,1,1,2,2,0,2,2,3,project_coordinator,,0.9885,2,3,2,2,1,3,2,3,2,1,1,3
SYN-C3-1602,3,cybersecurity_analyst,1,1,1,1,2,0,0,0,1,1,0,0,1,1,2,2,3,2,1,0,0,1,1,1,1,2,devops_engineer,,1.08,2,1,1,2,3,1,1,1,2,3,3,2
SYN-C3-1603,3,mobile_developer,1,0,0,1,0,0,0,0,1,0,1,0,1,0,0,0,0,1,0,1,0,2,1,1,1,1,business_analyst,,-0.1859,0,1,0,1,0,1,0,3,1,0,0,3
SYN-C3-1604,3,business_analyst,1,1,0,0,0,0,0,0,1,0,1,0,0,0,2,0,0,1,0,1,0,2,0,2,0,2,business_analyst,,-0.7596,1,2,0,1,1,1,0,3,1,0,0,2
SYN-C3-1605,3,business_analyst,0,0,0,0,0,0,0,0,2,0,1,0,1,1,1,0,0,0,1,0,0,2,0,2,0,3,business_analyst,data_scientist,-0.9261,1,1,0,0,0,1,1,3,1,0,1,2
SYN-C3-1606,3,data_analyst,2,1,0,1,0,1,0,1,3,0,1,1,2,0,0,0,0,1,0,0,0,0,0,1,1,2,data_analyst,,0.2795,0,1,0,1,0,3,2,1,1,1,1,1
SYN-C3-1607,3,network_engineer|data_analyst,1,1,0,3,1,1,0,0,1,0,2,1,0,1,0,1,1,3,1,0,0,0,0,0,0,3,network_engineer,data_analyst,-0.1384,1,0,1,0,1,2,1,1,0,3,3,1
SYN-C3-1608,3,data_analyst,2,1,0,2,1,0,0,0,3,0,2,0,1,1,0,0,1,0,1,1,0,0,0,1,0,3,data_analyst,devops_engineer,-1.2603,1,1,0,0,1,3,2,1,0,1,1,1
SYN-C3-1609,4,cybersecurity_analyst,2,0,3,1,3,1,3,1,2,1,0,0,0,2,1,0,0,0,0,1,0,2,0,0,0,2,software_engineer,mobile_developer,-0.9861,3,2,3,3,1,1,0,1,1,1,0,2
SYN-C3-1610,4,mobile_developer,3,3,3,3,3,2,2,3,2,1,1,1,2,1,1,1,2,2,1,2,1,2,1,2,2,3,mobile_developer,,3.1071,3,3,3,3,2,3,3,3,3,3,3,3
SYN-C3-1611,4,devops_engineer|mobile_developer,1,1,1,1,2,0,2,1,2,0,1,1,1,1,2,1,1,0,0,0,1,1,1,1,0,2,devops_engineer,mobile_developer,0.213,2,2,2,3,2,3,2,2,2,1,1,2
SYN-C3-1612,4,mobile_developer|frontend_engineer,3,1,2,2,2,2,2,2,1,1,1,0,1,0,0,1,0,2,1,1,1,2,1,1,0,3,mobile_developer,frontend_engineer,0.293,3,3,3,3,1,2,1,3,3,2,1,3
SYN-C3-1613,3,cybersecurity_analyst|network_engineer,1,0,0,2,1,1,0,1,2,0,1,1,1,1,0,1,3,3,3,1,0,1,1,0,0,3,cybersecurity_analyst,network_engineer,0.5543,2,2,1,1,2,1,2,2,2,3,3,1
SYN-C3-1614,4,software_engineer,3,1,3,2,2,2,2,0,3,1,1,2,1,1,1,2,1,1,0,1,1,1,0,1,0,2,software_engineer,,0.7144,3,3,3,3,2,3,2,2,2,1,2,1
SYN-C3-1615,3,data_analyst|project_coordinator,1,2,1,2,0,1,1,1,1,0,1,0,1,1,0,0,1,0,0,0,0,1,0,1,1,3,data_analyst,project_coordinator,0.2854,2,1,1,1,1,3,1,2,2,1,1,3
SYN-C3-1616,4,cybersecurity_analyst|data_scientist,0,2,0,2,1,0,0,0,2,1,0,0,1,0,0,1,1,2,1,0,0,0,0,0,0,1,cybersecurity_analyst,data_scientist,-1.2527,1,0,0,0,1,1,2,0,0,1,2,0
SYN-C3-1617,4,business_analyst,2,0,1,0,0,1,1,0,1,0,1,0,1,0,0,0,1,0,0,1,0,2,0,2,0,3,business_analyst,,-0.9615,1,2,1,2,0,1,0,3,2,0,0,2
SYN-C3-1618,4,business_analyst,2,1,2,0,0,0,1,0,1,2,1,1,1,1,1,0,0,1,0,2,1,1,1,2,2,2,business_analyst,,0.2397,1,2,2,2,1,1,1,3,2,0,1,3
SYN-C3-1619,3,software_engineer,0,1,1,1,1,0,1,0,1,0,0,0,0,0,0,0,1,1,1,0,0,1,0,1,0,2,cybersecurity_analyst,,-1.4451,1,1,1,1,1,1,1,1,1,1,2,2
SYN-C3-1620,4,ui_ux_designer,1,1,1,1,0,1,0,0,1,1,0,0,1,0,0,0,0,0,0,1,0,2,1,0,0,1,ui_ux_designer,,-0.5748,1,1,0,1,0,1,0,1,2,0,0,1
SYN-C3-1621,4,data_scientist,1,2,0,1,1,0,0,0,2,0,3,2,1,1,0,3,1,2,0,0,0,1,0,0,0,2,data_scientist,,-0.6316,1,1,0,1,2,3,3,1,1,2,2,0
SYN-C3-1622,3,software_engineer,3,1,2,1,3,1,2,2,3,1,1,1,1,0,2,1,0,0,0,1,0,2,1,1,1,3,software_engineer,mobile_developer,0.4284,3,2,2,3,1,3,2,3,3,0,0,3
SYN-C3-1623,3,cybersecurity_analyst,1,1,1,1,0,0,0,0,1,0,1,0,0,1,0,1,2,3,2,1,0,1,0,1,1,2,cybersecurity_analyst,,0.7546,1,1,1,1,2,2,1,2,1,3,3,2
SYN-C3-1624,3,project_coordinator,0,1,1,1,0,0,0,1,1,0,1,0,0,0,0,0,1,1,0,0,0,2,0,2,1,1,project_coordinator,,-0.5767,0,1,0,1,0,1,0,2,0,1,1,3
SYN-C3-1625,3,frontend_engineer|business_analyst,2,1,2,1,1,2,1,1,2,0,2,0,1,0,0,0,0,1,1,0,1,2,1,2,1,3,frontend_engineer,business_analyst,0.7454,2,2,3,2,1,3,2,3,3,1,1,3
SYN-C3-1626,3,software_engineer,2,1,1,1,3,1,0,0,2,1,0,0,0,1,0,1,0,0,0,0,0,1,0,1,0,2,software_engineer,,-0.82,3,2,1,2,0,2,1,0,2,0,0,1
SYN-C3-1627,4,ui_ux_designer,1,1,1,1,2,1,1,1,3,0,1,1,1,0,0,0,1,1,1,2,2,2,0,0,0,2,qa_engineer,,-0.1597,2,3,2,2,1,2,2,2,2,2,2,1
SYN-C3-1628,3,devops_engineer|data_analyst,0,3,0,1,2,0,0,0,2,0,0,0,0,1,1,1,0,0,0,0,0,1,0,1,1,2,devops_engineer,data_analyst,-1.0452,1,1,1,1,1,1,1,1,1,0,1,2
SYN-C3-1629,4,qa_engineer,2,1,3,2,3,2,1,1,2,0,0,1,2,1,0,1,1,0,2,3,1,2,1,2,0,2,qa_engineer,,1.239,3,3,3,3,1,3,2,2,2,2,2,2
SYN-C3-1630,3,devops_engineer,1,1,1,0,2,0,0,0,0,0,2,0,1,2,2,1,2,1,1,1,1,1,0,0,1,1,devops_engineer,,0.1956,1,1,1,1,3,1,0,1,0,1,2,1
SYN-C3-1631,3,devops_engineer,1,1,0,0,1,1,0,0,0,0,0,0,1,0,1,2,1,1,1,0,0,1,0,0,0,2,devops_engineer,project_coordinator,-1.5116,1,1,1,0,2,0,0,0,1,1,1,0
SYN-C3-1632,3,network_engineer,1,0,1,2,1,1,0,1,1,0,0,0,0,1,0,0,2,2,0,0,1,0,0,0,0,2,network_engineer,,-0.3724,1,1,1,0,0,0,0,0,1,3,2,0
SYN-C3-1633,3,ui_ux_designer,1,1,1,1,1,2,0,1,1,0,0,0,1,1,0,0,1,1,1,1,1,1,2,1,1,3,ui_ux_designer,qa_engineer,0.3338,2,2,2,1,1,1,1,2,3,2,2,2
SYN-C3-1634,4,qa_engineer,2,0,2,2,1,1,0,0,2,1,2,1,0,0,0,0,1,1,1,2,2,2,1,1,1,3,qa_engineer,frontend_engineer,0.0567,2,3,2,2,0,2,1,3,3,1,1,3
SYN-C3-1635,3,software_engineer|cybersecurity_analyst,1,1,2,2,1,2,1,1,2,1,0,0,0,1,0,0,0,1,1,0,0,2,0,1,0,3,software_engineer,cybersecurity_analyst,0.1056,3,2,2,2,1,2,1,2,2,2,2,2
SYN-C3-1636,3,data_scientist,2,1,0,2,0,1,0,0,3,0,0,0,2,1,0,1,0,1,1,0,1,0,0,0,1,2,data_scientist,,0.1982,1,1,0,0,1,2,2,1,1,2,1,1
SYN-C3-1637,3,software_engineer|devops_engineer,3,2,2,1,2,1,1,1,2,0,0,1,1,1,2,2,2,2,1,0,0,3,0,0,0,2,software_engineer,devops_engineer,1.3975,3,1,2,2,3,2,2,1,2,3,3,1
SYN-C3-1638,3,data_scientist|mobile_developer,0,3,0,0,2,1,0,1,2,1,2,1,2,0,1,0,0,0,0,1,1,1,1,1,1,1,data_scientist,mobile_developer,0.4048,1,1,1,1,0,2,3,2,2,0,0,1
SYN-C3-1639,4,software_engineer|qa_engineer,3,2,2,2,2,2,2,0,3,1,0,0,0,0,0,1,1,1,0,1,0,3,1,0,1,2,software_engineer,qa_engineer,-0.0834,3,2,3,2,1,1,1,2,2,1,1,2
SYN-C3-1640,4,frontend_engineer,1,1,2,0,2,3,1,0,1,0,0,0,0,0,0,0,0,2,0,0,0,1,0,0,1,2,frontend_engineer,,-1.2023,1,2,3,1,1,0,0,1,2,1,1,1
SYN-C3-1641,3,data_analyst,2,3,1,2,2,1,1,1,2,1,2,0,3,0,1,0,1,1,0,1,2,1,0,1,0,3,data_analyst,,1.3285,3,3,2,3,1,3,2,2,2,1,2,2
SYN-C3-1642,4,ui_ux_designer|cybersecurity_analyst,1,1,2,2,1,1,1,0,2,0,0,0,2,1,1,0,3,3,2,0,2,1,1,0,0,3,network_engineer,cybersecurity_analyst,0.3907,2,2,2,2,2,2,2,1,2,3,3,1
SYN-C3-1643,4,data_analyst,1,1,1,2,2,1,1,0,1,0,2,0,1,0,0,0,0,0,0,1,0,1,1,2,0,2,data_analyst,software_engineer,-0.3927,2,2,3,2,0,3,1,2,3,0,0,1
SYN-C3-1644,4,network_engineer|business_analyst,1,1,2,1,1,1,0,1,2,0,0,0,1,2,1,1,1,2,1,1,0,1,0,1,2,3,network_engineer,business_analyst,0.3762,2,2,1,1,2,3,1,2,2,3,2,3
SYN-C3-1645,3,software_engineer,3,0,1,2,2,1,3,0,2,1,1,0,1,0,0,0,0,0,0,0,0,1,0,0,0,2,software_engineer,,-0.3072,3,1,1,2,0,2,1,1,1,0,0,1
SYN-C3-1646,3,qa_engineer,2,1,2,1,1,0,1,1,2,1,0,0,2,1,1,2,1,1,1,2,2,2,0,2,0,3,qa_engineer,,1.6512,3,3,2,3,2,2,1,2,1,2,2,2
SYN-C3-1647,4,cybersecurity_analyst,0,0,0,2,0,1,0,0,1,0,0,0,1,0,0,0,1,2,1,0,0,0,0,0,0,1,cybersecurity_analyst,,-1.701,0,0,0,0,0,0,0,0,0,1,2,0
SYN-C3-1648,3,mobile_developer,2,1,1,2,2,1,1,3,2,2,1,1,1,0,0,0,1,1,0,1,2,1,1,0,0,3,mobile_developer,,1.1084,2,2,3,3,2,2,2,2,2,1,1,1
SYN-C3-1649,3,ui_ux_designer,1,0,1,1,0,0,0,0,1,0,0,0,0,0,0,0,1,1,0,0,0,1,2,2,0,2,ui_ux_designer,,-0.806,1,1,0,1,0,0,0,2,3,1,1,2
SYN-C3-1650,3,devops_engineer,0,1,0,0,1,0,0,0,1,0,0,0,0,2,1,1,2,0,1,0,1,1,0,0,0,3,devops_engineer,project_coordinator,-1.1746,1,1,0,0,3,1,1,0,1,2,1,1
SYN-C3-1651,4,data_scientist,1,2,0,2,1,1,1,1,2,1,1,2,3,0,0,0,1,1,0,0,0,0,0,1,0,2,data_scientist,,-0.0369,1,1,0,1,0,3,3,1,1,1,1,1
SYN-C3-1652,4,software_engineer,2,1,2,2,2,2,1,0,2,1,1,0,0,0,1,0,0,1,0,0,1,0,1,1,0,2,software_engineer,,-0.916,3,2,2,3,1,2,1,1,2,0,1,1
SYN-C3-1653,3,software_engineer|data_scientist,2,1,1,1,1,1,1,0,2,1,1,0,1,0,2,0,0,0,0,1,0,1,0,0,1,3,software_engineer,data_scientist,-0.5102,3,2,1,2,1,2,1,2,2,0,0,2
SYN-C3-1654,4,cybersecurity_analyst|software_engineer,3,2,1,1,2,1,2,2,2,0,1,0,1,1,1,0,2,3,2,0,1,1,0,0,0,3,cybersecurity_analyst,software_engineer,0.3214,3,2,3,3,3,2,2,2,1,3,3,1
SYN-C3-1655,4,data_analyst|frontend_engineer,1,2,1,1,2,1,1,0,3,0,2,1,2,1,0,1,0,0,1,1,1,1,0,1,0,3,data_analyst,frontend_engineer,-0.2181,2,2,2,2,1,3,3,2,2,1,1,1
SYN-C3-1656,3,software_engineer,1,0,1,1,2,0,1,0,2,1,1,1,0,1,1,0,0,1,0,1,0,1,1,0,0,2,software_engineer,,-0.3576,3,2,2,2,1,1,2,1,1,1,1,1
SYN-C3-1657,4,qa_engineer,2,0,1,1,2,0,2,1,1,0,1,0,1,2,1,0,1,0,1,3,3,2,0,1,2,3,qa_engineer,,0.2873,2,3,2,2,1,1,1,2,1,1,1,3
SYN-C3-1658,4,data_analyst,1,1,0,1,2,1,1,1,2,0,1,1,2,1,0,0,0,0,0,1,1,2,0,1,1,2,data_analyst,qa_engineer,-1.1356,2,3,2,1,1,3,2,2,1,0,1,2
SYN-C3-1659,3,data_analyst,1,0,0,2,1,0,0,0,1,0,1,0,1,1,0,0,0,0,0,1,0,1,0,0,0,2,data_analyst,software_engineer,-1.2101,2,1,1,1,0,1,1,1,0,1,0,1
SYN-C3-1660,4,ui_ux_designer|software_engineer,2,1,1,1,1,2,0,0,1,1,2,0,1,0,1,0,0,0,1,0,0,3,3,1,1,2,ui_ux_designer,software_engineer,-0.1961,2,2,2,2,0,2,1,3,3,1,1,3
SYN-C3-1661,4,mobile_developer|software_engineer,3,1,3,2,3,2,2,2,2,1,0,1,1,1,0,1,0,1,0,1,0,3,1,1,0,3,mobile_developer,software_engineer,1.1078,3,2,3,3,1,3,2,2,2,2,1,2
SYN-C3-1662,4,project_coordinator|data_scientist,1,2,1,2,1,1,0,0,2,1,2,1,2,2,1,1,1,2,0,0,1,3,1,1,3,3,project_coordinator,data_scientist,0.5421,3,3,2,1,2,3,3,3,3,2,2,3
SYN-C3-1663,4,network_engineer,2,1,3,1,1,1,1,0,1,1,1,0,0,2,1,0,1,3,2,1,2,2,1,0,2,3,network_engineer,,1.3026,2,3,2,3,2,1,0,2,2,3,2,3
SYN-C3-1664,4,qa_engineer,3,1,3,2,3,1,1,0,2,1,0,1,2,1,1,2,1,1,0,2,3,2,1,1,0,3,qa_engineer,frontend_engineer,1.329,3,3,3,3,2,3,2,2,3,1,2,2
SYN-C3-1665,4,cybersecurity_analyst,2,1,1,2,2,2,0,0,1,1,1,0,2,1,0,0,2,2,3,1,1,1,1,1,0,2,cybersecurity_analyst,,0.2438,2,2,3,2,2,3,2,2,3,3,3,2
SYN-C3-1666,3,network_engineer,1,1,0,1,1,0,0,0,1,2,1,2,1,1,1,1,1,2,2,0,1,1,1,1,1,1,network_engineer,,0.7434,1,1,1,1,1,2,2,2,1,3,3,2
SYN-C3-1667,3,data_analyst,0,1,1,1,0,0,0,0,2,0,2,1,1,0,0,0,0,1,0,0,0,0,0,2,0,3,data_analyst,,-0.4421,0,0,0,0,0,3,1,2,1,0,1,1
SYN-C3-1668,4,qa_engineer,2,0,2,1,2,1,1,1,2,1,2,1,1,1,1,1,1,1,0,2,3,3,2,1,2,3,qa_engineer,business_analyst,1.1661,3,3,3,3,1,3,2,3,3,1,1,3
SYN-C3-1669,4,qa_engineer|mobile_developer,1,0,2,1,2,2,0,2,2,0,0,0,0,0,0,1,0,1,0,2,1,1,0,0,0,3,qa_engineer,mobile_developer,-2.2325,2,3,2,2,1,1,0,1,2,1,1,1
SYN-C3-1670,4,network_engineer|cybersecurity_analyst,1,2,1,2,1,1,0,1,2,0,0,1,2,1,0,0,2,2,2,1,0,1,1,1,2,2,network_engineer,cybersecurity_analyst,0.554,2,2,1,2,1,3,2,2,3,3,3,2
SYN-C3-1671,3,data_scientist,0,1,0,0,0,0,0,0,1,0,1,0,2,0,0,0,0,0,0,0,0,0,0,0,0,1,data_scientist,,-2.0134,0,0,0,0,0,2,1,0,0,0,0,0
SYN-C3-1672,4,devops_engineer,2,1,2,2,3,1,0,1,2,0,1,1,2,2,2,3,2,1,2,1,2,2,1,1,0,2,devops_engineer,,1.2153,3,3,3,2,3,3,2,2,3,3,3,2
SYN-C3-1673,3,cybersecurity_analyst,1,1,0,1,1,1,1,1,2,0,0,0,0,1,0,1,0,3,2,0,1,0,0,0,0,1,cybersecurity_analyst,,0.2598,1,1,1,1,0,1,1,0,0,2,2,0
SYN-C3-1674,3,mobile_developer|business_analyst,2,0,0,1,2,2,1,1,1,0,1,0,1,0,0,0,1,1,0,0,0,2,0,1,0,2,mobile_developer,business_analyst,-1.073,2,1,2,3,0,2,1,2,2,1,1,2
SYN-C3-1675,3,network_engineer,1,0,1,2,1,1,0,1,1,0,1,1,1,0,1,2,2,3,1,2,1,0,1,0,1,3,network_engineer,,1.0699,1,2,1,1,1,2,2,2,1,3,3,2
SYN-C3-1676,3,software_engineer,2,0,2,1,3,1,1,0,2,0,0,0,0,1,1,0,0,0,0,2,1,1,0,0,0,2,software_engineer,,-0.6352,3,3,2,2,1,1,0,1,2,0,0,1
SYN-C3-1677,4,mobile_developer,2,1,1,2,1,2,1,3,2,1,1,0,0,0,0,1,1,2,0,2,0,2,2,0,1,3,mobile_developer,,0.1026,3,2,2,3,1,2,1,2,3,1,1,3
SYN-C3-1678,4,software_engineer|project_coordinator,3,0,1,2,2,1,2,1,3,1,1,0,1,0,1,1,1,2,0,1,1,1,1,0,1,3,software_engineer,project_coordinator,0.0029,3,3,2,3,1,2,1,2,2,1,1,2
SYN-C3-1679,3,mobile_developer,2,1,2,2,2,1,0,3,1,1,1,0,1,0,0,0,0,1,1,0,1,1,1,0,0,1,mobile_developer,,0.8835,2,1,3,3,0,2,1,0,2,1,1,1
SYN-C3-1680,3,qa_engineer,1,1,0,1,1,2,1,0,2,1,0,0,1,1,0,0,0,0,1,2,2,3,0,1,1,1,qa_engineer,,0.3082,1,3,1,1,0,2,1,1,1,1,1,2
SYN-C3-1681,3,ui_ux_designer|mobile_developer,1,1,2,0,1,1,0,1,2,0,0,0,0,0,2,0,0,1,0,0,0,1,2,0,1,1,ui_ux_designer,mobile_developer,-0.3942,1,1,2,1,1,1,0,1,3,0,0,0
SYN-C3-1682,4,software_engineer,3,1,3,2,2,2,1,1,3,1,0,1,1,1,1,2,1,2,1,1,1,1,0,2,0,3,software_engineer,,0.6913,3,3,3,3,2,2,2,1,2,2,2,2
SYN-C3-1683,3,data_analyst,1,0,0,1,0,0,0,0,2,0,1,0,0,0,0,1,0,0,0,0,0,1,0,1,0,3,data_analyst,,-1.3224,0,1,0,0,0,1,1,1,1,0,0,2
SYN-C3-1684,3,frontend_engineer,2,1,2,1,1,2,1,0,1,0,0,0,0,0,1,0,0,1,0,0,1,2,2,0,0,2,frontend_engineer,,0.1398,2,2,3,2,1,1,0,1,3,0,1,1
SYN-C3-1685,4,business_analyst,1,2,2,2,2,1,1,0,2,0,1,0,3,0,1,0,1,1,2,2,0,2,2,3,1,2,business_analyst,,1.3575,3,2,2,2,1,3,2,3,3,3,2,3
SYN-C3-1686,4,business_analyst|data_analyst,0,1,0,1,1,1,0,0,3,0,2,1,1,1,0,0,1,0,0,1,0,2,1,3,1,3,business_analyst,data_analyst,-0.6482,1,1,1,1,0,3,2,3,2,1,1,3
SYN-C3-1687,4,qa_engineer|devops_engineer,1,0,0,1,2,0,0,1,1,0,0,0,1,0,1,1,0,1,0,1,2,2,0,1,1,2,qa_engineer,devops_engineer,-1.2897,1,3,1,1,1,1,0,2,1,0,0,3
SYN-C3-1688,3,cybersecurity_analyst,0,2,0,0,1,1,1,0,1,1,0,0,0,0,1,1,2,2,1,0,0,0,0,0,1,2,cybersecurity_analyst,,-0.3327,1,1,0,0,2,1,0,0,1,2,3,0
SYN-C3-1689,4,devops_engineer,0,3,1,2,3,2,2,2,2,1,2,2,1,2,2,3,3,3,3,2,2,2,1,2,1,3,devops_engineer,,1.5876,3,3,3,3,3,3,3,3,3,3,3,3
SYN-C3-1690,4,software_engineer,2,2,2,3,2,2,1,1,2,0,1,0,1,1,1,0,0,2,0,1,1,2,0,0,0,2,software_engineer,ui_ux_designer,-0.3515,3,2,3,2,1,3,2,1,1,2,1,2
SYN-C3-1691,3,software_engineer,2,0,1,1,1,1,1,1,2,0,0,0,0,1,0,0,1,1,1,1,0,2,0,1,1,3,software_engineer,business_analyst,-0.378,3,2,2,2,1,1,0,2,2,2,1,3
SYN-C3-1692,3,qa_engineer,2,1,2,1,1,2,0,0,1,1,1,0,1,0,0,0,1,1,0,2,2,3,1,1,0,3,qa_engineer,frontend_engineer,0.4591,3,3,2,2,0,2,0,2,3,1,1,2
SYN-C3-1693,4,frontend_engineer,0,1,3,2,2,2,0,0,0,0,0,0,1,1,0,1,1,2,0,1,1,1,0,0,0,2,frontend_engineer,network_engineer,-1.6178,1,1,3,0,2,1,1,0,1,2,2,1
SYN-C3-1694,3,software_engineer|ui_ux_designer,2,1,1,2,3,2,1,0,3,1,0,1,1,1,1,1,1,1,1,1,0,2,2,1,0,3,software_engineer,ui_ux_designer,1.0835,3,2,3,3,2,2,2,2,3,2,2,2
SYN-C3-1695,3,devops_engineer,1,3,0,1,2,1,0,0,3,0,1,1,2,0,1,1,0,1,1,1,0,1,0,0,1,2,data_scientist,,0.6931,1,1,1,1,1,3,3,1,1,1,1,1
SYN-C3-1696,3,data_analyst,2,2,1,1,2,1,0,0,3,0,1,2,1,0,2,1,2,2,0,1,0,1,0,1,1,2,data_analyst,,1.8433,2,2,1,2,2,3,2,2,2,2,2,2
SYN-C3-1697,4,ui_ux_designer,1,1,1,2,0,1,1,0,2,0,1,1,0,0,0,1,1,2,2,2,0,1,1,2,1,3,ui_ux_designer,,0.6082,2,2,2,1,1,3,1,3,3,3,2,2
SYN-C3-1698,4,software_engineer,3,2,0,2,2,2,1,0,3,1,0,2,2,0,0,1,1,1,1,1,0,1,1,1,1,3,software_engineer,data_analyst,0.0269,3,2,2,2,2,3,3,2,2,1,2,2
SYN-C3-1699,4,data_analyst|project_coordinator,1,2,1,1,1,1,0,1,2,1,1,1,1,0,1,0,0,0,0,0,1,1,1,2,0,3,data_analyst,project_coordinator,-0.6281,1,2,1,2,0,3,2,3,3,0,0,2
SYN-C3-1700,4,project_coordinator,1,1,1,1,0,2,0,0,1,0,1,0,1,0,0,0,0,1,0,1,1,2,0,0,2,3,project_coordinator,,-0.3094,1,2,1,1,0,2,0,2,2,1,1,3
SYN-C3-1701,4,frontend_engineer,2,1,2,1,2,2,1,1,1,2,3,1,2,1,1,0,0,0,0,0,0,2,2,0,2,2,frontend_engineer,data_scientist,-0.2255,2,2,3,3,1,3,2,1,3,1,0,2
SYN-C3-1702,3,ui_ux_designer|software_engineer,2,1,1,3,1,2,1,0,2,0,1,0,0,1,1,0,2,1,1,0,0,1,0,2,2,3,project_coordinator,software_engineer,1.3002,3,2,2,1,2,2,1,2,2,2,3,3
SYN-C3-1703,4,data_scientist,2,2,2,3,2,2,1,1,3,1,2,1,3,1,0,1,0,2,0,0,1,2,0,1,1,3,data_scientist,,1.0139,3,3,3,3,1,3,3,3,2,1,2,3
SYN-C3-1704,3,business_analyst,2,0,0,1,1,1,2,0,2,1,0,0,1,1,1,0,0,0,0,0,0,2,0,1,0,1,software_engineer,,-0.9472,3,1,1,2,0,1,1,1,1,0,0,1
SYN-C3-1705,4,software_engineer,2,1,3,2,3,2,2,0,3,1,2,0,1,1,2,1,2,1,1,0,1,3,0,1,0,3,software_engineer,project_coordinator,0.7544,3,2,3,2,3,3,2,2,3,2,2,3
SYN-C3-1706,4,mobile_developer,2,2,2,2,3,0,0,2,2,0,1,0,0,1,1,0,1,1,0,1,0,1,1,1,1,2,mobile_developer,,-0.3719,2,2,2,3,1,2,2,2,2,1,2,2
SYN-C3-1707,3,software_engineer,2,0,2,1,2,1,2,0,3,0,1,1,0,1,2,0,0,1,0,1,1,1,0,1,1,2,software_engineer,,0.6245,3,3,2,2,1,1,1,2,2,1,1,2
SYN-C3-1708,3,frontend_engineer,1,0,2,2,2,3,0,0,1,0,0,0,0,0,0,0,0,0,0,1,1,1,1,0,0,3,frontend_engineer,,-0.2689,2,2,3,2,0,1,1,1,2,0,0,1
SYN-C3-1709,3,frontend_engineer,0,0,2,1,1,2,1,0,1,0,0,1,0,0,1,0,1,1,0,1,1,2,2,0,0,2,frontend_engineer,,-0.3109,2,2,3,2,0,0,0,2,3,1,0,1
SYN-C3-1710,4,network_engineer,2,0,2,3,2,2,1,0,2,2,0,1,2,1,0,1,0,3,2,1,1,1,2,1,1,3,network_engineer,frontend_engineer,0.8509,3,2,3,3,1,2,2,2,3,3,2,2
SYN-C3-1711,3,software_engineer,2,0,2,1,1,1,1,0,1,0,0,0,0,2,0,1,0,0,0,0,0,1,0,0,0,1,software_engineer,,-1.126,2,1,1,2,1,0,0,0,1,0,0,0
SYN-C3-1712,3,network_engineer,1,2,2,1,2,2,1,0,1,0,0,0,0,0,1,1,2,0,2,0,0,0,1,1,0,2,frontend_engineer,devops_engineer,0.0264,1,1,3,1,2,1,1,0,2,2,2,1
SYN-C3-1713,3,mobile_developer,2,1,1,0,3,1,0,1,2,1,0,1,1,1,0,0,0,0,0,0,1,2,1,0,0,3,mobile_developer,frontend_engineer,0.2055,1,2,2,3,1,2,1,1,3,0,0,1
SYN-C3-1714,4,network_engineer,2,1,1,1,1,0,0,1,0,0,0,1,2,1,0,0,3,3,0,1,0,0,1,0,0,3,network_engineer,,-0.501,1,1,1,1,1,1,1,1,1,3,2,0
SYN-C3-1715,3,data_scientist,0,1,0,1,2,0,0,1,1,0,0,1,1,0,0,0,0,0,0,0,0,1,0,0,0,1,data_scientist,,-2.1849,0,0,0,1,0,1,1,0,0,0,0,0
SYN-C3-1716,3,network_engineer,1,1,1,2,1,1,1,0,2,0,1,0,1,0,0,1,2,2,2,0,1,1,1,1,0,2,network_engineer,,0.1901,2,1,2,2,1,2,1,1,3,3,3,2
SYN-C3-1717,4,data_analyst,2,2,2,2,1,2,1,1,3,1,2,0,1,0,1,0,0,1,1,1,2,0,1,3,0,2,data_analyst,,0.8645,2,3,2,3,1,3,2,2,2,1,1,1
SYN-C3-1718,3,qa_engineer|ui_ux_designer,1,0,0,1,1,0,0,0,1,1,0,1,0,0,0,0,0,0,0,1,2,2,0,1,0,3,qa_engineer,ui_ux_designer,-0.8642,1,3,1,1,0,2,0,2,1,0,0,3
SYN-C3-1719,3,network_engineer,1,1,2,1,0,1,1,1,2,1,0,2,2,1,1,0,1,3,1,2,0,2,2,0,0,2,network_engineer,,0.8117,2,3,1,3,1,2,2,1,3,3,2,1
SYN-C3-1720,4,devops_engineer,1,2,0,1,2,1,1,1,1,0,0,0,0,2,3,2,3,1,1,1,1,1,1,1,0,2,devops_engineer,,-0.0042,2,2,2,2,3,1,2,1,2,3,2,1
SYN-C3-1721,4,software_engineer|ui_ux_designer,3,0,2,2,2,2,2,1,2,0,0,0,0,0,0,0,0,0,0,1,1,1,0,0,1,3,software_engineer,ui_ux_designer,-0.9608,3,2,3,2,0,1,0,1,2,0,0,1
SYN-C3-1722,3,frontend_engineer,1,2,2,1,2,3,1,1,2,0,1,0,0,0,1,0,0,0,1,1,1,1,1,1,0,2,frontend_engineer,,0.5072,2,2,3,3,1,2,1,2,3,1,1,2
SYN-C3-1723,4,qa_engineer|business_analyst,3,1,1,2,1,1,1,1,2,1,2,0,2,1,1,1,0,1,1,3,2,3,1,2,1,3,qa_engineer,business_analyst,0.8776,3,3,2,3,1,3,3,3,3,1,2,3
SYN-C3-1724,3,qa_engineer|software_engineer,3,0,1,1,1,1,1,0,2,0,0,1,1,1,0,0,0,0,1,1,1,2,0,1,0,2,qa_engineer,software_engineer,-0.6123,2,3,1,2,0,2,1,1,2,1,0,2
SYN-C3-1725,3,data_analyst,1,1,2,1,1,0,1,2,2,0,2,1,1,0,1,0,1,0,0,0,0,1,0,2,0,2,data_analyst,mobile_developer,0.1352,2,1,1,2,1,3,2,1,2,0,1,1
SYN-C3-1726,3,data_analyst,2,1,1,2,1,1,0,0,2,1,1,0,2,0,0,1,1,1,0,0,0,0,0,1,0,3,data_analyst,network_engineer,0.3893,2,1,0,1,1,3,2,1,1,1,0,1
SYN-C3-1727,3,software_engineer,2,0,1,1,1,1,1,0,2,0,0,1,0,0,0,0,1,0,0,0,0,1,0,0,0,2,software_engineer,project_coordinator,-1.4888,2,1,1,2,0,1,0,0,2,0,0,1
SYN-C3-1728,4,project_coordinator|business_analyst,2,1,1,1,0,1,0,1,2,0,1,0,0,1,0,0,0,2,1,0,0,3,1,2,2,3,project_coordinator,business_analyst,0.0394,1,2,1,1,0,2,1,3,2,2,2,3
SYN-C3-1729,4,cybersecurity_analyst,2,3,1,2,3,1,0,1,2,1,2,0,1,2,3,3,2,2,1,0,2,2,3,1,2,3,devops_engineer,,1.8343,3,3,2,3,3,3,2,2,3,2,3,3
SYN-C3-1730,3,software_engineer|cybersecurity_analyst,2,1,1,2,1,2,1,0,2,1,0,0,1,1,1,1,2,2,1,0,1,1,0,0,0,3,software_engineer,cybersecurity_analyst,0.3306,3,2,2,2,2,2,1,1,2,3,3,0
SYN-C3-1731,3,cybersecurity_analyst|ui_ux_designer,0,0,0,1,0,0,0,0,1,0,0,0,0,1,0,0,0,0,1,0,0,0,0,1,0,1,cybersecurity_analyst,ui_ux_designer,-1.3495,0,0,0,0,0,0,0,0,0,1,1,0
SYN-C3-1732,4,data_scientist|business_analyst,2,1,0,0,0,0,0,0,1,0,2,1,1,0,0,0,0,0,0,0,0,0,0,2,0,2,data_scientist,business_analyst,-2.2062,0,0,0,0,0,2,1,1,0,0,0,0
SYN-C3-1733,3,qa_engineer,2,1,1,2,1,1,0,0,2,0,1,1,1,1,1,0,2,2,2,2,1,0,2,1,1,3,qa_engineer,cybersecurity_analyst,0.4242,2,3,1,1,1,2,2,2,3,3,3,2
SYN-C3-1734,4,frontend_engineer,1,1,2,2,2,1,1,0,1,0,1,0,1,1,0,1,0,1,0,2,1,3,1,2,2,3,business_analyst,,0.6057,2,3,3,2,1,2,1,3,3,1,1,3
SYN-C3-1735,3,network_engineer|software_engineer,2,0,1,2,1,1,0,0,0,1,0,0,0,1,0,1,1,1,0,0,0,1,0,0,1,2,network_engineer,software_engineer,-0.5614,2,1,1,1,1,0,0,0,1,2,1,1
SYN-C3-1736,3,cybersecurity_analyst,2,1,0,2,1,1,1,0,2,1,1,2,0,2,0,0,2,2,2,0,1,0,0,1,1,3,cybersecurity_analyst,,0.7024,2,2,1,1,1,2,2,2,1,3,3,1
SYN-C3-1737,4,qa_engineer|frontend_engineer,1,0,1,1,2,1,0,0,1,0,0,0,0,0,0,1,0,1,0,2,2,1,1,1,0,2,qa_engineer,frontend_engineer,-1.8998,2,3,2,2,0,1,0,1,2,0,0,1
SYN-C3-1738,4,software_engineer|business_analyst,1,1,2,2,2,2,2,1,2,2,0,0,0,1,0,0,1,0,0,1,0,2,0,2,1,3,software_engineer,business_analyst,-0.1577,3,2,2,3,1,2,1,3,3,1,1,3
SYN-C3-1739,3,network_engineer,0,1,0,2,1,0,0,0,2,0,0,0,1,1,0,0,0,1,1,1,0,0,0,1,0,2,network_engineer,,-0.6218,1,1,0,0,1,2,1,1,1,2,2,1
SYN-C3-1740,3,ui_ux_designer,2,0,0,0,1,1,0,0,2,0,0,0,0,1,0,0,0,1,0,2,1,1,1,1,0,2,qa_engineer,,-0.641,1,2,2,1,1,1,0,2,2,0,1,1
SYN-C3-1741,3,software_engineer,3,0,1,2,2,1,1,2,2,1,0,1,0,1,0,1,1,1,0,0,0,1,0,0,1,2,software_engineer,,-0.6998,3,1,2,3,1,1,1,0,2,2,1,0
SYN-C3-1742,4,business_analyst,2,1,0,1,1,1,1,1,3,1,2,0,2,0,0,1,0,0,0,1,0,2,2,2,2,3,business_analyst,,0.6147,2,2,1,2,0,3,2,3,3,0,0,3
SYN-C3-1743,3,ui_ux_designer,1,1,1,1,2,0,0,0,2,1,0,0,1,0,0,0,1,1,0,2,1,0,2,0,0,3,ui_ux_designer,,0.3608,1,2,2,1,1,2,1,1,2,1,1,0
SYN-C3-1744,3,devops_engineer,2,2,0,2,2,2,1,0,2,1,0,0,0,1,2,3,2,3,0,1,1,1,0,2,1,3,devops_engineer,,1.2946,3,2,2,2,3,2,2,2,1,3,3,2
SYN-C3-1745,4,business_analyst,0,2,1,1,2,1,2,1,3,0,2,0,1,0,1,1,1,1,0,1,1,2,2,2,2,3,business_analyst,,0.715,2,2,3,2,2,3,2,3,3,1,1,3
SYN-C3-1746,3,software_engineer,3,1,2,3,2,1,1,1,3,1,1,1,2,0,1,1,0,1,1,1,1,0,0,2,1,3,software_engineer,data_analyst,1.027,3,2,2,2,1,3,2,2,1,1,2,2
SYN-C3-1747,4,software_engineer,1,1,2,2,3,2,2,2,3,1,1,1,2,0,1,1,2,1,1,0,1,3,0,2,0,3,software_engineer,data_analyst,0.6779,3,3,2,3,2,3,2,2,2,2,2,2
SYN-C3-1748,3,qa_engineer,2,1,2,1,1,1,1,1,3,1,0,0,2,0,0,2,1,1,0,1,1,2,0,1,1,3,qa_engineer,,1.2185,2,3,2,2,1,2,1,2,2,1,1,3
SYN-C3-1749,4,qa_engineer,2,1,2,2,2,2,0,2,2,1,0,1,1,2,0,1,0,1,1,3,2,1,0,2,0,3,qa_engineer,,0.8127,3,3,2,3,2,2,2,2,2,1,2,2
SYN-C3-1750,3,software_engineer|mobile_developer,3,1,3,3,2,2,2,2,3,2,0,0,0,1,1,1,2,2,0,2,1,2,1,1,1,2,software_engineer,mobile_developer,0.9515,3,3,3,3,2,2,1,2,3,2,3,2
SYN-C3-1751,3,business_analyst,1,1,0,1,0,0,1,0,2,1,0,0,0,0,0,0,0,0,0,0,0,2,0,2,0,3,business_analyst,,-1.2044,1,1,0,1,0,2,0,2,1,0,0,2
SYN-C3-1752,3,business_analyst,1,0,0,0,0,1,0,0,2,0,0,0,0,0,0,0,0,0,0,1,0,2,0,3,0,1,business_analyst,,-0.731,1,1,0,0,0,1,0,3,1,0,0,1
SYN-C3-1753,4,network_engineer,1,1,1,1,1,1,0,0,1,1,0,1,0,1,0,0,1,2,1,0,0,1,0,1,0,3,network_engineer,business_analyst,-0.551,2,2,0,1,1,2,1,1,2,3,3,2
SYN-C3-1754,4,business_analyst|network_engineer,2,0,1,1,1,1,1,1,1,1,1,1,1,1,0,0,1,2,1,2,1,2,1,2,2,3,business_analyst,network_engineer,-0.0341,2,3,2,3,1,2,1,3,3,2,2,3
SYN-C3-1755,3,qa_engineer,1,0,0,1,1,0,0,0,1,0,0,0,0,0,0,0,0,0,0,1,1,1,0,0,0,2,qa_engineer,,-1.5142,1,2,1,1,0,1,0,1,1,0,0,1
SYN-C3-1756,3,business_analyst,1,1,1,1,1,1,0,0,2,0,1,1,1,1,1,1,2,1,1,1,0,3,0,2,1,3,business_analyst,devops_engineer,1.2229,2,2,1,1,2,3,2,3,2,2,3,3
SYN-C3-1757,4,mobile_developer|business_analyst,3,1,1,1,2,1,1,2,3,1,1,1,2,0,1,1,1,1,1,0,0,2,1,3,1,3,mobile_developer,business_analyst,1.1407,3,2,2,3,2,3,2,3,3,1,2,3
SYN-C3-1758,3,cybersecurity_analyst,1,1,1,3,0,1,0,0,1,0,0,1,0,1,0,0,2,2,1,0,1,2,0,0,0,2,cybersecurity_analyst,,-0.2551,1,1,1,0,2,1,0,1,1,2,3,1
SYN-C3-1759,3,mobile_developer|data_analyst,1,1,1,1,1,1,0,2,3,1,1,0,1,0,1,0,0,1,0,0,0,2,0,0,0,2,mobile_developer,data_analyst,-0.3606,2,2,1,3,1,3,1,1,1,0,1,1
SYN-C3-1760,4,ui_ux_designer,2,1,1,1,1,2,1,0,1,1,0,1,1,0,0,2,0,2,2,1,1,3,1,1,1,2,ui_ux_designer,,0.6597,2,2,2,2,1,2,1,2,3,2,2,3
SYN-C3-1761,3,cybersecurity_analyst|ui_ux_designer,2,2,1,2,1,2,1,0,2,0,0,1,0,0,0,0,2,3,3,1,1,1,1,1,1,3,cybersecurity_analyst,ui_ux_designer,1.411,2,2,3,2,1,2,1,2,3,3,3,2
SYN-C3-1762,3,qa_engineer|project_coordinator,0,1,0,2,1,1,0,1,1,0,1,0,0,1,0,0,1,2,1,0,0,1,0,0,0,2,network_engineer,project_coordinator,-0.9905,1,1,1,1,1,1,1,1,1,3,3,1
SYN-C3-1763,4,qa_engineer|cybersecurity_analyst,1,0,2,0,0,0,0,0,2,0,1,0,1,1,1,1,1,1,1,1,1,2,1,0,0,2,qa_engineer,cybersecurity_analyst,-0.7566,1,3,1,1,1,2,1,2,1,1,2,1
SYN-C3-1764,3,qa_engineer,1,0,0,1,1,0,0,0,2,1,1,1,0,0,1,0,0,1,1,2,1,1,0,1,0,1,qa_engineer,cybersecurity_analyst,-0.8176,1,3,0,1,0,1,1,1,0,0,0,1
SYN-C3-1765,3,cybersecurity_analyst,1,2,2,2,1,1,0,0,1,0,0,1,0,2,1,1,3,3,2,0,1,2,2,0,1,2,cybersecurity_analyst,,1.3234,2,2,1,1,3,1,2,2,3,3,3,2
SYN-C3-1766,4,data_scientist,3,2,2,3,2,2,3,1,3,1,1,1,1,2,0,1,0,1,1,1,0,1,1,0,0,2,software_engineer,,1.105,3,2,3,3,2,3,2,2,2,2,1,1
SYN-C3-1767,3,business_analyst,2,0,1,2,2,1,1,0,3,1,2,0,1,2,1,1,1,0,1,1,1,2,1,1,1,3,software_engineer,business_analyst,0.9154,3,3,3,2,2,2,2,3,3,1,1,3
SYN-C3-1768,3,ui_ux_designer|network_engineer,2,2,1,2,1,2,0,1,2,1,1,1,2,0,1,1,1,3,2,2,0,1,2,2,1,3,ui_ux_designer,network_engineer,1.8601,3,3,2,2,2,3,2,3,3,3,3,2
SYN-C3-1769,3,project_coordinator,0,0,0,1,0,0,0,0,0,0,0,0,1,0,0,0,0,1,0,0,0,1,0,0,1,2,project_coordinator,,-1.8326,0,0,0,0,0,0,0,0,1,0,0,2
SYN-C3-1770,3,devops_engineer,1,1,0,1,1,0,1,0,1,0,0,1,0,2,2,2,2,1,0,1,0,2,1,0,0,2,devops_engineer,,-0.2443,2,2,1,2,3,1,1,2,1,2,2,1
SYN-C3-1771,4,software_engineer,3,2,2,1,2,1,2,0,3,1,1,1,1,0,1,0,1,0,1,0,1,1,0,2,0,2,software_engineer,,0.3474,3,2,2,3,1,3,2,2,2,1,0,1
SYN-C3-1772,3,qa_engineer,0,1,1,0,1,0,0,0,1,0,0,0,0,0,1,0,2,1,0,1,0,1,0,0,0,1,qa_engineer,,-0.7335,1,1,0,0,1,0,0,0,0,0,1,0
SYN-C3-1773,4,business_analyst,1,1,1,1,2,0,0,0,1,1,1,1,0,0,0,0,1,1,0,2,0,1,0,1,0,2,business_analyst,,-1.1697,1,2,1,2,1,2,1,2,2,1,1,2
SYN-C3-1774,4,mobile_developer,3,1,3,1,2,2,2,3,3,1,1,0,2,0,0,2,1,3,1,2,2,3,1,1,2,3,mobile_developer,qa_engineer,1.8397,3,3,3,3,2,3,2,3,3,3,2,3
SYN-C3-1775,4,software_engineer,3,0,1,2,3,1,1,0,2,1,0,2,0,0,1,2,1,1,0,1,1,1,0,1,0,2,software_engineer,,-0.3845,3,2,2,3,1,1,1,1,2,1,1,1
SYN-C3-1776,4,software_engineer|devops_engineer,2,0,1,1,2,1,0,0,1,0,0,0,0,1,0,0,0,0,0,0,0,2,0,0,0,1,software_engineer,devops_engineer,-3.1099,2,1,1,1,0,0,0,0,1,0,0,0
SYN-C3-1777,3,business_analyst|qa_engineer,2,1,1,1,2,1,1,2,3,0,1,0,1,0,0,0,1,1,0,1,1,2,1,0,1,3,mobile_developer,qa_engineer,0.4011,3,3,2,3,1,2,1,3,2,1,1,2
SYN-C3-1778,4,data_scientist,1,2,1,1,1,1,0,0,2,0,3,2,2,1,0,0,0,0,0,2,1,1,0,1,0,1,data_scientist,,-0.5323,1,2,1,1,0,3,3,1,1,0,1,1
SYN-C3-1779,4,business_analyst,1,2,1,2,1,0,0,0,2,1,2,0,1,0,1,1,0,1,1,1,0,2,1,2,1,3,business_analyst,,0.135,2,2,1,2,1,3,2,3,3,1,2,3
SYN-C3-1780,4,mobile_developer,3,1,1,1,2,1,1,1,2,1,0,0,1,0,0,0,0,0,0,2,1,2,1,0,1,2,mobile_developer,qa_engineer,-0.2038,2,3,2,3,0,2,1,2,2,0,0,1
SYN-C3-1781,4,qa_engineer,3,1,2,1,3,2,1,1,2,0,0,0,1,0,1,1,1,1,1,3,1,2,0,1,2,3,qa_engineer,frontend_engineer,-0.0293,3,3,2,2,1,2,1,2,2,2,2,3
SYN-C3-1782,4,qa_engineer,2,0,1,2,2,1,0,1,2,1,0,0,2,1,1,0,0,1,2,3,3,2,0,2,0,3,qa_engineer,,0.7425,2,3,2,2,1,2,1,2,2,2,2,2
SYN-C3-1783,3,network_engineer,1,1,1,0,0,0,0,1,1,0,0,1,1,0,0,0,1,1,1,0,1,0,0,0,0,1,network_engineer,,-0.8466,0,1,0,0,0,1,0,0,0,1,1,0
SYN-C3-1784,3,qa_engineer|software_engineer,3,1,1,0,2,1,1,0,2,1,1,0,1,1,1,0,0,0,0,2,0,2,1,1,0,2,qa_engineer,software_engineer,0.4777,2,3,2,3,1,2,1,2,3,0,1,2
SYN-C3-1785,4,data_scientist,2,1,2,2,1,0,0,0,1,0,2,2,2,1,0,1,0,1,0,0,1,2,0,0,0,2,data_scientist,,-0.7189,2,2,1,1,1,3,3,2,1,1,1,1
SYN-C3-1786,4,business_analyst,2,3,2,2,2,2,1,1,3,1,2,2,3,0,2,1,0,2,1,2,0,1,1,2,0,3,data_analyst,data_scientist,0.8382,3,2,3,3,1,3,3,3,3,1,2,2
SYN-C3-1787,3,project_coordinator,1,0,1,2,1,1,0,0,2,0,0,0,1,0,0,0,0,1,0,0,0,3,0,1,3,3,project_coordinator,business_analyst,-0.0053,1,1,1,1,0,1,1,1,2,0,0,3
SYN-C3-1788,4,mobile_developer,1,2,2,1,2,0,1,2,2,1,0,1,0,1,1,1,1,0,0,2,0,2,1,1,1,3,mobile_developer,,0.5456,3,3,2,3,2,2,1,2,2,1,1,3
SYN-C3-1789,4,network_engineer,2,1,1,2,1,0,1,1,2,1,2,0,0,2,1,0,2,3,1,0,1,1,0,1,0,2,network_engineer,,0.9168,3,2,2,2,2,2,2,1,2,3,3,2
SYN-C3-1790,3,qa_engineer,0,0,0,0,0,0,0,0,1,0,0,0,0,0,1,0,0,0,0,1,1,1,0,0,0,2,qa_engineer,,-2.2146,0,2,0,0,0,0,0,1,1,0,0,0
SYN-C3-1791,3,frontend_engineer,0,1,3,1,1,1,1,1,1,0,1,0,0,0,0,0,1,1,1,1,1,1,1,1,0,3,frontend_engineer,,0.2292,1,2,3,2,1,2,1,2,3,1,2,2
SYN-C3-1792,4,data_analyst,3,1,0,1,0,1,1,2,1,2,0,0,0,1,1,0,0,0,0,0,0,2,0,0,1,3,mobile_developer,,-0.8141,2,1,0,2,0,1,0,1,1,1,1,2
SYN-C3-1793,3,mobile_developer,3,1,2,2,3,2,2,3,1,2,1,0,1,1,1,2,1,1,0,1,1,1,1,1,1,3,mobile_developer,,2.4781,3,2,3,3,2,2,2,3,3,2,2,2
SYN-C3-1794,4,software_engineer|business_analyst,3,0,1,3,2,2,3,0,2,1,1,0,1,0,2,2,1,0,1,1,0,2,0,2,1,3,software_engineer,business_analyst,-0.0151,3,2,2,2,1,2,1,3,2,1,0,3
SYN-C3-1795,3,business_analyst,2,1,0,0,0,0,0,0,1,0,1,0,1,0,0,0,0,0,0,0,1,1,1,2,0,3,business_analyst,,-0.3035,0,1,1,2,0,2,0,3,2,0,0,1
SYN-C3-1796,4,software_engineer,3,1,1,2,2,1,3,0,3,0,0,0,1,0,1,1,1,0,0,2,0,2,1,1,0,1,software_engineer,,0.4011,3,2,2,2,1,2,1,1,2,0,0,1
SYN-C3-1797,4,project_coordinator,2,2,1,1,1,1,1,0,3,0,3,0,1,1,2,1,0,0,1,2,1,2,0,2,2,3,project_coordinator,data_analyst,0.7748,2,2,1,2,1,3,2,3,2,1,1,3
SYN-C3-1798,4,frontend_engineer,2,0,3,1,2,3,0,1,2,0,1,0,0,1,1,0,0,0,1,1,0,2,1,0,0,2,frontend_engineer,,-0.6365,3,2,3,2,1,2,1,2,2,1,1,1
SYN-C3-1799,4,data_analyst,1,1,0,2,2,1,0,0,2,0,1,1,2,0,0,0,0,1,0,1,1,1,1,2,0,3,data_analyst,,-0.6997,1,2,2,1,0,3,2,3,2,1,1,2
SYN-C3-1800,4,project_coordinator,1,0,0,1,0,1,0,0,0,1,0,0,0,0,0,1,0,2,1,0,0,2,0,1,0,2,project_coordinator,,-1.5265,1,1,0,1,0,0,0,1,2,2,1,2
SYN-C3-1801,3,software_engineer,2,0,2,2,2,2,1,1,1,1,0,0,0,1,0,0,1,1,0,1,0,2,0,2,0,2,software_engineer,,0.0387,3,2,3,3,1,1,0,2,2,1,1,2
SYN-C3-1802,4,software_engineer|data_scientist,2,0,2,3,1,1,1,0,3,0,0,0,1,1,1,0,1,1,0,1,0,2,0,1,0,2,software_engineer,data_scientist,-0.9833,3,2,2,2,1,1,1,1,2,2,1,2
SYN-C3-1803,4,network_engineer,2,1,0,2,1,1,1,2,1,1,1,0,1,1,1,0,2,3,2,1,0,1,0,1,1,3,network_engineer,,0.8285,2,2,1,3,2,2,2,2,2,3,3,3
SYN-C3-1804,4,project_coordinator,1,1,1,2,1,1,1,1,1,2,2,1,2,0,1,0,1,1,0,0,1,3,1,2,3,3,project_coordinator,,1.3614,2,3,2,2,1,3,2,3,3,1,1,3
SYN-C3-1805,3,cybersecurity_analyst|ui_ux_designer,1,1,2,2,1,1,1,1,3,1,1,1,2,0,0,1,2,1,1,0,0,1,1,2,0,2,data_analyst,ui_ux_designer,1.345,2,2,2,3,1,3,2,2,3,1,2,1
SYN-C3-1806,3,software_engineer,2,1,2,2,2,1,3,0,1,1,0,1,0,0,2,1,0,2,0,0,1,2,1,1,0,2,software_engineer,,-0.1206,3,2,3,3,1,1,1,2,3,1,1,2
SYN-C3-1807,3,cybersecurity_analyst|project_coordinator,0,1,1,0,1,0,0,0,1,1,0,0,0,0,0,0,1,3,1,2,0,1,0,1,0,2,cybersecurity_analyst,project_coordinator,0.0427,1,2,0,1,1,1,0,1,2,2,2,1
SYN-C3-1808,3,qa_engineer,1,2,1,3,2,2,1,1,2,1,1,0,0,0,0,1,1,1,0,2,2,2,1,2,2,3,frontend_engineer,project_coordinator,1.1254,3,3,3,2,1,2,1,3,3,1,1,3
SYN-C3-1809,3,frontend_engineer,2,1,2,3,2,3,1,1,1,1,1,1,1,0,2,1,0,1,1,1,1,1,1,1,2,3,frontend_engineer,,1.352,3,2,3,3,1,3,2,3,3,1,1,3
SYN-C3-1810,3,qa_engineer,1,0,0,0,2,0,0,0,0,0,0,0,0,0,0,0,0,0,0,1,0,1,0,0,0,2,qa_engineer,,-2.537,0,2,0,1,0,0,0,0,0,0,0,0
SYN-C3-1811,4,software_engineer,2,1,1,1,0,2,0,1,2,1,2,1,1,0,0,0,0,1,0,0,0,0,0,0,0,2,data_analyst,,-0.8213,1,0,0,1,0,3,1,0,1,0,1,0
SYN-C3-1812,3,data_scientist,1,2,0,2,1,1,0,0,3,1,1,2,2,1,0,1,1,1,1,1,0,1,0,0,0,2,data_scientist,,0.5048,2,1,1,1,2,3,3,1,1,1,2,0
SYN-C3-1813,4,devops_engineer,2,1,1,1,3,1,0,0,2,1,1,0,2,2,2,3,3,3,1,0,1,2,1,0,2,2,devops_engineer,,1.196,2,2,2,2,3,3,2,2,2,3,3,2
SYN-C3-1814,3,data_scientist,1,1,1,1,1,1,0,0,1,0,0,1,1,1,1,1,2,3,2,0,0,0,0,1,1,2,network_engineer,,0.6207,1,2,0,0,2,2,1,1,2,3,3,1
SYN-C3-1815,3,mobile_developer|business_analyst,3,0,1,2,2,1,0,2,2,2,0,1,0,1,0,0,0,1,0,1,0,2,1,1,0,2,mobile_developer,business_analyst,0.3229,3,2,2,3,1,2,0,2,2,1,0,2
SYN-C3-1816,4,business_analyst,1,1,2,1,0,1,3,1,2,1,2,1,1,0,1,1,1,1,0,1,1,2,1,2,0,3,business_analyst,,0.372,2,3,2,2,1,3,1,3,3,1,1,3
SYN-C3-1817,4,devops_engineer|business_analyst,1,2,1,2,2,0,0,1,3,0,0,1,2,2,3,3,3,2,0,1,1,1,1,2,1,3,devops_engineer,business_analyst,0.8833,2,3,2,2,3,3,2,3,2,2,2,2
SYN-C3-1818,4,software_engineer,3,0,1,3,1,3,2,1,2,2,1,1,1,2,1,1,1,1,0,0,1,1,1,1,0,3,software_engineer,,0.4975,3,2,3,3,1,2,2,2,2,2,1,2
SYN-C3-1819,3,software_engineer|devops_engineer,3,1,1,2,3,0,1,3,2,1,0,1,1,1,1,1,1,2,1,1,0,2,0,1,0,2,mobile_developer,devops_engineer,1.0011,3,3,1,3,3,2,2,1,2,2,3,2
SYN-C3-1820,3,frontend_engineer,0,0,1,0,2,2,0,0,0,0,0,0,0,0,0,0,0,0,0,0,0,1,0,0,0,1,frontend_engineer,,-2.2945,0,0,2,0,0,0,0,0,1,0,0,0
SYN-C3-1821,3,network_engineer,1,1,0,1,0,1,0,0,0,0,0,1,0,0,1,0,0,3,0,0,1,1,1,1,0,2,network_engineer,ui_ux_designer,0.1016,0,1,1,1,0,1,0,0,2,2,1,1
SYN-C3-1822,4,software_engineer|business_analyst,3,2,1,2,2,2,0,0,3,2,0,1,0,1,1,1,1,1,0,2,1,2,0,1,0,3,software_engineer,business_analyst,-0.5756,3,3,2,2,2,2,2,2,2,1,2,2
SYN-C3-1823,4,mobile_developer,2,1,0,2,2,1,0,2,1,2,1,0,0,0,0,0,0,1,1,0,0,1,1,1,0,2,mobile_developer,,-0.1157,1,1,1,3,1,1,1,1,2,1,1,1
SYN-C3-1824,3,project_coordinator|business_analyst,1,1,0,0,0,1,0,0,0,0,0,0,1,0,1,0,0,0,0,0,0,3,0,0,1,3,project_coordinator,business_analyst,-1.0285,0,1,0,0,0,0,0,2,1,0,0,2
SYN-C3-1825,4,data_analyst,1,1,1,2,1,2,2,1,3,0,2,0,2,1,1,0,0,1,1,1,1,2,0,1,2,3,data_analyst,project_coordinator,0.3859,3,2,2,2,1,3,3,3,2,2,1,3
SYN-C3-1826,4,qa_engineer,3,1,2,1,1,1,0,1,2,0,1,0,0,1,1,0,1,1,2,2,2,2,1,1,1,2,qa_engineer,,0.3488,2,3,2,2,2,2,1,3,3,2,2,2
SYN-C3-1827,4,software_engineer,3,1,2,2,3,0,3,2,2,1,1,1,1,1,2,0,1,1,0,0,0,1,0,1,0,2,software_engineer,,0.1739,3,2,2,3,2,3,2,2,2,1,2,1
SYN-C3-1828,3,mobile_developer,2,0,1,0,2,2,1,1,2,0,1,0,1,0,0,1,0,1,0,0,0,2,1,0,0,2,mobile_developer,,-0.1328,2,2,2,3,1,2,1,2,2,0,0,1
SYN-C3-1829,4,cybersecurity_analyst,1,1,1,1,0,1,1,0,0,0,0,1,0,0,0,0,1,1,1,1,0,0,0,0,0,3,network_engineer,,-0.3279,0,1,0,0,1,0,0,0,1,2,1,0
SYN-C3-1830,3,devops_engineer|software_engineer,1,1,1,1,3,1,1,1,1,1,0,1,0,1,1,1,2,2,0,1,1,1,0,0,0,2,devops_engineer,software_engineer,-0.7627,2,2,1,2,3,1,0,1,2,3,3,1
SYN-C3-1831,4,business_analyst,2,1,2,2,2,1,1,0,3,0,1,0,2,1,2,0,1,2,1,2,0,3,2,3,3,3,business_analyst,cybersecurity_analyst,1.1486,3,3,3,2,2,3,2,3,3,2,3,3
SYN-C3-1832,3,cybersecurity_analyst|data_scientist,1,1,1,1,2,0,0,0,3,0,0,1,1,3,2,2,2,3,1,0,1,0,0,0,0,3,devops_engineer,data_scientist,0.5646,1,1,1,1,3,2,2,0,1,3,3,0
SYN-C3-1833,4,software_engineer,1,1,1,2,2,3,3,0,1,0,0,0,1,1,0,1,0,1,1,0,0,1,0,1,0,3,software_engineer,,-0.5124,3,1,3,2,2,2,1,2,2,1,2,2
SYN-C3-1834,3,network_engineer,2,0,1,2,1,2,0,0,1,0,0,0,0,1,1,0,1,2,1,0,0,0,0,0,0,3,network_engineer,,0.942,1,1,1,1,1,1,0,0,1,3,2,0
SYN-C3-1835,3,ui_ux_designer,0,2,0,0,0,1,0,0,0,0,1,0,0,0,0,0,0,1,0,0,0,2,0,1,0,3,ui_ux_designer,,-0.6009,0,0,0,0,0,1,0,2,2,0,0,2
SYN-C3-1836,3,project_coordinator,2,1,0,0,2,0,0,0,0,0,0,1,0,0,0,1,0,0,1,1,0,2,0,1,1,2,project_coordinator,,-0.0562,1,2,0,0,1,1,0,1,1,0,1,2
SYN-C3-1837,3,data_analyst,0,0,0,1,0,0,0,0,1,0,0,0,0,0,0,0,1,2,1,0,0,1,0,0,0,2,cybersecurity_analyst,,-0.9323,0,0,0,0,1,1,0,0,1,2,2,1
SYN-C3-1838,3,business_analyst|software_engineer,1,0,2,0,0,0,0,0,2,1,1,0,0,0,0,0,0,2,0,1,0,2,1,2,1,3,business_analyst,software_engineer,-1.7059,2,2,1,2,0,1,0,3,2,0,0,3
SYN-C3-1839,3,data_scientist,1,2,1,2,0,0,0,0,2,0,1,2,3,0,0,1,1,1,0,0,0,0,0,0,0,1,data_scientist,,-0.3185,0,0,0,0,0,2,3,0,0,0,1,0
SYN-C3-1840,4,qa_engineer,1,1,1,1,1,1,0,1,1,1,1,0,0,0,0,0,1,1,0,3,2,3,0,1,0,2,qa_engineer,,-0.3388,1,3,1,2,1,1,1,2,2,1,1,2
SYN-C3-1841,3,devops_engineer,0,0,0,0,2,0,0,0,1,0,0,0,0,1,1,1,1,0,0,0,0,0,0,0,0,2,devops_engineer,data_analyst,-2.4545,0,1,0,0,1,0,0,0,0,1,0,0
SYN-C3-1842,3,qa_engineer,0,1,0,0,1,1,0,0,1,0,0,0,1,0,0,1,0,0,0,3,2,2,0,0,0,3,qa_engineer,data_scientist,-0.7731,0,3,1,0,0,1,1,2,1,0,0,1
SYN-C3-1843,4,data_analyst,1,1,3,2,1,1,1,1,2,1,0,1,2,1,0,1,1,1,1,2,1,2,0,1,1,3,business_analyst,,0.9685,2,3,2,2,1,3,2,2,2,2,1,3
SYN-C3-1844,4,qa_engineer,2,1,1,1,2,1,0,1,2,0,0,0,1,0,0,1,1,2,0,1,3,2,0,1,0,3,qa_engineer,,-0.0804,2,3,2,2,1,2,1,2,2,2,2,2
SYN-C3-1845,3,data_analyst|devops_engineer,1,1,2,1,2,2,1,0,0,0,0,0,0,0,0,1,1,0,1,0,0,1,1,0,0,2,frontend_engineer,devops_engineer,-0.4242,2,1,3,1,1,0,0,0,2,1,1,0
SYN-C3-1846,3,frontend_engineer|business_analyst,1,0,2,0,1,1,0,0,2,0,0,1,0,0,0,1,0,0,0,0,0,1,1,1,1,2,frontend_engineer,business_analyst,-0.7116,1,1,1,1,0,1,0,2,3,0,0,2
SYN-C3-1847,4,software_engineer|frontend_engineer,1,1,2,3,3,3,2,0,3,0,2,2,1,1,1,1,1,1,1,1,1,2,2,2,0,3,software_engineer,frontend_engineer,0.6027,3,3,3,2,3,3,3,3,3,2,2,3
SYN-C3-1848,4,data_analyst,2,1,2,2,1,2,1,0,3,0,1,1,2,0,1,1,1,1,1,2,0,2,1,1,0,3,data_analyst,,1.1282,3,3,2,2,2,3,2,3,3,1,1,3
SYN-C3-1849,3,mobile_developer,2,0,1,1,1,1,1,1,2,1,0,0,1,0,0,1,0,1,0,2,0,2,1,1,0,3,mobile_developer,,0.2995,2,3,2,3,0,2,1,2,3,1,0,2
SYN-C3-1850,4,software_engineer,3,0,0,2,3,1,2,1,1,0,0,1,0,1,0,0,0,0,0,1,0,1,0,0,1,1,software_engineer,,-1.4367,2,1,1,2,0,0,1,1,1,0,0,1
SYN-C3-1851,3,data_scientist,1,2,0,2,2,0,0,0,1,1,0,2,1,1,1,0,0,2,0,1,0,1,1,0,0,1,data_scientist,,-0.3239,2,2,1,2,1,1,2,1,0,1,1,1
SYN-C3-1852,4,data_scientist,1,3,1,1,0,2,0,1,2,0,1,2,2,1,1,0,0,0,0,1,1,1,0,0,1,2,data_scientist,qa_engineer,-1.1023,2,2,1,1,0,3,3,2,2,0,1,2
SYN-C3-1853,3,data_scientist|frontend_engineer,1,2,2,0,2,1,0,0,2,0,1,1,1,0,0,0,0,2,0,0,0,1,1,0,0,2,data_scientist,frontend_engineer,0.0692,1,1,3,2,1,2,2,1,2,0,1,0
SYN-C3-1854,3,cybersecurity_analyst,0,0,1,2,1,0,0,0,0,0,0,0,0,0,0,0,1,1,1,1,0,0,0,1,0,2,cybersecurity_analyst,,-1.3092,0,0,0,0,1,0,0,0,1,1,1,1
SYN-C3-1855,4,data_scientist|data_analyst,2,3,1,3,2,2,1,1,3,1,2,2,2,1,1,0,1,1,1,1,1,1,0,1,0,3,data_scientist,data_analyst,0.2322,3,3,2,3,2,3,3,2,2,2,2,2
SYN-C3-1856,3,qa_engineer|mobile_developer,1,1,2,2,3,1,1,1,2,0,1,1,1,0,0,0,0,1,1,2,0,3,0,1,0,3,qa_engineer,mobile_developer,0.5951,2,3,2,2,1,2,2,2,2,1,1,3
SYN-C3-1857,4,project_coordinator,3,1,2,2,2,1,1,0,2,1,1,1,1,2,0,1,1,0,0,0,0,3,1,2,1,1,software_engineer,,0.3046,3,2,2,2,2,3,2,3,2,0,1,2
SYN-C3-1858,3,mobile_developer|business_analyst,2,1,1,2,1,0,3,2,2,0,1,0,0,1,0,0,0,1,0,1,1,2,1,1,1,2,mobile_developer,business_analyst,0.8031,3,2,2,3,1,2,1,3,2,1,2,3
SYN-C3-1859,3,project_coordinator|data_scientist,2,1,1,2,2,0,1,2,1,1,1,0,1,0,0,0,0,1,0,0,0,1,0,1,1,2,mobile_developer,data_scientist,-0.8207,2,1,1,3,0,2,1,2,2,1,0,2
SYN-C3-1860,4,network_engineer|business_analyst,2,1,1,3,1,2,1,2,2,0,2,1,0,3,3,1,2,3,2,1,1,2,1,1,2,3,network_engineer,business_analyst,1.7588,2,3,3,3,3,3,2,3,2,3,3,3
SYN-C3-1861,4,frontend_engineer,1,1,1,2,1,1,0,0,1,0,1,0,0,0,0,1,1,1,0,1,1,1,0,0,1,3,frontend_engineer,project_coordinator,-0.7599,1,2,1,1,1,1,1,2,2,1,1,2
SYN-C3-1862,3,cybersecurity_analyst,1,1,0,2,2,0,1,0,1,1,1,1,2,2,1,0,1,2,2,0,0,2,1,1,1,3,cybersecurity_analyst,data_scientist,0.6442,2,2,2,2,2,3,2,2,2,3,3,3
SYN-C3-1863,4,data_analyst,1,1,0,1,1,0,0,0,3,0,1,1,1,0,0,0,0,1,0,0,0,0,0,1,1,1,data_analyst,,-1.2656,0,1,0,0,0,3,1,1,0,0,1,1
SYN-C3-1864,3,cybersecurity_analyst,2,0,1,2,1,1,1,2,2,1,0,0,2,0,0,0,1,0,0,0,0,1,0,0,0,3,mobile_developer,data_analyst,0.1613,3,2,1,3,0,2,1,1,2,1,0,1
SYN-C3-1865,4,qa_engineer|project_coordinator,2,2,2,1,2,1,1,0,2,0,1,1,1,1,1,1,1,1,0,3,3,3,1,2,2,3,qa_engineer,project_coordinator,1.1301,3,3,3,2,2,3,2,3,2,2,1,3
SYN-C3-1866,3,devops_engineer,1,1,1,0,2,1,0,1,1,0,0,0,0,1,1,1,3,1,0,1,1,1,0,1,0,1,devops_engineer,,0.1922,2,2,1,1,3,1,0,0,2,1,1,0
SYN-C3-1867,3,cybersecurity_analyst,2,2,1,1,0,1,0,1,1,1,1,0,1,0,1,0,3,2,2,1,1,1,1,1,1,3,cybersecurity_analyst,ui_ux_designer,1.06,2,2,1,2,2,2,1,3,3,3,3,3
SYN-C3-1868,4,qa_engineer,2,1,0,1,3,1,1,1,2,1,1,1,2,1,1,0,1,0,0,3,2,1,1,1,1,3,qa_engineer,,1.1301,3,3,2,3,1,3,2,3,2,1,1,2
SYN-C3-1869,4,network_engineer,1,0,0,1,1,1,0,0,1,2,0,1,0,0,1,1,2,3,1,1,0,1,1,1,1,1,network_engineer,,0.154,1,1,1,1,1,0,0,2,2,3,2,2
SYN-C3-1870,3,network_engineer,1,1,1,1,1,2,1,1,1,1,0,1,2,1,0,1,2,2,1,0,0,1,1,1,1,2,network_engineer,,1.1676,2,2,2,2,2,2,2,2,3,3,3,2
SYN-C3-1871,3,frontend_engineer|ui_ux_designer,0,0,2,2,1,2,1,1,1,1,0,0,0,0,1,0,1,0,0,0,1,2,1,1,1,2,frontend_engineer,ui_ux_designer,0.1864,2,2,3,1,0,1,0,2,3,0,1,3
SYN-C3-1872,3,software_engineer,2,1,1,1,1,2,1,0,2,0,1,1,1,1,1,0,0,2,0,2,0,2,0,0,0,3,software_engineer,business_analyst,0.5556,3,3,2,2,1,2,2,3,2,1,2,2
SYN-C3-1873,4,software_engineer,2,0,1,2,2,1,1,0,1,1,1,1,1,0,0,0,0,0,0,1,0,2,0,1,0,2,software_engineer,,-0.4315,2,2,2,2,0,2,1,2,2,0,0,2
SYN-C3-1874,3,frontend_engineer|ui_ux_designer,2,1,3,1,2,3,1,1,1,0,0,1,1,1,1,1,1,1,0,0,0,2,2,1,0,2,frontend_engineer,ui_ux_designer,0.7961,3,2,3,3,2,2,1,2,3,1,2,2
SYN-C3-1875,3,project_coordinator|software_engineer,0,1,0,1,0,0,0,0,1,0,0,0,0,0,0,0,0,0,0,0,0,0,0,0,0,2,project_coordinator,software_engineer,-3.132,0,0,0,0,0,1,0,0,0,0,0,0
SYN-C3-1876,3,frontend_engineer,1,2,0,2,2,0,0,0,1,0,1,2,2,1,0,1,2,0,0,1,0,1,0,0,1,1,data_scientist,,0.2996,1,1,1,1,1,1,3,1,0,1,1,1
SYN-C3-1877,3,software_engineer,2,0,1,1,2,2,0,0,1,0,0,0,0,0,0,0,1,0,0,0,0,1,0,0,0,1,software_engineer,,-1.3862,2,1,1,1,0,0,0,0,1,0,0,0
SYN-C3-1878,3,software_engineer,3,0,1,2,1,1,0,0,1,2,1,0,1,0,1,1,1,1,0,0,0,1,0,0,0,1,software_engineer,,-0.5438,3,1,0,2,1,0,1,0,1,0,0,1
SYN-C3-1879,3,frontend_engineer,2,1,2,1,2,3,1,0,1,0,1,0,0,0,0,0,1,0,0,0,0,0,1,0,0,1,frontend_engineer,,-0.2755,2,1,3,2,1,1,0,1,1,0,0,0
SYN-C3-1880,3,network_engineer,1,2,0,1,1,2,1,1,1,0,1,0,0,0,0,1,0,3,1,1,1,0,0,0,0,2,network_engineer,,0.0988,1,2,1,1,1,1,1,1,1,2,2,0
SYN-C3-1881,4,data_analyst|devops_engineer,1,1,0,1,2,1,0,1,2,0,2,1,1,1,1,2,2,2,0,0,1,1,1,2,1,3,data_analyst,devops_engineer,-0.0401,1,2,2,2,3,3,2,3,2,2,2,2
SYN-C3-1882,4,qa_engineer,2,3,2,2,1,1,1,0,1,0,1,1,1,1,0,1,3,2,2,2,2,1,0,0,1,2,cybersecurity_analyst,,1.296,3,2,2,2,1,2,3,1,2,3,3,1
SYN-C3-1883,4,data_scientist,2,3,0,2,2,0,0,0,2,0,1,2,3,2,1,1,1,1,1,1,1,1,0,0,0,1,data_scientist,network_engineer,0.2882,3,2,1,1,2,2,3,1,0,1,2,1
SYN-C3-1884,4,software_engineer,3,1,2,3,2,2,1,1,3,1,0,0,1,0,1,1,0,1,0,1,1,1,0,0,1,2,software_engineer,,-0.0736,3,3,3,3,1,2,1,1,2,1,1,1
SYN-C3-1885,3,mobile_developer,2,0,1,1,1,0,0,1,1,0,1,0,1,0,0,1,0,1,0,1,0,1,1,0,0,1,mobile_developer,,0.2209,1,1,1,2,0,1,0,1,1,0,0,1
SYN-C3-1886,4,qa_engineer,1,0,1,1,1,1,0,1,2,0,0,1,0,1,0,0,0,1,0,2,0,2,0,1,0,3,qa_engineer,,-1.2211,2,2,1,1,0,2,1,2,2,1,0,2
SYN-C3-1887,3,qa_engineer,3,1,1,1,2,1,0,0,2,1,0,0,1,1,1,0,0,1,0,1,2,2,1,1,1,2,qa_engineer,software_engineer,0.4983,2,3,2,2,1,2,1,2,3,1,1,2
SYN-C3-1888,3,cybersecurity_analyst,1,2,0,1,1,1,1,0,0,0,1,0,2,1,1,0,1,3,1,1,0,0,0,0,0,1,cybersecurity_analyst,,-0.1207,1,0,0,0,1,1,1,0,0,2,3,0
SYN-C3-1889,4,cybersecurity_analyst|frontend_engineer,0,2,1,1,1,2,1,0,3,0,1,0,1,1,1,0,0,2,0,0,0,1,0,2,0,3,data_analyst,frontend_engineer,-0.5953,2,1,2,1,1,3,2,2,2,1,1,2
SYN-C3-1890,3,software_engineer,2,1,2,2,2,1,2,0,3,1,0,1,1,0,1,1,0,2,1,1,1,2,1,1,0,2,software_engineer,,0.5398,3,3,2,3,1,2,2,2,3,1,1,2
SYN-C3-1891,3,data_analyst|ui_ux_designer,0,1,0,2,0,1,0,0,2,0,1,1,1,0,0,0,0,0,0,0,0,0,2,1,0,2,data_analyst,ui_ux_designer,-0.4222,0,1,0,0,0,3,1,1,3,0,0,1
SYN-C3-1892,4,data_analyst,1,0,2,2,0,2,0,1,1,1,2,1,1,0,1,1,0,1,0,1,0,2,2,3,0,3,business_analyst,,0.0281,2,2,2,1,0,2,1,3,3,1,0,2
SYN-C3-1893,4,data_scientist,1,2,0,2,2,1,0,0,1,0,1,2,1,1,0,0,0,1,1,0,0,1,0,1,0,1,data_scientist,,-0.8403,0,1,1,0,1,2,2,1,0,1,1,1
SYN-C3-1894,4,project_coordinator,1,0,1,2,1,1,0,0,1,1,0,0,1,0,1,0,1,0,0,1,0,3,1,0,1,2,project_coordinator,,-0.6682,2,2,2,1,0,1,0,1,2,0,0,2
SYN-C3-1895,4,software_engineer,3,1,2,2,2,1,1,0,2,1,1,1,0,0,1,2,1,1,1,1,0,1,1,0,1,3,software_engineer,,0.2837,3,2,2,2,2,2,1,2,3,1,1,2
SYN-C3-1896,3,data_scientist,3,2,2,3,1,2,2,0,3,1,1,1,1,2,0,0,1,0,1,1,0,1,1,1,1,2,software_engineer,,0.8702,3,2,2,3,2,2,2,2,2,1,1,2
SYN-C3-1897,3,data_analyst,0,2,0,0,0,1,2,0,3,0,2,1,1,0,0,0,1,1,0,1,0,0,0,2,1,2,data_analyst,,0.5577,1,1,0,0,0,3,1,2,2,1,1,1
SYN-C3-1898,4,business_analyst,1,0,1,0,1,0,0,0,1,0,0,1,1,0,0,1,1,0,0,1,0,1,0,2,0,2,business_analyst,,-1.2028,1,2,1,1,1,1,0,2,2,0,0,1
SYN-C3-1899,3,data_analyst,1,1,0,1,0,1,0,0,2,0,1,2,1,0,0,0,0,0,0,0,0,0,0,0,0,2,data_analyst,,-0.835,0,0,0,0,0,3,2,0,1,1,1,0
SYN-C3-1900,3,software_engineer,2,0,1,1,3,1,2,1,1,1,0,0,1,1,1,0,1,1,0,0,0,2,0,1,0,3,software_engineer,devops_engineer,-0.4607,3,2,1,3,1,1,1,1,2,1,2,2
SYN-C3-1901,4,ui_ux_designer|qa_engineer,1,1,1,2,1,1,1,2,2,1,0,1,1,0,1,1,1,2,0,1,1,2,2,1,0,3,ui_ux_designer,qa_engineer,0.1806,3,3,2,3,1,3,2,2,3,1,2,2
SYN-C3-1902,3,data_scientist,0,0,0,1,1,0,0,0,1,0,0,1,1,1,0,0,0,0,0,0,0,0,0,0,0,2,data_scientist,frontend_engineer,-2.5119,0,0,0,0,0,1,1,0,0,1,1,0
SYN-C3-1903,4,data_analyst,2,0,1,1,1,1,0,0,2,0,1,0,0,0,1,0,0,0,0,2,2,1,0,0,0,3,qa_engineer,data_analyst,-0.9792,2,3,1,1,0,1,1,1,1,0,0,1
SYN-C3-1904,4,cybersecurity_analyst|network_engineer,1,1,1,2,1,0,0,0,1,1,0,1,1,2,1,0,2,3,2,0,1,1,1,1,1,2,cybersecurity_analyst,network_engineer,0.4993,1,2,2,2,2,2,1,2,2,3,3,1
SYN-C3-1905,3,devops_engineer,2,2,0,1,2,1,0,0,0,1,0,0,1,2,2,2,3,0,1,0,0,2,0,1,0,1,devops_engineer,,1.1162,1,1,1,1,3,1,0,1,1,2,2,1
SYN-C3-1906,3,network_engineer|cybersecurity_analyst,1,0,0,0,0,0,0,0,1,0,0,0,0,2,1,0,2,3,2,1,0,0,0,0,0,3,network_engineer,cybersecurity_analyst,-0.7943,0,1,0,0,1,0,0,1,0,3,3,0
SYN-C3-1907,3,software_engineer,2,0,1,1,1,1,1,0,2,0,0,0,0,0,0,1,1,0,0,0,0,1,0,0,0,1,software_engineer,,-1.1058,3,1,1,1,0,1,0,0,1,0,0,0
SYN-C3-1908,3,network_engineer,1,1,1,1,1,0,0,2,0,0,0,0,1,0,0,0,1,1,2,0,0,0,0,0,0,1,network_engineer,,-0.672,0,0,0,0,1,0,0,0,0,2,2,0
SYN-C3-1909,4,qa_engineer,2,1,2,2,2,1,0,1,2,2,0,1,2,1,1,1,2,1,0,3,2,2,1,2,1,2,qa_engineer,,2.1873,3,3,3,2,2,3,2,3,3,1,2,2
SYN-C3-1910,4,business_analyst,0,0,0,1,1,0,0,0,2,0,0,0,1,0,0,0,0,1,0,0,0,1,0,2,0,1,business_analyst,,-1.9086,0,1,0,0,0,1,0,1,1,0,1,1
SYN-C3-1911,4,cybersecurity_analyst,1,1,1,1,0,0,0,0,1,0,0,0,1,0,0,0,1,2,2,0,0,2,0,0,1,3,cybersecurity_analyst,project_coordinator,-1.1006,0,1,0,0,0,2,0,1,1,2,3,2
SYN-C3-1912,4,project_coordinator,1,1,1,2,1,1,0,0,2,1,0,1,1,2,1,0,0,0,0,2,0,2,0,1,2,3,project_coordinator,,0.2573,2,3,1,1,1,2,2,2,2,1,1,3
SYN-C3-1913,4,mobile_developer|data_scientist,3,2,2,2,3,1,2,2,2,1,2,1,1,1,1,2,1,2,2,1,2,2,1,1,0,3,mobile_developer,data_scientist,1.6437,3,3,3,3,3,3,3,2,3,3,3,2
SYN-C3-1914,4,software_engineer,3,0,1,2,1,2,1,0,2,0,0,1,0,1,0,1,0,0,0,0,0,1,0,0,0,2,software_engineer,,-1.1913,2,1,2,1,0,1,2,0,2,1,1,0
SYN-C3-1915,3,devops_engineer,1,2,0,2,1,2,2,0,2,2,1,1,1,2,2,2,2,3,1,1,1,2,0,2,1,3,devops_engineer,,1.7316,3,3,2,2,3,2,2,3,2,3,3,3
SYN-C3-1916,3,network_engineer,2,0,1,3,0,1,1,1,1,0,0,1,1,1,1,0,2,3,3,0,1,2,0,2,0,1,network_engineer,,0.9652,2,2,1,2,2,1,1,1,2,3,3,1
SYN-C3-1917,3,devops_engineer,1,1,1,1,2,0,0,1,1,0,1,1,1,1,2,2,2,3,1,0,1,2,1,1,1,3,devops_engineer,ui_ux_designer,1.1678,1,3,1,2,3,3,2,3,3,3,3,3
SYN-C3-1918,4,ui_ux_designer,3,1,1,1,3,0,0,1,3,1,0,2,0,0,0,1,1,1,1,1,0,2,2,1,0,3,mobile_developer,,0.3009,2,3,1,3,2,2,1,2,3,1,2,2
SYN-C3-1919,4,data_analyst,2,1,0,2,3,2,1,1,3,2,2,1,2,1,1,1,2,1,1,1,0,1,1,1,0,2,data_analyst,software_engineer,1.0576,3,2,2,3,2,3,2,2,2,2,3,2
SYN-C3-1920,4,qa_engineer,1,0,1,0,2,0,0,1,2,0,0,0,0,0,1,0,1,0,0,2,1,2,0,0,0,3,qa_engineer,mobile_developer,-0.5137,2,3,1,2,1,1,0,1,1,0,0,1
SYN-C3-1921,3,software_engineer,3,3,3,3,3,2,2,1,3,2,1,2,2,1,2,2,2,3,2,2,1,3,1,1,1,3,software_engineer,,3.2424,3,3,3,3,2,3,3,3,3,3,3,3
SYN-C3-1922,4,software_engineer,1,2,0,1,2,1,1,1,2,0,0,2,1,1,1,0,1,2,1,0,1,2,0,1,0,3,network_engineer,,0.6139,2,3,1,2,2,2,2,2,2,3,3,2
SYN-C3-1923,3,software_engineer,3,1,2,2,2,1,1,0,3,2,2,1,1,0,1,0,0,2,1,1,0,1,0,1,1,1,software_engineer,,0.5967,3,1,2,3,1,2,2,1,2,1,1,2
SYN-C3-1924,4,software_engineer,3,1,2,2,2,1,2,1,2,0,0,2,0,2,1,0,1,1,0,1,0,1,1,0,0,2,software_engineer,,-0.0012,3,2,3,3,2,1,1,1,2,1,1,0
SYN-C3-1925,3,frontend_engineer|project_coordinator,0,1,3,2,2,3,1,0,2,2,0,0,1,0,1,0,0,1,0,2,2,2,2,0,0,3,frontend_engineer,project_coordinator,1.1186,3,3,3,2,1,1,1,2,3,0,1,2
SYN-C3-1926,3,cybersecurity_analyst|frontend_engineer,1,1,1,1,1,1,0,1,0,1,0,0,1,1,0,0,1,2,1,0,0,0,0,0,0,1,cybersecurity_analyst,frontend_engineer,-1.0532,0,0,0,1,1,0,1,0,1,3,3,0
SYN-C3-1927,3,software_engineer,2,1,2,2,3,3,3,0,2,0,0,1,1,2,0,1,1,1,0,0,0,2,1,1,1,2,frontend_engineer,,1.063,3,1,3,2,2,2,2,2,3,1,2,3
SYN-C3-1928,3,ui_ux_designer|data_analyst,1,1,0,0,0,0,1,0,1,0,1,0,0,0,0,0,0,0,0,0,0,1,2,2,0,3,ui_ux_designer,data_analyst,-0.7631,0,1,1,1,0,1,0,2,3,0,0,1
SYN-C3-1929,4,cybersecurity_analyst,3,1,2,1,3,2,1,0,3,1,0,0,1,2,2,2,1,0,1,1,0,1,1,0,1,3,software_engineer,devops_engineer,0.259,3,2,3,3,3,2,2,2,2,1,2,2
SYN-C3-1930,4,mobile_developer,2,1,2,1,2,2,2,3,2,2,1,1,1,1,1,1,1,2,0,0,1,2,2,0,0,3,mobile_developer,devops_engineer,0.6693,3,2,3,3,2,2,2,2,3,2,2,2
SYN-C3-1931,4,data_scientist,1,2,0,1,2,0,1,1,1,0,0,2,3,1,0,1,0,0,1,0,0,1,0,1,0,1,data_scientist,,-0.4023,1,1,0,2,1,1,3,0,1,0,1,1
SYN-C3-1932,3,business_analyst,1,1,1,1,1,0,0,2,2,0,1,1,0,1,1,0,0,1,0,1,0,2,2,1,0,3,business_analyst,mobile_developer,0.0726,2,3,1,2,1,2,2,3,2,1,1,2
SYN-C3-1933,4,mobile_developer,2,1,1,0,3,0,0,2,2,1,0,1,0,1,0,1,0,1,0,1,0,2,0,1,0,2,mobile_developer,,-0.5501,2,2,1,3,2,2,1,2,2,0,1,2
SYN-C3-1934,4,project_coordinator,1,0,1,2,1,1,0,1,1,0,1,0,1,0,0,1,1,0,1,1,0,2,1,0,2,2,project_coordinator,,-0.292,2,2,1,1,1,1,1,2,2,1,0,3
SYN-C3-1935,4,project_coordinator|ui_ux_designer,1,1,1,1,2,1,0,0,0,0,1,1,0,1,0,0,0,1,1,0,0,3,0,1,2,3,project_coordinator,ui_ux_designer,-0.0263,1,1,1,1,1,1,1,2,2,1,2,3
SYN-C3-1936,3,business_analyst,1,0,0,0,0,0,0,0,2,0,0,0,1,0,0,0,0,0,0,0,0,2,0,1,0,3,business_analyst,,-1.1268,0,1,0,1,0,1,0,2,1,0,0,2
SYN-C3-1937,3,frontend_engineer|software_engineer,1,1,3,0,2,1,0,0,1,0,0,0,0,1,0,0,0,0,0,1,1,2,1,1,0,2,frontend_engineer,software_engineer,-0.7774,2,2,3,1,1,1,0,2,2,0,0,1
SYN-C3-1938,3,qa_engineer,1,0,0,1,0,0,1,0,2,0,0,0,1,0,1,1,0,0,0,1,1,1,1,0,0,3,qa_engineer,,-0.1753,2,2,1,1,0,1,0,2,1,0,0,1
SYN-C3-1939,3,ui_ux_designer,1,2,1,1,1,1,0,1,1,0,0,2,0,0,1,1,1,1,0,0,1,2,2,2,0,3,ui_ux_designer,,0.8556,2,2,2,1,2,2,1,2,3,1,1,2
SYN-C3-1940,3,qa_engineer,2,1,1,1,0,0,0,0,2,0,0,0,1,0,0,0,0,0,1,2,1,1,0,0,0,2,qa_engineer,,0.1329,1,3,1,1,0,2,0,1,1,0,1,0
SYN-C3-1941,3,devops_engineer,1,1,0,2,2,0,1,0,1,0,0,1,2,1,1,2,2,1,1,1,1,1,0,0,0,2,devops_engineer,,-0.0652,2,2,1,1,3,2,2,1,0,2,3,0
SYN-C3-1942,3,business_analyst,1,1,1,0,0,1,2,0,1,1,1,1,2,0,1,0,1,0,0,2,1,3,0,2,1,3,business_analyst,,0.438,2,3,1,1,0,2,1,3,2,0,0,3
SYN-C3-1943,4,business_analyst,1,1,0,2,1,0,0,0,2,0,0,0,1,1,0,1,1,2,1,1,0,1,0,2,0,3,business_analyst,cybersecurity_analyst,-0.8306,1,1,1,1,2,2,1,3,1,2,3,1
SYN-C3-1944,3,data_scientist,0,1,0,0,2,0,0,0,2,0,1,1,2,0,0,0,0,0,0,1,0,0,0,0,0,2,data_scientist,,-0.8443,0,1,0,0,0,3,2,1,0,0,0,0
SYN-C3-1945,3,mobile_developer,1,1,0,1,2,0,0,1,1,0,0,0,0,0,0,0,1,0,0,1,1,1,0,0,0,2,mobile_developer,,-0.5092,1,1,1,2,0,1,0,1,1,0,1,1
SYN-C3-1946,3,software_engineer,3,2,1,2,3,0,3,1,2,2,1,1,0,2,2,1,0,1,1,2,1,2,0,1,1,3,software_engineer,,1.6776,3,3,2,3,2,2,2,3,1,1,3,3
SYN-C3-1947,4,business_analyst|data_scientist,2,0,0,1,2,1,1,1,2,0,0,1,0,1,0,0,1,0,0,0,0,1,0,0,0,2,software_engineer,data_scientist,-1.0939,2,1,1,2,1,1,1,0,1,1,1,0
SYN-C3-1948,4,data_scientist,1,1,1,2,2,3,1,1,2,1,1,1,1,1,1,0,1,1,2,1,1,2,2,1,1,3,frontend_engineer,,1.9755,3,3,3,2,2,3,2,3,3,2,3,3
SYN-C3-1949,3,software_engineer,2,1,2,2,2,1,1,1,3,0,2,0,1,0,0,0,1,1,1,0,0,0,0,0,0,2,software_engineer,data_analyst,-0.1938,3,1,2,2,1,3,2,1,1,2,2,0
SYN-C3-1950,4,qa_engineer,1,2,1,2,2,2,0,0,1,1,1,1,0,1,0,0,0,0,1,3,1,3,0,2,0,3,qa_engineer,business_analyst,-0.2543,2,3,2,2,1,2,1,3,2,1,1,3
SYN-C3-1951,4,data_scientist,1,2,0,1,2,0,0,0,1,0,1,0,2,0,0,1,0,0,0,1,0,0,1,1,1,2,data_scientist,,-0.7159,1,1,1,1,0,2,2,2,1,0,0,2
SYN-C3-1952,4,qa_engineer,1,1,2,1,2,1,1,0,3,1,1,2,2,1,2,0,0,2,0,3,1,1,0,0,1,2,qa_engineer,,0.4529,2,3,2,2,2,3,2,1,2,2,2,2
SYN-C3-1953,3,frontend_engineer|project_coordinator,2,1,3,3,1,2,1,0,2,0,0,0,0,0,0,0,1,0,0,0,0,3,1,1,0,3,frontend_engineer,project_coordinator,0.2512,3,2,3,2,0,2,1,2,3,0,1,3
SYN-C3-1954,4,ui_ux_designer|network_engineer,2,1,2,2,1,2,0,1,1,1,1,1,2,1,2,0,1,3,1,1,1,2,2,1,1,3,ui_ux_designer,network_engineer,2.1376,3,3,3,2,2,3,2,3,3,3,3,3
SYN-C3-1955,3,software_engineer,3,1,1,2,2,1,1,0,3,0,1,1,1,1,0,0,0,0,0,2,0,1,0,0,1,3,software_engineer,data_scientist,-0.364,3,2,2,2,1,3,2,2,2,1,1,2
SYN-C3-1956,3,frontend_engineer,2,0,2,2,2,3,1,1,2,0,1,0,1,0,1,0,0,0,0,0,1,1,2,1,0,3,frontend_engineer,,-0.1083,2,2,3,3,0,2,2,2,3,0,0,2
SYN-C3-1957,4,ui_ux_designer|frontend_engineer,0,0,0,1,1,0,0,0,2,0,1,0,0,1,1,0,0,0,0,0,0,1,1,2,0,1,data_analyst,frontend_engineer,-1.5307,0,1,0,0,0,2,1,1,1,0,0,1
SYN-C3-1958,3,software_engineer,3,0,2,2,2,1,1,0,3,2,0,0,0,1,2,2,1,1,0,1,1,1,0,0,1,3,software_engineer,,1.1728,3,3,2,3,2,1,1,1,2,1,2,2
SYN-C3-1959,3,qa_engineer,2,2,1,1,3,1,1,0,3,0,1,0,2,0,1,1,1,1,0,3,1,2,0,1,0,3,qa_engineer,,1.1824,3,3,2,2,2,3,2,2,3,1,1,2
SYN-C3-1960,4,frontend_engineer,1,2,1,1,2,2,1,1,2,0,0,1,1,0,1,0,1,1,0,0,2,1,1,0,1,2,frontend_engineer,,-0.2849,2,2,3,3,1,2,1,1,3,1,1,2
SYN-C3-1961,4,software_engineer,2,0,2,2,3,1,2,0,2,1,1,1,1,2,1,2,1,1,1,0,1,2,1,0,0,3,software_engineer,data_scientist,0.0099,3,2,2,3,3,2,2,2,2,2,2,2
SYN-C3-1962,4,business_analyst,2,1,2,2,2,1,2,1,3,1,2,0,2,1,0,1,1,2,0,3,1,2,2,3,1,3,business_analyst,,1.8375,3,3,3,3,1,3,2,3,3,2,2,3
SYN-C3-1963,3,mobile_developer,3,0,1,1,2,1,2,1,2,1,0,1,1,0,1,0,2,1,0,2,0,1,1,2,0,2,mobile_developer,data_analyst,0.5864,3,2,2,3,1,2,1,2,2,1,1,1
SYN-C3-1964,3,data_scientist,1,3,1,2,1,0,1,0,2,1,1,1,1,1,1,0,1,1,0,1,0,0,1,1,0,2,data_scientist,,0.6954,2,2,1,1,1,3,3,2,1,1,2,1
SYN-C3-1965,3,cybersecurity_analyst,1,1,0,1,1,1,1,0,1,0,0,0,0,2,0,0,1,2,2,0,0,2,1,0,0,1,cybersecurity_analyst,,-0.2322,1,1,1,1,1,1,0,1,2,2,3,0
SYN-C3-1966,4,mobile_developer|software_engineer,3,1,2,1,3,2,1,3,2,1,1,1,0,1,1,1,0,1,0,0,0,2,1,1,0,3,mobile_developer,software_engineer,0.3148,3,2,3,3,2,2,2,3,3,1,1,2
SYN-C3-1967,4,software_engineer,3,2,2,1,2,2,2,1,3,0,0,1,0,0,1,1,1,0,0,1,1,1,1,1,1,3,software_engineer,,0.1946,3,3,3,3,1,2,1,2,3,0,1,2
SYN-C3-1968,3,qa_engineer|data_scientist,2,1,1,1,1,1,0,0,2,0,0,0,1,1,1,1,0,1,1,2,1,1,1,0,0,2,qa_engineer,data_scientist,0.6691,2,3,2,1,2,2,2,1,2,2,2,1
SYN-C3-1969,3,business_analyst,1,0,1,1,1,0,0,0,1,0,0,0,0,0,0,1,0,0,0,0,0,2,0,2,0,2,business_analyst,,-1.3336,1,2,0,0,0,1,0,2,1,0,0,2
SYN-C3-1970,3,frontend_engineer,0,0,2,0,1,0,1,0,2,1,0,0,1,0,1,0,1,0,0,1,2,2,0,2,0,1,qa_engineer,,0.2299,1,3,1,1,0,1,0,1,1,0,0,1
SYN-C3-1971,3,devops_engineer,1,1,1,1,3,2,1,0,1,2,1,2,1,3,2,3,3,2,1,0,1,3,2,1,0,3,devops_engineer,,1.8447,3,2,3,3,3,2,2,2,3,3,3,3
SYN-C3-1972,4,data_analyst,1,1,0,0,0,2,0,0,2,1,0,0,2,0,0,0,0,0,0,1,0,0,0,1,0,2,data_analyst,,-1.0272,1,1,0,0,0,3,0,1,1,0,0,0
SYN-C3-1973,3,business_analyst|mobile_developer,2,2,0,1,1,2,0,0,1,0,0,1,0,1,1,0,2,2,0,1,0,0,0,0,0,2,network_engineer,mobile_developer,0.2893,1,2,0,1,2,1,1,0,0,3,3,0
SYN-C3-1974,3,qa_engineer|project_coordinator,1,0,0,1,1,0,0,0,2,0,0,0,0,0,0,0,0,0,0,1,1,2,0,1,0,3,qa_engineer,project_coordinator,-1.2364,1,3,1,0,0,1,0,2,1,0,0,2
SYN-C3-1975,3,data_analyst,0,1,1,1,1,0,0,1,3,0,1,0,1,0,0,1,0,0,0,0,1,1,1,1,0,2,data_analyst,mobile_developer,0.2216,0,2,2,1,0,3,2,1,2,0,0,2
SYN-C3-1976,4,ui_ux_designer,3,1,1,2,1,2,0,1,1,0,1,2,1,0,0,0,0,0,1,1,0,1,2,1,1,3,ui_ux_designer,project_coordinator,0.1207,2,2,2,2,0,3,1,3,3,0,0,3
SYN-C3-1977,3,data_scientist,1,2,0,2,2,2,0,0,2,1,1,2,2,1,1,1,0,2,0,0,0,1,1,1,1,2,data_scientist,,1.2641,2,1,2,1,1,3,3,2,2,1,1,2
SYN-C3-1978,3,cybersecurity_analyst,0,0,0,1,1,0,0,1,1,0,1,0,1,0,0,0,0,0,0,0,0,2,0,0,0,2,mobile_developer,,-0.9057,0,1,0,1,0,1,0,1,1,0,0,2
SYN-C3-1979,3,frontend_engineer,1,0,2,1,3,3,1,1,1,0,0,1,1,0,0,1,0,1,1,1,0,2,0,1,0,2,frontend_engineer,business_analyst,0.0138,2,2,3,2,1,1,1,2,2,1,1,2
SYN-C3-1980,3,business_analyst,2,0,1,1,1,1,0,1,2,0,2,2,1,0,0,0,0,0,0,1,1,2,0,2,0,3,business_analyst,,0.4607,2,3,1,2,0,3,2,3,2,0,0,3
SYN-C3-1981,3,software_engineer|data_analyst,3,2,2,3,2,1,2,1,3,2,2,1,2,1,1,2,1,1,0,2,2,1,0,1,1,3,software_engineer,data_analyst,1.4751,3,3,3,3,2,3,3,2,2,1,2,2
SYN-C3-1982,3,network_engineer,2,2,1,3,2,0,1,1,3,0,2,1,3,1,1,0,1,2,1,0,1,2,1,1,1,3,data_scientist,,2.0038,3,2,2,3,2,3,3,3,2,2,2,3
SYN-C3-1983,3,qa_engineer|frontend_engineer,1,1,2,1,1,1,0,0,2,0,0,0,1,1,0,0,0,1,0,3,2,2,0,1,0,2,qa_engineer,frontend_engineer,-0.1279,1,3,2,1,1,2,1,1,2,1,0,2
SYN-C3-1984,3,frontend_engineer,1,1,2,0,1,2,1,0,2,0,0,0,0,0,0,0,0,0,0,0,0,2,0,0,0,2,frontend_engineer,,-0.8855,1,2,2,2,0,1,1,1,2,0,0,1
SYN-C3-1985,4,qa_engineer,2,1,1,0,1,1,1,0,2,0,0,1,0,1,2,0,2,0,0,1,2,1,1,2,1,2,qa_engineer,,0.2778,2,3,2,2,1,2,1,3,3,1,1,2
SYN-C3-1986,4,frontend_engineer,0,0,1,1,1,3,0,0,2,1,0,0,0,1,0,1,0,1,1,0,1,1,0,0,0,1,frontend_engineer,data_analyst,-1.1294,1,1,2,1,0,0,1,0,1,1,1,0
SYN-C3-1987,4,frontend_engineer,0,1,2,2,3,1,1,0,1,0,1,0,1,0,0,0,1,1,0,1,1,1,2,1,0,3,frontend_engineer,,-0.0601,2,1,3,2,1,2,1,2,3,1,2,2
SYN-C3-1988,3,software_engineer,3,1,1,2,0,1,2,0,3,0,1,1,2,1,1,0,1,2,0,2,0,2,0,1,1,2,software_engineer,,1.1215,3,2,1,1,1,3,2,2,2,2,2,3
SYN-C3-1989,3,project_coordinator,2,1,2,0,1,1,1,0,1,0,2,0,0,0,0,0,0,0,0,1,0,2,0,1,2,3,project_coordinator,,-0.084,1,2,1,2,0,2,1,3,2,0,0,3
SYN-C3-1990,4,frontend_engineer,2,1,2,1,3,2,1,1,2,0,0,2,1,0,0,0,0,1,0,0,1,1,0,2,0,3,frontend_engineer,data_scientist,-0.1859,2,2,3,2,1,2,2,1,3,0,0,1
SYN-C3-1991,4,devops_engineer,3,2,1,2,1,1,1,2,1,1,1,2,1,2,2,2,3,2,2,1,1,1,0,1,2,3,devops_engineer,,1.4772,3,2,1,3,3,2,2,2,2,3,3,3
SYN-C3-1992,4,business_analyst,2,1,0,1,2,2,2,1,3,2,1,2,1,1,0,1,1,2,0,3,1,2,2,3,1,3,business_analyst,,2.0868,3,2,2,2,2,3,2,3,3,2,2,3
SYN-C3-1993,3,data_scientist,1,2,0,1,0,0,0,0,1,0,1,1,1,1,1,0,0,0,0,0,0,0,1,0,2,2,data_scientist,,-0.5934,0,1,0,0,0,2,2,1,0,0,1,2
SYN-C3-1994,3,devops_engineer,1,1,1,1,1,2,1,0,0,0,0,1,2,0,0,1,0,0,0,1,1,1,2,0,0,1,frontend_engineer,,-0.141,1,1,3,1,0,1,1,0,2,0,0,0
SYN-C3-1995,4,mobile_developer,2,2,2,1,2,2,2,2,3,2,1,0,1,0,0,0,1,2,0,1,0,2,1,1,1,2,mobile_developer,,0.6619,3,2,2,3,1,2,1,3,2,1,1,3
SYN-C3-1996,3,software_engineer|network_engineer,3,1,3,1,0,2,2,0,1,0,0,0,1,0,0,0,1,1,1,0,1,2,0,1,1,2,software_engineer,network_engineer,-0.1183,2,2,2,1,1,2,0,2,2,2,1,2
SYN-C3-1997,3,ui_ux_designer,1,2,1,0,2,0,0,1,0,0,0,1,0,2,1,1,2,1,1,2,0,1,1,2,0,2,devops_engineer,,-0.4294,1,2,1,2,3,1,0,1,1,2,2,1
SYN-C3-1998,3,frontend_engineer,0,1,1,1,2,1,0,0,1,0,0,0,0,0,0,0,0,0,0,2,1,1,0,0,0,0,frontend_engineer,,-1.6714,1,1,1,0,0,0,0,0,1,0,0,0
SYN-C3-1999,4,network_engineer,2,1,1,1,0,1,0,0,0,0,0,0,1,1,1,0,2,1,2,0,0,0,0,2,1,2,network_engineer,,-0.5732,1,0,0,0,2,1,1,1,1,3,3,1
SYN-C3-2000,3,software_engineer,1,1,2,2,1,0,1,0,2,0,0,0,0,1,0,1,1,0,0,0,0,1,0,0,0,1,software_engineer,,-1.7445,2,1,1,1,1,1,1,0,1,0,1,0
SYN-C3-2001,3,software_engineer,3,0,2,2,1,1,1,1,3,1,0,0,1,0,1,1,1,0,0,2,0,1,0,0,0,2,software_engineer,,0.454,3,2,2,2,1,1,1,1,1,1,0,1
SYN-C3-2002,4,project_coordinator|software_engineer,1,0,0,1,1,0,0,1,2,0,0,0,0,0,0,0,0,0,0,1,0,3,0,1,1,3,project_coordinator,software_engineer,-1.2511,1,2,0,1,0,1,0,2,1,0,0,3
SYN-C3-2003,4,qa_engineer|cybersecurity_analyst,2,0,1,1,1,0,0,0,1,0,0,0,0,0,0,0,1,1,1,1,2,1,0,1,0,2,qa_engineer,cybersecurity_analyst,-1.1822,2,3,1,1,1,1,0,1,1,2,1,1
SYN-C3-2004,4,qa_engineer,2,1,2,2,1,1,2,1,3,1,0,0,1,1,1,0,0,2,0,2,2,2,0,0,0,2,qa_engineer,,0.3084,3,3,2,2,1,1,2,1,2,1,1,1
SYN-C3-2005,4,project_coordinator,3,1,2,2,3,2,2,2,3,1,1,0,1,0,1,0,2,0,0,1,0,2,1,0,1,2,software_engineer,mobile_developer,0.503,3,2,3,3,1,2,1,2,2,1,0,2
SYN-C3-2006,3,devops_engineer,3,1,0,3,2,1,1,0,2,0,1,0,0,2,2,2,3,2,2,0,1,2,0,1,1,1,devops_engineer,,1.7343,2,2,1,1,3,1,1,2,1,3,3,2
SYN-C3-2007,4,software_engineer|project_coordinator,2,1,3,3,2,1,1,1,3,0,1,1,0,0,0,1,0,0,1,1,0,2,0,0,1,3,software_engineer,project_coordinator,-0.458,3,2,3,2,1,2,1,2,1,1,1,3
SYN-C3-2008,4,network_engineer|data_analyst,1,2,0,2,1,1,1,1,2,0,1,1,2,1,0,1,2,2,1,1,0,0,1,2,0,3,network_engineer,data_analyst,0.0315,2,1,1,1,2,3,3,3,2,3,3,2
SYN-C3-2009,3,software_engineer,3,1,1,2,3,2,2,0,3,2,1,1,1,1,1,0,1,0,0,2,0,1,0,1,1,2,software_engineer,,1.2421,3,2,2,2,1,2,2,2,2,1,2,2
SYN-C3-2010,3,qa_engineer|business_analyst,2,1,0,1,0,0,1,0,0,0,0,0,1,0,0,0,0,0,0,1,1,2,0,1,0,2,qa_engineer,business_analyst,-0.7486,1,2,0,0,0,1,0,1,1,0,0,2
SYN-C3-2011,4,qa_engineer,2,1,0,0,2,2,0,1,2,1,0,0,2,0,1,1,1,2,1,3,2,1,0,1,0,3,qa_engineer,,0.0314,2,3,1,2,2,2,1,1,2,2,2,1
SYN-C3-2012,4,data_scientist,1,1,1,2,1,1,2,0,2,0,0,0,1,0,0,1,1,0,0,2,0,2,0,0,1,2,software_engineer,,0.1252,3,2,1,1,0,1,1,2,2,0,1,1
SYN-C3-2013,4,software_engineer,2,1,1,1,1,0,0,0,1,1,0,0,1,0,0,0,0,0,0,0,0,2,0,0,0,1,software_engineer,,-2.1861,1,2,0,1,0,1,1,1,0,0,0,1
SYN-C3-2014,4,qa_engineer|ui_ux_designer,2,0,2,1,1,1,0,0,1,0,0,0,0,0,1,0,0,1,0,2,1,2,0,0,1,3,qa_engineer,ui_ux_designer,-1.5569,2,3,1,1,0,1,0,2,2,1,0,2
SYN-C3-2015,3,software_engineer,2,0,1,2,3,1,1,0,3,1,1,1,1,1,1,0,0,1,0,1,0,1,0,1,1,1,software_engineer,,0.3394,3,2,2,2,1,2,1,2,2,1,1,2
SYN-C3-2016,4,business_analyst,0,2,0,1,1,1,0,0,1,0,0,1,2,1,0,1,0,0,0,0,0,0,0,0,0,2,data_scientist,,-1.6973,0,0,0,0,1,2,3,0,0,0,1,0
SYN-C3-2017,3,project_coordinator,2,0,1,1,0,0,0,0,0,1,1,0,1,1,0,0,1,1,1,0,0,3,1,2,2,3,project_coordinator,business_analyst,0.7636,1,1,1,1,1,1,0,3,2,2,1,3
SYN-C3-2018,4,cybersecurity_analyst,2,1,0,2,1,0,1,1,1,0,1,1,1,0,0,1,2,2,3,1,1,1,1,1,0,2,cybersecurity_analyst,project_coordinator,0.2448,2,2,1,2,2,2,2,2,2,3,3,2
SYN-C3-2019,4,qa_engineer,1,3,1,1,2,0,0,0,3,0,1,2,3,0,1,0,0,0,0,1,0,1,0,0,0,2,data_analyst,data_scientist,-1.317,2,1,1,1,0,3,3,2,1,0,1,1
SYN-C3-2020,3,network_engineer,2,0,2,1,0,2,1,0,1,2,0,1,1,1,0,0,1,2,1,0,0,1,0,0,0,2,network_engineer,software_engineer,-0.3227,2,1,1,1,1,1,0,1,2,3,2,1
SYN-C3-2021,3,devops_engineer,1,1,1,0,1,1,0,0,1,0,0,1,1,1,1,2,0,1,0,1,1,0,0,0,0,2,devops_engineer,,-0.0316,1,2,0,0,2,1,1,0,1,1,1,0
SYN-C3-2022,4,ui_ux_designer|business_analyst,2,1,2,1,2,1,0,0,2,1,1,1,0,1,0,0,3,1,1,1,1,1,2,3,1,3,ui_ux_designer,business_analyst,0.4898,2,2,2,3,2,2,1,3,3,3,2,2
SYN-C3-2023,3,cybersecurity_analyst,0,1,1,1,1,1,0,0,2,0,1,2,0,0,0,0,1,3,2,0,0,0,0,1,0,2,cybersecurity_analyst,network_engineer,-0.7786,0,1,0,0,1,3,2,1,1,3,3,1
SYN-C3-2024,3,software_engineer,3,1,1,3,2,1,1,0,2,0,1,0,0,0,1,1,0,1,0,1,1,0,0,1,1,2,software_engineer,,0.2836,3,2,2,2,1,2,1,1,2,1,1,2
SYN-C3-2025,4,network_engineer,2,2,2,2,2,2,1,0,3,0,0,0,1,1,1,1,3,3,2,3,2,1,1,1,1,3,network_engineer,,2.5091,3,3,3,3,2,2,2,2,2,3,3,2
SYN-C3-2026,4,data_scientist|business_analyst,2,3,1,1,2,1,1,1,3,0,3,1,2,2,0,1,1,2,1,0,1,2,0,3,1,2,data_scientist,business_analyst,0.7408,2,2,1,2,2,3,3,3,2,3,3,3
SYN-C3-2027,4,network_engineer,2,0,0,0,0,0,0,0,1,1,1,0,0,0,0,0,2,1,1,0,0,1,0,0,0,1,network_engineer,,-1.4784,0,0,0,1,1,0,0,0,0,2,1,0
SYN-C3-2028,3,project_coordinator|frontend_engineer,2,0,1,0,2,2,1,1,2,0,1,0,0,0,0,0,0,1,0,3,0,2,0,1,0,2,qa_engineer,frontend_engineer,-0.6336,1,3,2,2,0,1,0,2,2,0,0,1
SYN-C3-2029,4,qa_engineer|ui_ux_designer,1,0,1,1,1,0,0,0,2,0,0,0,0,1,0,1,0,0,0,2,1,2,1,0,0,2,qa_engineer,ui_ux_designer,-1.4873,2,3,1,1,0,1,0,1,2,0,0,1
SYN-C3-2030,4,business_analyst|qa_engineer,0,0,2,1,2,1,0,1,2,1,1,0,0,1,0,1,0,1,0,2,0,2,1,3,2,3,business_analyst,qa_engineer,-0.2473,2,3,2,2,1,1,0,3,3,1,0,3
SYN-C3-2031,4,qa_engineer,2,1,2,1,1,1,0,1,3,1,1,0,1,1,2,1,0,2,0,2,3,1,0,1,1,3,qa_engineer,,0.6094,3,3,1,2,2,3,2,3,2,1,1,3
SYN-C3-2032,4,qa_engineer,1,1,2,1,1,2,1,0,1,1,1,1,1,2,0,0,0,0,0,1,1,1,0,0,0,3,frontend_engineer,,-0.6113,2,2,2,2,1,2,1,1,1,0,0,1
SYN-C3-2033,3,qa_engineer,1,0,0,0,1,0,0,0,2,0,0,0,0,0,0,0,0,0,0,0,1,1,0,1,0,2,qa_engineer,,-1.4616,0,2,0,0,0,1,0,1,1,0,0,1
SYN-C3-2034,4,project_coordinator|cybersecurity_analyst,3,1,2,1,2,0,1,1,2,1,0,1,1,1,0,0,1,2,3,3,3,3,0,2,1,3,qa_engineer,cybersecurity_analyst,1.426,3,3,2,2,2,2,1,3,1,3,3,2
SYN-C3-2035,4,business_analyst,2,1,1,1,0,1,1,3,3,1,1,1,1,1,0,0,1,1,1,1,1,1,2,2,1,3,business_analyst,,0.7256,2,2,2,3,1,3,2,3,3,2,2,2
SYN-C3-2036,3,data_analyst,1,1,1,2,1,0,0,0,2,0,2,1,1,1,2,1,0,2,0,1,0,1,1,1,0,2,data_analyst,,1.1368,2,2,1,1,2,3,2,1,2,2,1,2
SYN-C3-2037,3,network_engineer,1,1,1,1,2,0,1,1,1,0,0,0,1,1,1,1,2,3,1,1,0,0,0,0,0,1,network_engineer,qa_engineer,0.5328,2,1,0,1,2,1,0,0,0,3,2,0
SYN-C3-2038,4,software_engineer|devops_engineer,2,0,1,3,2,0,1,0,2,0,0,0,0,1,1,1,1,1,1,0,0,1,0,0,0,2,software_engineer,devops_engineer,-1.6919,3,2,2,2,2,1,0,0,1,2,2,0
SYN-C3-2039,4,software_engineer,3,0,1,3,3,1,1,1,2,1,1,0,2,1,1,2,1,1,0,2,0,1,0,1,0,3,software_engineer,data_analyst,-0.0309,3,2,2,3,2,3,2,2,2,2,2,2
SYN-C3-2040,3,software_engineer,0,1,0,1,0,1,0,1,3,0,2,0,2,1,0,0,0,0,0,1,0,1,0,2,0,1,data_analyst,,-0.2801,1,0,0,0,0,3,1,1,1,0,1,1
SYN-C3-2041,3,software_engineer|project_coordinator,3,0,1,2,2,1,1,1,2,0,0,0,0,1,0,0,1,1,0,1,0,1,0,0,0,2,software_engineer,project_coordinator,-0.5816,3,2,2,3,1,1,0,0,2,1,1,1
SYN-C3-2042,3,devops_engineer|network_engineer,1,2,1,0,0,0,0,1,1,0,0,0,1,2,1,2,3,2,1,0,0,2,0,1,0,2,devops_engineer,network_engineer,0.1189,1,2,0,1,3,2,1,1,1,2,2,1
SYN-C3-2043,3,cybersecurity_analyst,0,0,1,2,1,1,1,1,0,0,0,0,1,2,0,0,2,2,2,1,1,1,0,1,0,3,cybersecurity_analyst,,0.7496,1,2,2,1,2,1,0,1,2,3,3,1
SYN-C3-2044,3,ui_ux_designer,1,0,1,0,0,1,1,0,0,0,1,0,0,0,0,0,0,0,0,0,0,0,1,0,0,3,ui_ux_designer,,-1.2548,0,0,1,1,0,0,0,1,2,0,0,0
SYN-C3-2045,3,cybersecurity_analyst,1,2,1,2,1,0,1,0,2,0,1,0,0,1,0,1,0,2,2,0,0,1,0,1,1,3,cybersecurity_analyst,project_coordinator,0.0799,2,2,1,1,1,2,1,2,1,3,3,3
SYN-C3-2046,3,cybersecurity_analyst,2,1,0,2,0,1,0,1,2,1,0,0,1,1,2,0,1,2,1,0,0,0,1,1,0,2,cybersecurity_analyst,,0.2352,2,0,0,1,1,2,1,1,1,3,3,0
SYN-C3-2047,4,devops_engineer,2,2,1,1,2,1,1,1,3,2,1,2,2,2,3,2,3,1,1,1,0,1,1,1,1,2,devops_engineer,,1.4744,3,2,2,3,3,3,3,2,3,2,3,2
SYN-C3-2048,3,devops_engineer,0,0,0,0,0,0,0,0,1,0,0,0,0,1,1,1,1,0,0,0,0,0,0,1,0,2,devops_engineer,business_analyst,-2.4437,0,0,0,0,0,0,0,0,0,0,0,0
SYN-C3-2049,4,ui_ux_designer|qa_engineer,0,1,0,0,2,2,0,1,2,1,0,1,1,0,0,0,1,1,1,1,1,3,1,2,0,3,ui_ux_designer,qa_engineer,0.013,1,2,2,2,1,2,1,2,3,1,1,2
SYN-C3-2050,4,software_engineer,3,1,2,1,2,3,2,1,3,1,0,0,2,1,2,1,2,1,0,1,0,1,0,0,1,3,software_engineer,,0.5262,3,2,2,3,2,2,2,1,2,2,2,2
SYN-C3-2051,3,business_analyst,1,1,0,0,1,1,1,0,1,0,1,0,0,0,0,0,0,1,1,1,0,1,0,2,0,3,business_analyst,,-0.3599,1,1,0,1,1,1,0,3,2,0,1,2
SYN-C3-2052,3,network_engineer,1,1,0,2,0,1,1,0,1,1,0,0,0,1,0,1,0,2,1,0,1,0,1,0,0,1,network_engineer,,-0.2358,1,0,1,1,0,0,0,0,0,2,2,0
SYN-C3-2053,4,data_analyst,1,1,1,0,1,0,1,1,2,0,2,0,1,0,2,0,1,1,1,2,0,2,0,0,1,2,data_analyst,,-0.318,1,2,1,2,1,3,1,2,1,1,1,1
SYN-C3-2054,3,devops_engineer,1,0,0,1,3,1,2,1,2,1,0,0,1,1,1,0,1,0,2,0,1,0,1,1,0,1,mobile_developer,,0.798,2,1,1,2,1,1,1,0,1,1,1,1
SYN-C3-2055,4,project_coordinator,1,1,1,2,1,2,1,0,1,0,1,0,1,1,0,1,1,0,1,1,1,3,2,2,2,3,project_coordinator,,0.3323,2,3,2,1,1,2,1,3,3,1,1,3
SYN-C3-2056,3,devops_engineer,2,2,1,1,3,3,2,2,2,2,1,2,2,1,0,1,2,2,2,2,1,3,1,2,0,3,mobile_developer,,2.4199,3,3,3,3,2,3,3,3,3,3,3,3
SYN-C3-2057,4,data_scientist,2,2,1,3,1,2,1,2,3,1,3,0,2,1,0,0,2,1,1,1,2,0,1,3,0,2,data_analyst,,1.3368,3,3,2,2,2,3,3,2,1,2,2,2
SYN-C3-2058,3,frontend_engineer,0,0,1,0,2,1,0,0,1,0,0,0,0,0,0,0,0,1,0,0,0,0,2,0,0,1,frontend_engineer,,-1.1334,0,1,1,0,0,0,0,0,2,0,0,0
SYN-C3-2059,4,devops_engineer|business_analyst,1,2,0,1,1,1,0,0,3,0,2,1,1,1,0,1,0,1,0,0,0,1,1,1,1,3,data_analyst,business_analyst,-0.4185,1,1,1,1,1,3,2,3,2,1,1,3
SYN-C3-2060,3,frontend_engineer,1,0,3,1,2,3,1,0,2,0,0,0,0,0,0,0,1,0,0,1,0,1,2,0,0,2,frontend_engineer,software_engineer,-0.7781,2,1,3,2,0,1,0,1,3,0,0,1
SYN-C3-2061,4,frontend_engineer,2,2,2,2,2,2,1,3,1,1,2,1,1,1,1,1,1,1,1,1,1,3,0,2,3,3,project_coordinator,,1.775,3,3,2,3,2,3,2,3,2,2,2,3
SYN-C3-2062,3,data_analyst,2,1,1,2,1,0,0,0,3,0,2,1,1,0,0,1,0,1,0,0,0,1,0,0,0,2,data_analyst,,0.3863,2,1,1,1,1,3,2,1,1,1,1,1
SYN-C3-2063,3,ui_ux_designer,2,2,0,2,2,0,0,1,2,0,1,2,2,1,0,1,0,0,0,0,1,0,0,0,1,1,data_scientist,,-0.05,1,1,0,1,1,3,3,0,0,0,1,1
SYN-C3-2064,4,project_coordinator,2,1,1,2,3,2,2,2,3,0,1,2,0,0,1,1,1,2,0,0,1,1,2,1,0,2,mobile_developer,,1.2845,3,2,3,3,2,2,2,1,3,1,2,1
SYN-C3-2065,4,business_analyst,0,1,0,0,0,0,0,1,2,0,1,0,1,0,0,1,0,0,1,1,0,0,1,2,1,3,business_analyst,cybersecurity_analyst,-1.0347,0,1,0,0,0,2,1,3,1,0,1,2
SYN-C3-2066,4,devops_engineer|ui_ux_designer,1,1,1,1,2,0,1,0,0,0,0,1,2,2,2,1,2,1,0,1,0,1,1,1,0,3,devops_engineer,ui_ux_designer,-0.3236,1,2,2,2,3,2,1,1,2,2,2,2
SYN-C3-2067,3,devops_engineer,1,0,0,0,1,0,0,0,0,0,0,0,0,1,2,2,1,1,0,0,0,2,0,0,0,3,devops_engineer,,-1.129,1,1,0,1,2,0,0,1,0,1,1,1
SYN-C3-2068,3,business_analyst,1,0,0,1,0,1,1,0,1,0,1,0,1,1,0,0,0,0,0,0,1,1,1,2,0,2,business_analyst,,-0.806,1,1,1,1,0,1,1,2,2,0,0,1
SYN-C3-2069,3,data_scientist,1,3,1,2,2,2,1,0,2,3,1,2,3,2,0,2,2,1,0,1,0,1,1,1,1,2,data_scientist,,1.6921,2,2,2,2,2,3,3,2,3,2,2,2
SYN-C3-2070,3,software_engineer,3,0,2,3,2,1,2,0,3,2,0,1,1,2,1,1,2,1,1,2,0,1,1,1,1,2,software_engineer,,1.6536,3,3,2,3,2,2,2,2,2,2,2,2
SYN-C3-2071,3,software_engineer,3,0,2,2,1,1,0,0,3,0,0,0,0,0,1,1,0,0,0,0,0,1,0,0,0,2,software_engineer,,-0.5514,3,2,1,1,1,1,1,0,1,0,0,1
SYN-C3-2072,4,software_engineer,2,1,2,3,3,1,0,1,2,1,0,0,2,3,2,2,1,2,1,2,1,2,0,1,2,2,software_engineer,devops_engineer,1.097,3,3,2,2,3,3,1,2,2,2,3,3
SYN-C3-2073,3,software_engineer,2,0,2,1,2,2,1,0,2,0,0,0,0,0,1,1,0,0,1,1,0,2,0,0,0,2,software_engineer,frontend_engineer,-1.2559,3,2,3,2,1,1,0,1,2,0,0,1
SYN-C3-2074,3,frontend_engineer,1,1,1,0,1,1,0,0,0,0,1,0,2,1,1,1,2,2,1,0,0,0,0,1,1,1,frontend_engineer,devops_engineer,-0.5487,1,0,0,0,2,2,1,0,1,2,3,1
SYN-C3-2075,4,qa_engineer|frontend_engineer,1,1,1,1,3,1,1,1,1,1,1,1,1,1,2,0,1,1,0,3,2,3,1,0,1,2,qa_engineer,frontend_engineer,0.6905,3,3,3,3,2,2,1,2,3,2,2,2
SYN-C3-2076,3,frontend_engineer|software_engineer,1,0,3,2,3,1,1,0,1,1,1,0,0,0,0,1,0,0,0,0,0,2,1,0,0,1,frontend_engineer,software_engineer,-1.297,2,1,3,2,0,0,0,1,2,0,0,1
SYN-C3-2077,3,data_scientist,1,2,0,0,0,0,0,0,2,0,1,1,1,0,0,0,0,0,0,0,0,1,0,0,1,1,data_scientist,,-0.8215,0,0,0,0,0,2,1,1,0,0,0,0
SYN-C3-2078,3,frontend_engineer,2,1,1,0,1,2,1,0,1,0,0,0,1,0,0,1,0,0,0,0,0,0,0,0,1,2,frontend_engineer,,-0.5015,1,1,1,2,0,1,1,0,2,0,0,0
SYN-C3-2079,4,data_scientist,2,1,0,1,0,0,0,0,2,1,1,1,2,1,1,1,1,0,0,0,0,1,1,1,0,1,data_scientist,,-0.3823,1,1,0,1,1,3,2,1,1,0,1,1
SYN-C3-2080,3,mobile_developer,2,1,3,1,2,0,0,0,2,0,1,0,1,0,0,0,2,1,0,0,0,1,0,0,0,2,software_engineer,,-0.5717,2,1,2,2,1,2,2,1,1,1,1,0
SYN-C3-2081,3,software_engineer,2,1,1,2,2,3,1,1,2,0,1,0,0,0,1,0,0,0,1,0,0,1,0,0,0,2,software_engineer,,-0.1134,3,1,2,3,1,2,1,1,1,1,1,1
SYN-C3-2082,3,qa_engineer,1,1,0,1,0,1,0,0,1,0,0,1,1,0,1,0,0,0,0,1,2,1,0,1,0,2,qa_engineer,,-0.5505,1,3,0,0,0,2,0,1,1,0,0,1
SYN-C3-2083,4,software_engineer,3,2,0,1,2,0,1,0,0,0,0,0,0,0,0,1,2,3,2,1,0,1,1,1,0,1,cybersecurity_analyst,,-0.0827,1,1,1,1,2,0,0,1,1,2,3,1
SYN-C3-2084,3,project_coordinator,2,2,1,0,0,0,0,0,2,0,0,0,0,0,0,0,0,0,0,0,0,1,0,2,0,2,business_analyst,,-0.6684,1,1,0,1,0,1,0,1,1,0,0,0
SYN-C3-2085,3,ui_ux_designer,1,1,2,1,0,0,0,0,2,0,0,1,1,0,0,0,1,2,1,1,0,1,2,0,0,3,ui_ux_designer,cybersecurity_analyst,-0.4221,2,1,1,1,1,2,1,2,2,2,3,1
SYN-C3-2086,3,ui_ux_designer,1,0,1,0,0,1,1,0,1,0,1,0,1,0,1,0,2,0,1,1,0,1,1,3,0,3,ui_ux_designer,,0.3795,1,2,1,1,0,1,0,3,3,1,1,1
SYN-C3-2087,3,qa_engineer,3,1,1,1,2,2,0,1,3,1,1,1,1,0,0,2,0,1,1,1,3,3,1,0,1,3,qa_engineer,mobile_developer,0.7642,2,3,2,3,2,2,1,3,2,1,1,3
SYN-C3-2088,4,data_scientist,2,3,1,2,2,0,1,0,2,0,1,2,2,2,1,2,1,1,0,2,2,0,1,0,0,2,data_scientist,,0.4159,3,3,2,1,2,3,3,1,1,1,1,0
SYN-C3-2089,3,mobile_developer,3,0,1,0,1,0,0,1,1,0,0,0,0,0,1,0,0,1,0,0,0,0,1,0,1,2,mobile_developer,,-1.6306,0,1,0,2,0,0,0,1,1,0,0,0
SYN-C3-2090,3,data_analyst,2,1,0,1,1,1,1,0,2,0,3,0,2,0,1,0,0,2,1,1,0,1,0,1,0,3,data_analyst,,1.2041,2,2,1,1,1,3,2,2,2,2,2,3
SYN-C3-2091,4,mobile_developer,1,1,1,0,2,1,0,1,2,1,0,0,1,0,1,1,3,0,0,2,3,2,0,1,1,2,qa_engineer,,0.1052,2,3,2,2,1,1,1,2,2,0,1,2
SYN-C3-2092,3,frontend_engineer|ui_ux_designer,2,0,1,0,1,0,0,0,1,0,0,0,0,0,0,0,0,0,0,1,2,1,0,1,0,2,qa_engineer,ui_ux_designer,-1.2481,0,3,1,1,0,0,0,1,2,0,0,1
SYN-C3-2093,4,software_engineer,3,1,2,1,2,1,0,0,2,0,0,0,0,0,0,0,1,1,0,0,0,1,0,0,0,2,software_engineer,,-1.2677,2,1,1,1,1,1,1,0,2,1,2,0
SYN-C3-2094,3,software_engineer,3,2,2,3,2,2,2,0,3,1,0,0,0,1,1,1,1,1,0,1,1,1,1,1,1,2,software_engineer,,0.9557,3,2,3,3,2,2,2,2,3,1,1,2
SYN-C3-2095,4,data_scientist,0,3,2,1,3,2,0,0,2,0,2,2,2,1,1,1,0,1,1,1,1,1,0,1,1,2,data_scientist,,0.5896,2,2,2,1,2,3,3,2,2,1,2,2
SYN-C3-2096,4,project_coordinator,2,0,1,2,1,1,0,0,2,1,1,2,2,1,1,1,0,0,1,1,1,3,0,2,3,3,project_coordinator,,0.1532,3,3,1,1,0,3,3,3,2,1,1,3
SYN-C3-2097,4,mobile_developer,1,2,0,1,1,1,0,0,2,0,1,0,1,0,0,0,1,0,0,1,1,0,1,1,0,3,data_analyst,devops_engineer,-1.8767,1,2,1,1,1,3,2,2,2,0,1,1
SYN-C3-2098,4,network_engineer,1,0,0,1,1,1,0,0,2,1,0,0,1,1,0,0,1,3,1,2,1,1,0,1,0,2,network_engineer,,0.1089,1,2,1,1,1,2,1,1,1,3,3,2
SYN-C3-2099,4,mobile_developer,3,1,1,2,3,1,2,0,2,2,0,2,1,2,2,1,1,1,2,1,0,1,1,0,1,3,software_engineer,,0.506,3,2,2,3,3,2,2,2,2,2,3,2
SYN-C3-2100,3,software_engineer,0,1,1,1,1,1,0,0,1,0,0,1,1,1,1,0,1,1,1,1,0,1,2,0,0,2,network_engineer,data_scientist,-0.6959,1,1,1,1,1,1,1,1,3,2,2,0
SYN-C3-2101,4,business_analyst,0,1,1,0,1,0,2,0,1,0,0,0,0,0,0,0,1,0,0,1,0,1,1,2,1,2,business_analyst,,-1.0511,1,1,1,1,1,1,0,2,2,0,0,1
SYN-C3-2102,3,ui_ux_designer,2,0,1,0,1,1,0,1,3,0,1,0,0,0,0,1,1,1,1,2,2,1,1,0,0,2,qa_engineer,,0.5078,2,3,1,2,0,1,0,1,2,1,1,0
SYN-C3-2103,3,network_engineer,0,1,1,2,0,0,0,0,1,1,1,0,0,0,0,1,0,1,0,0,0,0,0,0,0,1,network_engineer,,-1.1194,0,0,0,0,0,1,0,0,0,1,1,0
SYN-C3-2104,4,cybersecurity_analyst,1,1,0,1,0,1,0,0,1,1,0,0,1,1,0,1,1,2,1,0,1,1,0,0,0,2,cybersecurity_analyst,,-0.7457,1,0,0,0,1,2,1,0,1,3,3,1
SYN-C3-2105,3,ui_ux_designer,0,1,1,1,0,1,0,0,1,0,0,0,0,0,0,0,0,0,0,0,0,1,2,2,1,2,ui_ux_designer,,-0.704,0,1,1,0,0,1,0,2,3,0,0,2
SYN-C3-2106,4,mobile_developer,3,1,1,1,3,2,2,2,3,1,1,2,1,2,1,0,1,1,1,0,1,3,2,2,0,3,mobile_developer,,1.2775,3,3,3,3,2,3,2,2,3,1,2,3
SYN-C3-2107,3,devops_engineer,0,2,0,0,1,0,0,0,0,0,0,0,1,2,2,1,1,1,0,0,0,0,0,0,0,3,devops_engineer,,-0.6567,0,0,0,0,2,0,1,0,0,1,1,0
SYN-C3-2108,4,qa_engineer,2,1,1,2,1,1,0,0,3,0,0,1,0,0,1,0,0,0,0,3,1,1,0,0,0,2,qa_engineer,,-0.5684,2,3,1,1,0,2,1,1,2,0,0,0
SYN-C3-2109,3,business_analyst|cybersecurity_analyst,2,1,2,1,0,1,0,1,3,0,1,0,1,1,1,0,1,1,1,1,0,2,2,3,0,3,business_analyst,cybersecurity_analyst,1.4873,2,2,1,2,1,2,2,3,3,1,2,3
SYN-C3-2110,4,data_scientist,0,0,0,0,0,0,0,1,1,0,0,0,1,1,0,0,0,0,0,1,0,2,0,1,0,2,business_analyst,,-2.247,0,1,0,1,0,1,1,2,1,0,0,1
SYN-C3-2111,3,qa_engineer,1,0,2,0,3,2,1,0,2,1,0,0,1,1,0,2,0,2,1,2,3,3,0,1,0,3,qa_engineer,frontend_engineer,0.8768,2,3,3,2,1,2,1,2,2,2,1,2
SYN-C3-2112,3,mobile_developer,2,0,1,1,2,0,1,1,1,1,0,1,1,0,0,2,1,2,0,0,0,1,1,1,0,2,mobile_developer,,0.6872,2,2,2,3,1,1,0,1,2,2,2,1
SYN-C3-2113,3,cybersecurity_analyst,1,1,1,2,1,1,1,1,1,0,2,0,1,1,0,0,0,2,1,0,0,0,0,1,0,2,cybersecurity_analyst,,-0.0993,1,1,1,1,1,3,2,1,2,2,3,1
SYN-C3-2114,4,mobile_developer,1,1,1,2,1,0,1,1,2,0,0,0,0,0,0,0,0,1,0,0,0,0,1,0,0,2,mobile_developer,,-0.7607,1,1,1,2,1,1,1,0,1,1,1,0
SYN-C3-2115,3,project_coordinator,1,1,0,1,0,0,1,0,0,0,0,0,0,0,0,0,0,0,0,0,0,1,0,1,1,2,project_coordinator,,-1.8811,1,0,0,0,0,0,0,0,1,0,0,2
SYN-C3-2116,4,frontend_engineer,2,2,3,1,2,1,0,0,2,1,1,0,1,1,1,1,1,1,1,1,0,1,1,1,1,2,frontend_engineer,,1.0037,3,2,3,3,2,2,1,2,3,2,2,2
SYN-C3-2117,4,data_analyst,0,1,1,1,3,1,0,0,2,0,2,0,2,0,0,0,2,0,1,1,0,1,0,0,1,3,data_analyst,qa_engineer,-1.0172,1,2,1,1,1,3,2,2,2,1,2,2
SYN-C3-2118,3,devops_engineer,3,1,1,2,2,1,2,0,2,0,0,1,1,2,1,0,2,1,1,2,0,1,1,0,0,1,software_engineer,,0.4093,3,2,2,2,2,2,1,1,2,2,2,0
SYN-C3-2119,3,project_coordinator,0,0,1,2,1,0,0,0,1,0,1,0,0,0,0,1,0,1,0,0,0,1,0,1,1,3,project_coordinator,ui_ux_designer,-0.6731,1,1,1,0,1,1,0,2,2,0,0,3
SYN-C3-2120,3,mobile_developer,2,0,2,0,2,1,1,1,1,1,0,1,0,0,0,1,0,1,1,0,0,1,0,0,0,2,mobile_developer,,0.1978,2,1,2,3,1,0,0,1,2,1,0,0
SYN-C3-2121,3,project_coordinator|business_analyst,1,1,0,2,1,0,0,1,1,1,1,1,1,0,0,0,0,1,0,0,0,2,0,0,2,3,project_coordinator,business_analyst,-0.393,1,2,0,1,0,2,1,3,0,0,1,3
SYN-C3-2122,3,qa_engineer|mobile_developer,3,2,2,2,1,1,0,2,3,2,0,0,1,0,1,1,0,1,0,2,1,2,0,0,0,2,qa_engineer,mobile_developer,0.819,3,3,2,3,1,2,1,1,1,0,1,1
SYN-C3-2123,3,data_scientist|mobile_developer,3,2,1,2,3,0,0,0,3,1,2,2,2,1,0,0,1,2,1,2,1,1,1,1,0,3,data_scientist,mobile_developer,0.8864,2,2,2,2,1,3,3,2,2,3,3,2
SYN-C3-2124,4,devops_engineer|data_analyst,3,0,2,1,3,1,1,0,3,0,1,0,0,0,0,1,1,0,0,0,0,2,0,1,0,2,software_engineer,data_analyst,-0.6728,3,2,1,2,1,2,1,2,2,0,0,2
SYN-C3-2125,4,project_coordinator,0,0,1,1,1,0,0,0,0,0,0,0,1,0,0,1,0,2,0,1,0,2,1,1,2,3,project_coordinator,,-0.4904,1,1,1,0,0,0,0,2,2,1,1,3
SYN-C3-2126,4,software_engineer|devops_engineer,2,1,1,1,3,1,1,0,3,0,0,0,2,1,2,2,2,0,0,1,0,3,1,1,1,3,software_engineer,devops_engineer,-0.2961,3,3,2,2,3,2,2,3,3,1,1,3
SYN-C3-2127,4,cybersecurity_analyst,1,1,1,2,2,1,1,1,2,0,1,0,1,1,1,1,3,2,2,1,1,1,0,0,1,2,cybersecurity_analyst,,0.5227,3,2,2,2,3,2,2,2,2,3,3,1
SYN-C3-2128,3,cybersecurity_analyst|mobile_developer,2,2,1,2,3,0,1,2,2,0,1,0,1,1,0,1,2,1,2,1,1,0,0,0,0,1,cybersecurity_analyst,mobile_developer,0.694,2,1,1,2,1,2,2,0,0,3,3,0
SYN-C3-2129,4,frontend_engineer,1,1,2,1,2,3,0,1,1,0,0,1,2,0,1,0,1,2,1,1,1,2,1,1,0,3,frontend_engineer,data_scientist,0.3726,2,3,3,2,1,3,2,2,3,2,2,2
SYN-C3-2130,3,cybersecurity_analyst,1,2,1,1,0,0,0,0,2,1,2,1,2,0,0,0,0,0,0,0,1,0,0,0,0,2,data_scientist,,-0.3697,1,1,0,1,0,3,2,0,0,0,0,0
SYN-C3-2131,4,cybersecurity_analyst,1,0,0,2,0,0,0,0,1,0,0,0,0,0,0,0,2,1,2,1,0,0,0,0,0,2,cybersecurity_analyst,,-1.3224,1,0,0,0,0,0,0,0,0,3,2,0
SYN-C3-2132,4,data_analyst,1,1,0,1,0,1,0,1,2,1,1,0,1,0,0,0,0,2,0,0,0,1,0,0,1,2,data_analyst,network_engineer,-1.1405,1,1,0,1,0,3,1,1,2,2,2,1
SYN-C3-2133,3,network_engineer|frontend_engineer,1,1,3,2,2,2,1,0,2,0,0,0,1,0,1,0,2,3,1,0,1,1,1,0,0,3,network_engineer,frontend_engineer,0.3512,2,2,3,2,2,2,1,1,2,3,3,1
SYN-C3-2134,4,data_analyst,2,1,0,1,0,0,0,0,1,0,1,0,1,1,0,0,1,0,0,0,0,0,0,2,0,2,data_analyst,,-1.953,0,1,0,1,0,2,1,1,1,1,1,1
SYN-C3-2135,3,qa_engineer,1,0,1,1,1,0,0,0,1,0,1,0,0,0,0,0,0,0,0,0,1,1,0,1,0,1,qa_engineer,,-1.0101,1,2,0,1,0,0,0,0,1,0,0,1
SYN-C3-2136,3,frontend_engineer,1,1,2,1,1,2,0,0,1,1,0,0,1,0,0,1,0,1,0,0,0,2,1,0,0,1,frontend_engineer,,-0.9474,2,1,2,1,0,1,1,1,1,0,0,1
SYN-C3-2137,3,frontend_engineer,1,3,0,2,0,2,1,0,2,0,1,1,2,0,1,2,0,2,0,0,0,1,0,1,0,1,data_scientist,,0.2452,1,0,1,1,1,3,3,1,1,1,0,1
SYN-C3-2138,4,qa_engineer,2,2,0,1,0,1,0,0,2,0,2,0,2,0,0,1,1,0,0,2,0,0,0,2,1,2,data_analyst,,-0.2821,1,1,0,1,0,3,2,2,1,0,0,2
SYN-C3-2139,3,software_engineer|cybersecurity_analyst,2,1,2,3,2,1,2,0,2,1,0,1,1,1,1,1,1,2,1,2,1,1,1,0,0,1,software_engineer,cybersecurity_analyst,0.0166,3,2,3,2,1,2,2,1,2,2,2,0
SYN-C3-2140,4,software_engineer,3,0,2,2,3,1,1,0,3,1,0,1,1,1,0,1,0,1,0,1,0,2,0,0,1,2,software_engineer,,0.2273,3,2,2,3,1,1,2,2,2,1,1,2
SYN-C3-2141,3,data_scientist,1,3,2,2,3,1,0,0,1,1,1,1,2,1,0,2,1,2,2,0,1,0,1,1,0,1,data_scientist,,1.2977,1,1,2,1,2,2,3,1,2,2,3,1
SYN-C3-2142,4,project_coordinator,1,1,3,3,2,2,1,2,2,1,1,1,1,1,1,1,1,2,2,1,1,2,2,2,2,3,project_coordinator,frontend_engineer,1.7429,3,3,3,3,2,3,2,3,3,3,3,3
SYN-C3-2143,3,devops_engineer|cybersecurity_analyst,1,1,2,1,2,1,1,0,1,2,0,1,1,3,1,2,2,2,2,1,1,0,0,1,0,2,devops_engineer,cybersecurity_analyst,1.4534,2,2,2,2,3,2,1,0,1,3,3,1
SYN-C3-2144,4,data_scientist,3,3,1,2,0,1,1,0,3,0,2,2,2,1,0,1,2,0,1,0,0,1,1,1,1,3,data_scientist,data_analyst,0.2936,2,1,1,2,1,3,3,2,2,2,1,3
SYN-C3-2145,3,data_analyst,1,1,1,1,0,2,0,1,1,0,1,1,1,1,1,1,0,2,0,3,2,2,0,1,0,3,qa_engineer,,0.6061,2,3,1,0,1,2,1,2,2,1,1,3
SYN-C3-2146,4,data_analyst,2,1,0,2,1,1,0,0,1,0,0,0,2,0,1,1,2,1,0,0,0,0,1,2,2,2,ui_ux_designer,,0.3669,2,1,1,1,2,2,1,1,2,1,2,2
SYN-C3-2147,3,cybersecurity_analyst,2,2,2,1,1,1,2,1,2,2,1,0,0,0,1,1,1,0,1,0,1,3,0,2,1,3,business_analyst,,1.1748,3,2,1,2,1,2,1,3,2,1,1,3
SYN-C3-2148,4,project_coordinator,1,2,1,2,1,1,1,0,1,0,1,1,0,1,0,0,1,1,1,0,1,3,0,2,1,3,project_coordinator,,0.8791,2,2,2,1,1,2,1,2,2,2,2,3
SYN-C3-2149,4,ui_ux_designer|devops_engineer,0,1,1,1,1,3,0,1,1,1,0,1,1,1,1,1,1,1,0,1,2,1,1,1,0,3,ui_ux_designer,devops_engineer,0.0257,2,2,2,1,1,2,1,2,3,1,1,1
SYN-C3-2150,4,software_engineer|network_engineer,2,1,2,3,2,2,1,1,2,2,1,0,1,2,2,1,1,1,0,2,2,2,0,1,1,3,software_engineer,network_engineer,-0.1448,3,3,3,2,2,3,2,2,2,1,1,3
SYN-C3-2151,3,qa_engineer,1,1,0,0,0,2,0,0,2,0,0,0,0,0,0,0,0,1,0,1,2,0,1,1,0,1,qa_engineer,,-0.7976,0,2,0,0,0,1,0,1,1,0,0,0
SYN-C3-2152,3,data_analyst|project_coordinator,1,1,1,1,1,1,0,0,3,0,1,0,1,0,0,0,0,0,0,0,1,1,1,1,0,2,data_analyst,project_coordinator,-0.1998,1,2,2,1,0,3,1,1,3,0,0,2
SYN-C3-2153,4,data_scientist,1,1,1,2,2,1,0,1,2,0,1,2,3,1,1,1,0,1,1,0,1,2,2,1,0,3,data_scientist,ui_ux_designer,0.2652,2,3,2,2,2,3,3,2,3,2,2,2
SYN-C3-2154,3,project_coordinator,1,0,0,2,0,1,0,1,2,0,1,1,1,1,2,1,0,0,0,0,0,1,0,2,2,2,project_coordinator,,0.5636,1,1,0,0,0,2,2,2,2,1,0,2
SYN-C3-2155,4,mobile_developer|network_engineer,2,1,2,2,1,1,1,3,2,1,0,0,0,1,0,0,1,1,0,1,0,2,1,0,0,2,mobile_developer,network_engineer,-0.941,3,2,2,3,1,2,1,2,2,2,2,2
SYN-C3-2156,4,software_engineer|cybersecurity_analyst,3,0,2,3,2,2,1,0,2,1,1,0,1,1,1,1,2,2,2,2,0,2,1,1,0,3,software_engineer,cybersecurity_analyst,1.184,3,2,3,2,2,2,2,2,3,3,3,2
SYN-C3-2157,3,network_engineer,0,0,0,0,1,1,0,1,0,0,0,0,0,0,0,0,2,1,1,0,1,0,0,0,0,1,network_engineer,,-1.2056,0,0,0,0,0,0,0,0,0,1,1,0
SYN-C3-2158,3,software_engineer,3,1,1,1,2,1,2,0,3,0,0,0,1,1,1,0,1,1,0,0,0,1,0,2,0,2,software_engineer,,-0.2371,3,2,2,2,2,2,1,1,2,1,1,2
SYN-C3-2159,4,frontend_engineer,0,1,2,2,1,2,1,1,2,0,0,0,1,0,0,0,0,1,0,1,0,1,1,1,1,2,frontend_engineer,,-0.4461,2,2,3,2,0,2,1,2,3,1,1,2
SYN-C3-2160,3,frontend_engineer|network_engineer,0,0,1,2,1,2,1,0,0,0,0,0,1,0,0,1,0,1,1,0,1,1,1,0,0,2,frontend_engineer,network_engineer,0.1448,1,1,3,1,1,0,0,0,2,1,1,1
SYN-C3-2161,4,software_engineer,3,3,3,3,3,2,2,1,3,1,1,1,0,2,2,1,2,1,1,1,1,2,1,0,2,2,software_engineer,,2.198,3,2,3,3,3,2,2,2,2,2,3,3
SYN-C3-2162,3,mobile_developer,3,1,1,1,2,2,1,3,2,1,0,0,0,0,1,1,0,1,1,0,1,0,1,0,1,2,mobile_developer,,0.6217,2,1,2,3,1,1,1,1,2,1,1,1
SYN-C3-2163,4,mobile_developer,0,0,2,2,0,2,2,1,1,0,1,0,1,1,0,1,0,1,1,0,1,1,2,1,0,2,ui_ux_designer,,0.1079,2,1,2,1,1,2,1,2,3,1,1,1
SYN-C3-2164,3,software_engineer|mobile_developer,2,1,1,2,2,2,1,0,1,0,0,0,0,2,0,1,0,1,0,1,0,3,0,0,0,2,software_engineer,mobile_developer,-0.8198,3,2,2,2,1,1,1,1,2,1,1,1
SYN-C3-2165,3,project_coordinator,2,0,1,1,0,0,0,0,1,0,1,0,1,1,0,1,0,1,0,0,0,2,0,1,0,2,project_coordinator,,-0.4975,1,1,0,1,0,2,1,2,1,1,1,2
SYN-C3-2166,3,data_analyst|qa_engineer,0,1,0,1,1,0,1,0,3,0,1,1,1,0,1,1,1,0,0,1,0,1,0,1,1,1,data_analyst,qa_engineer,-0.3342,1,1,0,1,1,2,2,2,1,0,0,2
SYN-C3-2167,4,mobile_developer|network_engineer,3,2,2,2,2,1,1,3,2,0,0,0,0,1,0,0,1,1,1,2,1,2,1,0,0,3,mobile_developer,network_engineer,-0.0556,3,3,3,3,1,1,1,1,2,2,2,1
SYN-C3-2168,3,data_analyst,1,1,0,2,0,1,0,0,3,0,1,2,0,0,0,0,1,0,0,0,0,1,0,1,0,2,data_analyst,,-0.612,1,1,0,0,0,3,1,1,2,0,1,2
SYN-C3-2169,3,software_engineer,3,1,2,1,1,0,1,0,2,1,0,0,0,1,0,0,0,1,0,0,1,1,0,0,0,2,software_engineer,,-0.8271,2,2,1,2,0,1,1,0,1,0,1,0
SYN-C3-2170,3,ui_ux_designer,2,0,1,0,0,1,0,0,1,0,0,0,1,0,0,0,0,1,0,0,0,2,2,0,0,3,ui_ux_designer,,-0.2862,1,2,1,1,0,0,0,1,3,0,0,1
SYN-C3-2171,4,software_engineer,3,0,1,1,1,1,2,0,1,1,1,0,0,0,1,0,0,0,1,0,0,1,0,0,0,1,software_engineer,,-0.8986,2,1,1,1,0,0,0,1,2,0,0,1
SYN-C3-2172,3,software_engineer,1,0,1,1,0,1,0,0,3,0,0,0,0,0,0,0,0,0,0,1,0,1,0,1,0,3,software_engineer,business_analyst,-1.2816,1,1,1,1,0,1,0,2,2,0,0,1
SYN-C3-2173,3,mobile_developer,1,1,1,3,1,0,1,0,2,0,1,0,1,1,1,1,0,1,0,1,0,1,0,0,0,2,software_engineer,data_scientist,-0.7796,3,2,1,1,2,2,2,1,1,1,1,1
SYN-C3-2174,3,software_engineer,3,0,3,2,1,2,1,0,3,1,1,0,1,1,1,0,0,1,1,0,0,1,0,0,1,2,software_engineer,,0.9238,3,1,2,2,1,2,2,1,1,2,1,1
SYN-C3-2175,3,business_analyst|project_coordinator,1,1,0,1,0,1,0,0,3,1,0,0,1,0,1,0,0,1,0,1,0,3,1,3,0,3,business_analyst,project_coordinator,0.4248,1,2,1,1,0,2,1,3,2,0,1,3
SYN-C3-2176,4,business_analyst|network_engineer,2,0,0,2,1,0,0,1,1,0,2,0,0,2,0,0,2,2,1,0,0,2,1,1,0,3,business_analyst,network_engineer,-0.4972,1,2,1,2,2,1,1,3,2,3,2,3
SYN-C3-2177,4,project_coordinator|qa_engineer,2,2,2,3,1,1,1,0,2,1,1,0,2,1,1,2,1,3,0,1,1,3,1,1,3,3,project_coordinator,qa_engineer,1.1566,3,3,2,3,1,3,2,3,3,2,3,3
SYN-C3-2178,4,qa_engineer,2,1,1,0,2,1,1,0,1,0,1,1,1,1,1,1,1,2,0,3,1,2,1,1,1,2,qa_engineer,,0.2384,2,3,2,2,2,2,2,3,3,1,2,3
SYN-C3-2179,4,data_analyst,3,2,1,3,1,1,1,1,3,1,2,0,2,1,0,0,1,1,1,0,2,0,0,0,0,2,data_analyst,software_engineer,0.1947,2,2,1,1,1,3,2,0,1,2,2,0
SYN-C3-2180,3,qa_engineer|data_analyst,2,1,1,0,2,1,0,1,3,0,0,0,2,1,1,1,0,1,0,2,1,1,0,1,0,3,qa_engineer,data_analyst,0.6519,2,3,1,2,1,2,1,1,2,1,1,1
SYN-C3-2181,3,business_analyst,2,0,0,1,1,0,0,0,1,0,0,0,0,1,1,0,0,1,0,0,0,2,1,1,0,3,business_analyst,mobile_developer,-0.8442,1,2,1,2,1,1,0,2,1,1,1,3
SYN-C3-2182,3,project_coordinator|qa_engineer,2,1,2,1,0,2,0,0,1,1,1,1,1,0,1,0,1,1,1,1,0,2,0,2,2,3,project_coordinator,qa_engineer,0.561,2,2,1,1,1,2,1,3,3,1,1,3
SYN-C3-2183,3,devops_engineer,2,1,0,1,2,1,0,0,3,0,1,1,1,0,2,2,2,1,1,1,1,1,1,1,0,3,devops_engineer,data_analyst,0.5624,2,2,1,1,3,3,2,2,2,2,2,2
SYN-C3-2184,4,frontend_engineer,2,0,1,1,2,3,1,0,0,1,1,1,2,1,1,2,1,1,0,1,0,2,1,1,0,2,frontend_engineer,,0.4406,3,2,3,2,1,1,2,2,3,1,1,2
SYN-C3-2185,3,software_engineer,2,0,1,1,1,1,1,0,1,0,0,0,0,0,1,0,0,0,0,1,0,1,0,0,0,2,software_engineer,,-1.0839,3,1,1,2,0,1,0,1,2,0,0,1
SYN-C3-2186,3,business_analyst,1,0,2,1,0,0,0,0,2,0,0,1,0,0,0,0,0,1,0,0,1,2,0,2,0,2,business_analyst,,-0.0177,1,2,1,1,0,2,1,2,1,0,0,1
SYN-C3-2187,3,frontend_engineer|project_coordinator,1,0,2,3,2,2,0,0,2,1,2,0,0,0,0,0,0,0,0,1,0,3,1,1,1,2,frontend_engineer,project_coordinator,-0.1003,2,2,3,2,0,2,1,3,3,0,0,3
SYN-C3-2188,3,software_engineer,3,0,1,1,2,0,0,0,2,0,0,0,1,0,1,0,1,0,0,0,0,1,0,0,0,2,software_engineer,mobile_developer,-1.4071,3,2,1,2,1,1,0,1,1,1,0,1
SYN-C3-2189,3,software_engineer,3,1,2,3,3,3,2,0,3,1,0,0,1,1,0,2,0,3,1,3,0,2,2,1,1,3,software_engineer,,2.0711,3,2,3,3,1,2,1,2,3,3,2,3
SYN-C3-2190,3,cybersecurity_analyst|network_engineer,0,0,0,1,1,0,0,0,2,0,1,0,0,0,0,1,2,2,2,0,0,0,1,0,0,2,cybersecurity_analyst,network_engineer,-0.2363,0,0,0,1,1,1,1,1,0,3,3,0
SYN-C3-2191,3,network_engineer,1,2,1,1,1,0,0,0,3,0,2,1,2,0,1,0,1,1,1,1,0,1,1,2,1,3,data_analyst,business_analyst,0.5463,1,2,1,1,1,3,2,3,1,2,2,3
SYN-C3-2192,3,network_engineer,3,2,1,2,3,1,2,2,3,2,0,0,0,1,0,0,1,2,2,1,0,2,2,1,0,2,software_engineer,network_engineer,1.212,3,2,2,3,1,2,1,1,3,3,3,2
SYN-C3-2193,4,business_analyst,1,1,1,1,1,0,0,1,2,1,1,1,0,0,0,0,1,2,0,2,0,2,1,1,0,3,business_analyst,,0.0297,1,2,1,2,1,3,1,3,2,1,2,3
SYN-C3-2194,3,frontend_engineer,0,1,2,0,2,2,0,0,0,0,0,0,0,0,0,0,0,0,0,0,0,0,1,0,0,1,frontend_engineer,,-2.6065,0,0,2,0,0,0,0,0,1,0,0,0
SYN-C3-2195,4,business_analyst|cybersecurity_analyst,0,1,1,2,0,2,1,0,2,1,2,0,0,1,0,1,1,1,0,2,0,2,1,2,1,3,business_analyst,cybersecurity_analyst,0.3234,2,2,2,1,1,2,1,3,2,1,1,3
SYN-C3-2196,3,devops_engineer,1,2,0,0,1,1,0,1,0,1,0,1,0,3,3,0,3,2,1,1,1,1,0,0,0,2,devops_engineer,,0.8461,1,1,0,1,3,0,0,0,2,2,3,0
SYN-C3-2197,3,network_engineer|devops_engineer,2,1,2,2,3,2,1,1,1,2,0,1,1,1,1,0,3,3,1,1,0,2,1,2,1,3,network_engineer,devops_engineer,1.0049,3,2,3,3,3,2,1,3,3,3,3,3
SYN-C3-2198,4,mobile_developer|frontend_engineer,3,0,3,2,3,1,1,1,3,1,0,1,0,0,0,1,1,1,1,1,1,2,2,0,1,3,mobile_developer,frontend_engineer,-0.038,3,2,3,3,1,1,1,2,3,1,1,2
SYN-C3-2199,3,devops_engineer,0,1,0,0,2,0,0,0,0,0,0,0,0,1,3,1,1,0,0,1,0,1,0,0,0,1,devops_engineer,,-0.9128,1,0,0,0,2,0,0,0,0,0,0,0
SYN-C3-2200,3,frontend_engineer,0,0,0,0,2,1,0,0,0,0,0,0,0,0,0,0,0,1,0,0,0,0,1,0,0,1,frontend_engineer,,-1.7273,0,0,1,0,0,0,0,0,1,0,0,0
SYN-C3-2201,3,qa_engineer|software_engineer,3,2,1,3,2,1,1,0,3,2,0,1,1,1,0,1,2,2,0,2,3,1,1,1,0,3,qa_engineer,software_engineer,1.1718,3,3,2,3,2,2,2,2,3,3,2,2
SYN-C3-2202,3,software_engineer,3,0,3,1,2,1,1,0,2,0,0,0,0,2,0,1,1,2,0,0,0,1,0,0,1,2,software_engineer,,0.2415,3,1,2,2,2,1,0,1,2,1,2,1
SYN-C3-2203,3,cybersecurity_analyst,1,0,1,1,2,1,0,0,0,0,0,0,1,1,0,0,1,1,1,0,0,2,0,0,0,2,cybersecurity_analyst,,-1.1185,1,1,1,1,1,0,0,0,2,1,2,1
SYN-C3-2204,4,data_scientist,0,2,0,2,1,1,0,0,2,1,1,2,3,0,1,0,0,1,1,2,1,1,1,0,1,2,data_scientist,,-0.2597,1,2,2,1,1,3,3,2,2,0,1,2
SYN-C3-2205,3,ui_ux_designer|data_analyst,0,0,1,1,0,1,0,0,2,0,0,0,1,1,1,0,0,1,0,0,0,2,2,2,1,2,ui_ux_designer,data_analyst,0.0889,1,1,1,1,1,2,1,3,3,1,0,2
SYN-C3-2206,3,data_analyst,1,1,1,1,0,0,0,0,1,0,1,0,1,0,0,0,0,0,0,0,0,2,0,1,0,1,data_analyst,,-1.325,0,1,0,0,0,2,0,1,2,0,0,2
SYN-C3-2207,4,project_coordinator,2,1,0,0,0,1,0,0,1,0,0,1,1,1,1,1,0,1,0,0,1,2,0,2,2,2,project_coordinator,,-0.6544,1,2,0,1,1,1,1,2,2,1,1,3
SYN-C3-2208,3,network_engineer,0,2,1,2,2,0,0,0,2,1,1,1,2,0,0,1,1,0,0,0,0,1,0,0,0,2,data_scientist,,-0.1871,2,1,1,1,1,3,3,1,1,1,1,1
SYN-C3-2209,3,business_analyst,1,0,0,2,0,0,0,0,0,0,0,1,0,0,0,0,0,0,0,2,0,1,0,1,0,3,business_analyst,,-1.4569,1,1,0,0,0,1,0,1,1,0,0,2
SYN-C3-2210,4,business_analyst,1,2,1,1,1,1,0,1,2,1,1,2,1,1,0,0,0,1,0,2,1,1,1,3,1,2,business_analyst,,0.9304,2,3,2,2,1,3,2,3,3,1,1,2
SYN-C3-2211,3,software_engineer,3,0,0,2,1,0,1,0,2,0,0,0,0,1,0,1,0,0,0,1,0,1,0,1,0,1,software_engineer,,-0.6542,3,2,0,1,0,1,1,1,1,0,0,1
SYN-C3-2212,3,data_analyst|data_scientist,0,2,0,1,0,1,0,0,3,0,1,1,1,0,0,0,0,0,0,0,0,0,1,0,0,2,data_analyst,data_scientist,-1.0581,0,0,0,0,0,3,2,0,2,0,0,0
SYN-C3-2213,4,data_scientist,2,2,1,1,2,0,0,0,2,0,1,2,1,0,0,0,0,0,0,0,0,1,0,0,0,1,data_scientist,,-0.7707,1,1,1,1,0,2,2,0,1,0,0,1
SYN-C3-2214,3,project_coordinator,2,1,0,0,1,0,0,1,0,0,1,0,0,0,0,0,1,1,0,0,0,1,0,1,2,3,project_coordinator,,-0.4435,0,0,0,1,1,1,0,1,1,0,1,3
SYN-C3-2215,3,frontend_engineer|project_coordinator,2,1,2,2,2,3,1,1,2,0,1,1,1,1,1,0,2,1,0,2,1,3,2,2,0,3,frontend_engineer,project_coordinator,2.0584,3,3,3,3,2,3,2,3,3,2,2,3
SYN-C3-2216,3,business_analyst,1,0,0,1,0,0,0,0,1,0,0,1,0,0,0,0,0,0,0,1,0,1,0,2,0,3,business_analyst,,-1.1275,0,1,0,0,0,1,0,2,1,0,0,1
SYN-C3-2217,3,devops_engineer|mobile_developer,1,1,1,0,1,1,0,1,0,0,0,0,0,0,1,1,1,1,0,0,0,1,0,0,0,2,devops_engineer,mobile_developer,-0.5834,1,1,1,1,2,0,0,0,1,1,0,0
SYN-C3-2218,3,ui_ux_designer,0,0,2,1,1,1,0,0,1,0,0,0,1,0,1,0,0,1,0,0,0,2,2,1,1,2,ui_ux_designer,,-0.1492,1,2,2,1,0,1,0,2,3,0,0,3
SYN-C3-2219,4,qa_engineer,2,1,1,2,2,1,1,1,3,1,0,1,2,0,2,1,1,1,0,3,1,3,1,1,1,2,qa_engineer,,0.2585,3,3,2,3,2,3,2,2,2,1,1,2
SYN-C3-2220,3,devops_engineer,0,1,0,1,0,0,0,0,0,0,0,0,1,0,1,2,0,1,0,0,0,1,0,0,0,1,devops_engineer,,-1.2877,0,0,0,0,1,0,0,0,0,0,0,0
SYN-C3-2221,4,business_analyst,1,1,1,2,1,1,1,0,3,2,1,0,1,1,0,1,1,1,1,1,0,3,1,3,1,3,business_analyst,network_engineer,-0.2786,2,2,2,2,1,3,2,3,3,2,2,3
SYN-C3-2222,4,data_analyst,0,2,0,1,1,1,1,1,3,0,2,1,0,0,0,0,0,1,1,1,0,1,0,2,1,3,data_analyst,,-0.1531,1,1,1,1,0,3,2,3,2,1,1,3
SYN-C3-2223,4,data_analyst,1,3,1,1,1,0,0,0,2,0,3,1,1,1,2,1,1,1,1,0,1,2,0,1,0,3,data_analyst,devops_engineer,-0.5457,2,2,1,1,2,3,3,2,1,2,2,3
SYN-C3-2224,4,devops_engineer,1,1,1,1,3,1,2,1,2,0,0,1,1,1,2,2,2,2,1,0,2,1,1,0,0,2,devops_engineer,,0.6594,2,2,2,2,3,2,1,1,2,3,3,0
SYN-C3-2225,4,qa_engineer,1,1,1,1,1,1,0,0,2,0,0,0,0,1,0,0,1,1,1,3,1,2,1,0,0,3,qa_engineer,,-0.2123,2,3,2,1,2,1,1,2,2,2,2,1
SYN-C3-2226,3,frontend_engineer,2,2,1,2,1,2,1,0,2,1,1,1,2,1,0,0,1,3,1,1,0,2,1,0,1,3,network_engineer,,2.3205,3,2,2,2,1,3,3,3,2,3,3,2
SYN-C3-2227,4,qa_engineer|ui_ux_designer,2,0,1,1,1,1,1,1,1,0,1,1,1,0,2,1,2,1,0,2,2,2,1,0,0,3,qa_engineer,ui_ux_designer,0.6614,2,3,2,2,1,1,1,2,2,2,2,2
SYN-C3-2228,3,data_scientist|project_coordinator,1,1,3,2,2,3,1,2,1,0,0,0,0,0,0,1,2,1,1,1,0,2,1,0,1,1,frontend_engineer,project_coordinator,-0.2112,2,2,3,3,2,0,0,2,1,2,2,2
SYN-C3-2229,4,business_analyst,1,0,0,1,1,1,0,0,1,0,1,0,2,0,0,0,1,2,0,0,0,2,0,2,1,3,business_analyst,,-0.4636,0,1,1,1,1,2,1,3,2,2,1,3
SYN-C3-2230,3,project_coordinator,1,0,0,0,0,0,1,0,0,0,0,0,0,0,0,0,0,0,0,0,0,1,0,1,1,3,project_coordinator,,-1.3778,0,1,0,1,0,0,0,1,1,0,0,2
SYN-C3-2231,3,software_engineer,3,1,2,1,2,2,2,2,2,1,1,0,0,2,1,1,0,2,0,1,1,3,0,1,1,3,software_engineer,mobile_developer,0.6065,3,3,3,3,2,2,1,3,2,1,2,3
SYN-C3-2232,4,cybersecurity_analyst|mobile_developer,2,1,0,0,1,1,0,0,1,1,0,0,0,1,0,0,1,2,1,0,0,1,0,0,0,1,cybersecurity_analyst,mobile_developer,-1.326,1,1,0,1,1,1,0,0,1,1,2,0
SYN-C3-2233,3,software_engineer,2,1,2,1,2,2,2,0,3,1,0,0,1,1,0,2,0,1,0,0,0,1,1,2,0,2,software_engineer,,0.0356,3,2,3,3,2,2,1,1,2,1,1,1
SYN-C3-2234,4,devops_engineer,2,2,1,1,2,1,1,2,2,1,0,1,1,2,2,3,3,2,2,1,2,1,1,2,0,3,devops_engineer,,1.0325,3,2,2,3,3,2,2,2,3,3,3,2
SYN-C3-2235,3,qa_engineer,2,1,2,1,2,0,0,1,3,0,1,1,2,0,0,0,0,0,0,1,1,0,1,0,0,3,qa_engineer,data_scientist,-0.69,1,2,1,2,0,2,2,1,1,0,0,1
SYN-C3-2236,4,software_engineer|data_scientist,3,1,2,3,2,3,1,1,3,2,1,2,2,1,1,0,1,1,0,0,0,2,0,1,1,3,software_engineer,data_scientist,0.5623,3,2,3,3,1,3,3,2,2,1,2,3
SYN-C3-2237,3,mobile_developer|qa_engineer,1,0,1,0,2,1,1,1,1,0,0,0,0,1,0,0,1,0,0,1,1,3,0,0,0,2,mobile_developer,qa_engineer,-0.4603,1,2,2,3,1,0,0,1,2,0,0,1
SYN-C3-2238,3,network_engineer,1,0,1,1,1,1,0,0,0,0,0,0,1,1,0,0,0,2,1,1,1,1,0,0,1,1,network_engineer,,-0.3323,1,1,1,0,0,0,0,0,1,2,1,1
SYN-C3-2239,4,network_engineer,2,0,0,1,2,1,1,2,1,1,1,0,2,2,1,1,2,3,2,2,1,1,0,2,2,2,network_engineer,,1.2037,2,2,2,3,3,2,2,3,2,3,3,3
SYN-C3-2240,4,network_engineer,1,2,1,1,1,1,1,0,2,1,1,0,2,1,0,1,1,3,1,1,1,0,1,0,0,3,network_engineer,,0.17,2,2,1,2,1,3,2,1,1,3,2,1
SYN-C3-2241,3,network_engineer,1,1,1,1,1,0,0,0,2,1,0,0,1,1,0,1,0,2,1,1,0,1,1,0,1,2,network_engineer,,1.15,2,2,1,1,2,2,1,2,1,2,2,1
SYN-C3-2242,3,devops_engineer,1,2,1,1,2,1,0,0,0,0,1,1,1,1,1,1,2,1,2,0,0,2,0,0,0,1,devops_engineer,,1.0494,1,1,1,1,2,1,2,1,1,2,2,1
SYN-C3-2243,4,network_engineer,2,2,1,2,1,2,1,0,1,1,1,1,3,1,1,0,2,3,2,2,1,2,1,1,0,2,network_engineer,,1.0887,3,3,2,2,2,2,2,3,2,3,3,2
SYN-C3-2244,3,ui_ux_designer|devops_engineer,3,2,0,0,2,1,0,0,2,0,1,1,1,3,1,1,1,2,0,2,1,2,1,0,0,3,qa_engineer,devops_engineer,0.4406,2,3,1,2,2,2,2,2,1,1,2,1
SYN-C3-2245,3,software_engineer,1,0,1,2,2,2,1,0,1,1,0,0,0,1,0,0,0,1,0,1,0,0,0,1,0,2,software_engineer,,-0.9458,2,2,1,2,0,1,0,1,2,1,1,0
SYN-C3-2246,3,cybersecurity_analyst,1,2,0,1,1,1,0,0,1,0,0,0,0,0,1,1,1,2,1,0,0,0,0,0,0,1,cybersecurity_analyst,data_scientist,-1.1433,0,0,0,0,1,0,1,0,0,1,2,0
SYN-C3-2247,3,devops_engineer,0,2,0,1,3,1,0,1,1,0,0,1,0,1,1,2,2,2,0,1,0,1,0,0,0,2,devops_engineer,,-0.2357,1,1,1,1,3,1,1,1,2,2,2,0
SYN-C3-2248,4,qa_engineer,3,2,0,1,2,0,0,1,2,1,1,1,1,1,1,0,1,1,1,2,2,2,0,0,1,3,qa_engineer,,0.1093,2,3,1,2,2,2,2,2,1,2,2,2
SYN-C3-2249,4,network_engineer,1,1,0,1,1,0,0,1,1,1,0,0,1,1,0,1,2,1,2,1,0,1,0,0,1,2,network_engineer,,0.2998,1,1,0,2,2,1,1,1,1,3,3,1
SYN-C3-2250,3,devops_engineer,2,0,0,1,1,0,0,1,0,0,1,0,0,1,0,2,2,1,0,0,0,1,1,0,0,1,devops_engineer,,-1.4143,1,0,1,1,2,0,0,0,0,1,1,0
SYN-C3-2251,4,cybersecurity_analyst|frontend_engineer,3,3,1,2,2,3,2,0,2,1,1,2,1,1,0,1,2,2,3,1,1,1,0,2,1,3,cybersecurity_analyst,frontend_engineer,1.8161,3,2,3,2,2,3,3,2,2,3,3,2
SYN-C3-2252,4,devops_engineer,2,2,2,1,1,0,1,0,2,0,0,0,2,3,1,2,2,0,1,1,0,1,0,0,0,3,devops_engineer,,-0.0346,2,2,1,2,3,2,2,1,1,1,2,1
SYN-C3-2253,3,project_coordinator,0,1,0,1,0,0,0,0,1,0,1,0,1,0,0,0,0,1,0,1,0,2,0,2,0,2,project_coordinator,,0.1647,0,1,0,0,0,2,1,2,1,1,1,3
SYN-C3-2254,3,software_engineer,3,0,1,1,0,1,1,0,3,0,0,0,0,0,0,0,0,1,1,1,0,1,0,0,0,1,software_engineer,,-0.7137,2,1,1,1,0,1,0,1,2,0,0,0
SYN-C3-2255,4,project_coordinator,0,2,1,2,0,2,0,1,0,0,1,0,0,1,0,1,1,0,1,1,0,3,0,1,2,3,project_coordinator,,0.047,1,1,1,0,1,1,0,3,2,2,1,3
SYN-C3-2256,4,data_scientist,0,1,0,1,1,1,1,0,2,1,0,0,1,0,0,0,1,1,1,1,0,1,1,2,0,3,business_analyst,,-0.7935,1,2,2,1,1,2,1,3,2,2,1,1
SYN-C3-2257,4,ui_ux_designer|qa_engineer,1,2,1,2,2,2,0,1,2,1,0,0,2,0,0,1,0,2,0,2,2,1,2,2,0,3,ui_ux_designer,qa_engineer,0.6819,2,3,2,2,1,3,1,2,3,1,2,1
SYN-C3-2258,3,devops_engineer,0,0,0,0,1,0,0,1,1,0,0,0,1,2,0,1,0,0,0,0,0,1,0,0,0,0,devops_engineer,,-2.0667,0,0,0,0,1,0,0,0,0,0,0,0
SYN-C3-2259,4,mobile_developer|qa_engineer,2,0,1,1,1,0,0,0,1,0,0,1,0,0,0,0,0,1,0,1,1,1,1,1,0,2,mobile_developer,qa_engineer,-2.2154,1,2,1,2,0,1,0,1,2,0,0,1
SYN-C3-2260,4,software_engineer,2,1,2,2,2,2,1,1,3,2,1,1,1,0,2,1,2,1,1,1,0,1,0,0,1,3,software_engineer,cybersecurity_analyst,0.0644,3,2,2,3,2,2,2,2,2,2,2,2
SYN-C3-2261,3,qa_engineer,1,0,0,0,0,0,0,0,1,0,0,0,0,0,0,0,0,1,0,1,1,1,0,0,1,2,qa_engineer,,-1.752,0,2,0,0,0,0,0,1,1,0,0,1
SYN-C3-2262,3,cybersecurity_analyst,1,3,1,2,2,1,1,1,1,0,0,0,0,1,1,0,1,2,2,0,0,1,0,0,1,2,cybersecurity_analyst,,0.2388,2,2,2,2,2,1,1,1,2,3,3,2
SYN-C3-2263,4,qa_engineer,3,1,0,1,1,1,0,1,2,1,1,0,1,1,0,0,2,1,0,3,2,2,0,1,0,3,qa_engineer,,0.1942,1,3,1,2,2,3,1,2,1,2,2,2
SYN-C3-2264,4,project_coordinator|frontend_engineer,2,1,1,1,1,0,0,1,0,0,0,1,1,0,0,0,0,0,0,0,0,2,0,1,2,3,project_coordinator,frontend_engineer,-1.1856,1,2,1,1,0,2,1,2,2,0,0,3
SYN-C3-2265,4,mobile_developer,2,2,2,2,2,0,1,2,2,0,0,1,1,1,1,0,1,1,0,0,0,3,1,1,1,3,mobile_developer,project_coordinator,0.5145,2,3,2,3,2,3,2,2,2,1,1,3
SYN-C3-2266,3,qa_engineer,2,1,2,2,1,2,1,0,2,1,0,0,0,1,1,1,1,2,2,1,1,2,2,2,2,3,frontend_engineer,business_analyst,1.3565,3,2,3,3,2,2,1,3,3,3,3,3
SYN-C3-2267,3,qa_engineer,1,0,0,1,1,0,1,0,1,1,1,1,1,0,1,1,1,0,0,1,2,1,0,1,1,3,qa_engineer,cybersecurity_analyst,-0.2182,2,3,0,1,0,1,1,2,1,1,0,3
SYN-C3-2268,3,cybersecurity_analyst|project_coordinator,1,1,1,2,1,1,0,1,1,0,1,0,1,2,1,1,2,2,1,1,0,1,1,2,1,3,cybersecurity_analyst,project_coordinator,0.3523,2,2,2,2,2,2,1,3,3,3,3,3
SYN-C3-2269,3,software_engineer,1,0,0,1,0,1,1,0,1,0,0,0,0,0,1,1,0,0,0,0,0,1,0,0,0,0,software_engineer,,-2.1456,1,0,0,0,0,0,0,0,0,0,0,0
SYN-C3-2270,4,frontend_engineer|project_coordinator,1,1,2,2,3,2,0,0,1,0,2,0,1,0,1,0,0,1,1,1,2,2,2,1,1,3,frontend_engineer,project_coordinator,-0.2573,3,3,3,1,2,2,1,3,3,1,1,3
SYN-C3-2271,3,mobile_developer|data_scientist,2,2,1,2,3,0,2,2,1,2,1,1,1,1,2,2,0,1,1,0,1,3,1,2,0,3,mobile_developer,data_scientist,1.7428,2,3,2,3,2,2,2,3,2,2,1,2
SYN-C3-2272,4,cybersecurity_analyst|data_analyst,1,1,2,3,1,2,1,0,2,0,1,1,2,0,1,1,3,2,2,1,1,1,1,1,1,3,cybersecurity_analyst,data_analyst,1.0887,2,2,3,2,2,3,2,3,2,3,3,2
SYN-C3-2273,3,software_engineer|ui_ux_designer,3,0,2,2,3,1,2,0,1,1,0,0,1,0,0,1,0,0,1,1,0,1,1,1,0,3,software_engineer,ui_ux_designer,0.1417,3,2,2,3,0,1,1,2,3,0,0,2
SYN-C3-2274,3,software_engineer,2,0,1,2,2,1,1,0,2,1,0,0,0,1,0,1,0,0,0,1,0,2,0,0,0,2,software_engineer,,-0.3913,3,2,2,2,0,1,1,1,2,1,0,2
SYN-C3-2275,4,frontend_engineer,1,2,2,3,2,2,0,1,1,1,0,0,1,0,0,0,1,0,0,1,1,2,1,1,1,3,frontend_engineer,project_coordinator,-0.5248,2,3,3,2,1,2,1,3,3,0,1,3
SYN-C3-2276,3,software_engineer|project_coordinator,3,1,2,2,2,3,2,0,2,1,1,0,0,0,0,1,0,1,1,1,0,2,0,0,0,2,software_engineer,project_coordinator,0.1239,3,2,3,2,1,2,1,2,2,1,1,2
SYN-C3-2277,4,business_analyst|data_analyst,0,1,0,1,1,0,0,0,3,0,2,0,0,1,0,0,0,1,0,1,0,1,0,2,0,3,business_analyst,data_analyst,-1.2208,1,1,0,0,1,3,1,3,1,1,1,2
SYN-C3-2278,3,business_analyst,1,1,0,1,1,0,0,0,2,0,1,0,0,0,0,0,1,1,0,1,0,2,0,2,0,2,business_analyst,cybersecurity_analyst,-0.4218,1,2,0,1,0,2,1,3,1,1,1,2
SYN-C3-2279,4,data_analyst,0,2,0,0,1,0,1,0,3,1,2,1,1,1,1,1,1,1,0,0,1,1,1,2,0,3,data_analyst,business_analyst,-0.3713,2,2,1,1,2,3,2,3,2,1,1,1
SYN-C3-2280,3,data_analyst|data_scientist,1,2,1,2,0,1,1,0,3,0,2,0,2,2,0,0,0,0,1,1,0,0,1,2,0,3,data_analyst,data_scientist,0.4886,1,1,1,1,0,3,2,2,2,1,1,1
SYN-C3-2281,4,qa_engineer|network_engineer,2,0,1,1,1,0,0,0,2,0,1,0,0,0,0,0,1,1,1,3,1,2,0,1,1,2,qa_engineer,network_engineer,-0.8802,1,3,1,1,0,1,1,2,2,1,1,2
SYN-C3-2282,3,data_scientist|frontend_engineer,1,3,2,2,3,1,1,0,3,0,3,1,2,0,1,0,2,1,0,0,0,1,0,1,0,2,data_scientist,frontend_engineer,0.4403,2,2,2,1,1,3,3,1,2,1,2,1
SYN-C3-2283,3,data_analyst,1,0,1,1,3,1,1,0,2,1,0,0,1,1,2,0,1,0,1,0,0,2,0,0,0,3,software_engineer,project_coordinator,-0.918,3,2,2,2,1,1,1,1,2,1,1,2
SYN-C3-2284,3,software_engineer|business_analyst,3,1,3,1,3,2,2,1,3,1,0,1,2,1,1,2,2,2,1,2,0,2,1,2,1,3,software_engineer,business_analyst,1.6619,3,3,3,3,2,3,2,3,2,3,2,3
SYN-C3-2285,3,ui_ux_designer,1,1,0,1,1,2,1,1,1,0,1,0,0,0,0,0,1,0,1,0,0,1,2,1,1,3,ui_ux_designer,,0.7,1,2,2,2,1,2,1,2,3,1,1,3
SYN-C3-2286,3,qa_engineer,2,1,3,2,2,0,1,1,2,0,0,0,1,0,2,0,1,1,0,3,2,1,0,1,1,3,qa_engineer,,0.4518,2,3,2,3,1,2,1,2,1,1,1,3
SYN-C3-2287,4,qa_engineer|devops_engineer,2,0,2,1,2,0,0,1,2,0,0,0,1,2,1,0,1,2,0,3,3,3,1,2,1,3,qa_engineer,devops_engineer,0.136,2,3,2,2,2,1,1,3,2,2,2,3
SYN-C3-2288,4,software_engineer|network_engineer,1,1,2,2,2,3,1,0,2,1,1,1,2,1,1,0,1,3,2,0,0,3,3,1,3,2,frontend_engineer,network_engineer,0.3892,3,2,3,3,2,3,2,2,3,3,3,3
SYN-C3-2289,3,data_scientist,1,1,2,1,2,0,0,1,1,0,0,2,2,1,0,0,0,0,0,1,0,1,0,0,0,2,data_scientist,,-1.1736,2,1,1,2,1,2,2,1,1,1,1,1
SYN-C3-2290,3,mobile_developer,2,0,1,1,1,0,0,2,2,0,0,1,1,0,0,0,0,1,0,0,0,1,1,0,0,2,mobile_developer,,0.1073,2,2,1,3,0,1,1,1,1,0,0,1
SYN-C3-2291,4,software_engineer,2,0,2,3,1,1,1,0,1,1,0,1,1,0,0,1,0,1,1,1,0,2,1,1,1,3,software_engineer,,-0.5671,3,2,2,3,1,1,1,3,3,1,1,3
SYN-C3-2292,3,mobile_developer,1,1,0,0,0,0,0,1,0,0,0,0,0,0,0,0,0,0,0,0,0,0,0,0,0,1,mobile_developer,,-2.7764,0,0,0,0,0,0,0,0,0,0,0,0
SYN-C3-2293,3,mobile_developer,1,1,0,1,1,0,1,2,1,0,0,0,1,2,0,0,0,0,0,1,0,1,0,0,0,2,mobile_developer,,-0.3833,1,1,1,2,1,1,1,0,0,1,0,1
SYN-C3-2294,3,business_analyst,1,1,0,2,1,1,0,0,2,1,1,1,2,0,0,0,0,0,0,0,0,1,2,2,1,2,business_analyst,data_scientist,-0.5719,1,1,1,1,0,3,3,3,3,0,0,3
SYN-C3-2295,3,software_engineer,2,1,1,2,3,1,0,0,2,1,0,0,0,0,1,1,2,1,0,0,1,1,0,0,0,2,software_engineer,,-0.4497,3,2,2,2,2,1,1,0,2,1,1,1
SYN-C3-2296,4,cybersecurity_analyst,2,1,0,2,1,3,0,0,3,0,0,0,1,1,0,1,1,3,1,1,1,0,1,1,0,1,cybersecurity_analyst,,-0.0937,2,1,2,1,1,2,1,0,1,3,3,0
SYN-C3-2297,4,cybersecurity_analyst,2,2,0,2,2,1,1,0,1,0,0,0,0,0,0,0,2,1,2,0,0,1,0,1,0,3,cybersecurity_analyst,,0.2352,2,2,2,2,2,1,1,1,2,2,3,2
SYN-C3-2298,4,data_analyst|software_engineer,3,1,1,1,1,1,1,0,2,0,2,0,2,1,0,0,1,0,1,0,1,2,0,0,0,3,data_analyst,software_engineer,-0.2211,2,1,2,2,1,3,2,2,2,1,1,2
SYN-C3-2299,3,mobile_developer,2,0,1,1,1,1,1,2,1,1,1,0,0,0,0,1,2,2,0,0,0,1,1,1,0,2,mobile_developer,network_engineer,0.0967,2,2,2,3,1,1,0,2,3,2,2,1
SYN-C3-2300,4,business_analyst,2,3,1,1,3,0,0,1,3,0,1,2,1,1,1,1,1,1,2,1,0,2,0,1,1,3,data_scientist,mobile_developer,0.0914,2,3,1,2,3,3,3,2,1,2,2,3
SYN-C3-2301,4,frontend_engineer|data_analyst,1,3,1,3,3,2,2,1,2,1,2,1,1,1,0,1,1,1,0,0,1,2,2,2,1,3,frontend_engineer,data_analyst,0.8842,3,2,3,2,2,3,3,3,3,1,1,3
SYN-C3-2302,4,data_analyst,0,1,0,2,0,0,0,1,2,0,1,1,2,0,0,0,1,0,1,1,0,1,0,1,0,2,data_analyst,,-0.7787,1,1,0,1,1,3,2,2,1,1,1,1
SYN-C3-2303,3,devops_engineer,1,2,0,2,1,0,0,0,0,0,0,0,0,1,2,2,1,1,0,0,0,1,0,0,0,1,devops_engineer,,-1.192,1,0,0,0,2,0,0,0,0,1,1,0
SYN-C3-2304,4,qa_engineer|mobile_developer,2,1,1,1,1,1,2,1,3,0,1,0,0,0,1,0,1,0,0,3,1,2,1,0,1,3,qa_engineer,mobile_developer,-0.3669,2,3,2,3,0,2,1,2,2,0,0,3
SYN-C3-2305,4,frontend_engineer|software_engineer,2,1,3,2,3,3,1,1,1,2,0,0,1,2,1,0,1,0,0,0,0,2,2,1,0,1,frontend_engineer,software_engineer,-0.6061,3,1,3,3,1,1,1,1,2,0,1,1
SYN-C3-2306,3,data_scientist,0,1,0,0,2,0,0,0,1,0,0,1,1,0,0,1,0,0,0,0,0,0,0,1,0,1,data_scientist,,-1.6026,0,0,0,0,0,1,1,0,0,0,0,0
SYN-C3-2307,4,cybersecurity_analyst,2,3,1,1,2,0,0,1,2,1,1,3,2,1,0,1,2,1,1,1,0,0,0,1,0,1,data_scientist,,0.0933,2,1,0,2,2,3,3,1,0,2,2,0
SYN-C3-2308,4,qa_engineer,3,1,2,2,2,0,1,1,3,2,1,2,1,1,2,1,1,1,0,2,2,2,2,2,0,3,qa_engineer,software_engineer,0.7882,3,3,2,3,2,3,2,3,3,2,2,2
SYN-C3-2309,4,business_analyst,0,1,1,0,0,0,1,1,1,1,1,0,1,0,0,1,0,1,1,1,0,1,0,2,0,2,business_analyst,,-1.1077,1,1,0,2,0,2,0,2,1,1,1,1
SYN-C3-2310,3,business_analyst,3,2,1,2,2,1,2,0,1,1,0,1,0,1,1,1,1,0,0,1,0,2,0,1,0,3,software_engineer,,1.1969,3,2,2,2,1,2,1,1,2,1,1,3
SYN-C3-2311,4,network_engineer,2,1,2,3,1,2,1,1,2,0,1,1,1,1,0,1,2,3,1,1,1,0,2,0,1,3,network_engineer,frontend_engineer,1.2229,3,2,2,2,2,2,2,2,2,3,3,1
SYN-C3-2312,4,data_analyst,1,2,1,2,0,1,1,0,2,1,1,0,2,1,0,0,1,2,2,1,1,1,0,1,1,2,data_analyst,,0.4238,2,2,1,1,1,3,2,2,3,3,3,2
SYN-C3-2313,4,business_analyst,1,1,1,2,1,1,1,0,2,0,2,1,1,0,0,0,0,1,0,2,0,3,0,3,1,3,business_analyst,,0.2852,1,3,1,1,0,3,2,3,2,1,1,3
SYN-C3-2314,3,mobile_developer,1,1,1,0,1,0,1,1,1,1,1,0,0,1,0,0,0,1,0,1,0,1,0,1,0,1,mobile_developer,,-0.7027,1,1,1,2,1,1,0,1,1,0,0,1
SYN-C3-2315,3,devops_engineer,1,2,0,2,0,1,0,0,1,0,0,0,1,1,2,1,2,1,1,0,0,1,1,0,0,3,devops_engineer,ui_ux_designer,-1.0146,1,1,1,1,2,1,1,1,2,2,2,1
SYN-C3-2316,4,data_analyst|qa_engineer,1,1,0,1,0,1,0,1,2,0,1,0,1,0,1,0,0,0,1,1,0,0,1,1,0,3,data_analyst,qa_engineer,-1.5885,1,2,1,1,0,3,1,1,2,0,0,1
SYN-C3-2317,4,ui_ux_designer,2,2,1,2,2,2,1,1,2,1,1,1,0,0,1,1,1,1,0,2,1,2,1,2,1,3,ui_ux_designer,,0.5706,3,3,3,3,1,2,1,3,3,1,1,2
SYN-C3-2318,3,qa_engineer,1,1,1,1,1,0,0,0,2,0,0,0,0,0,1,0,2,1,1,2,1,2,1,0,1,3,qa_engineer,network_engineer,-0.3243,1,3,1,1,1,1,0,2,2,2,2,2
SYN-C3-2319,3,project_coordinator,0,0,1,1,1,1,0,0,3,0,1,0,2,0,0,0,0,1,0,0,1,0,0,1,0,1,data_analyst,,-0.7895,0,1,0,0,0,3,1,0,1,0,0,1
SYN-C3-2320,4,project_coordinator,1,0,1,1,0,1,0,0,1,0,1,0,1,0,1,0,0,0,0,1,0,2,1,0,2,2,project_coordinator,,-0.6244,1,1,1,1,0,1,0,3,2,0,0,3
SYN-C3-2321,4,data_analyst,1,1,1,2,1,2,0,0,3,1,3,0,1,1,1,1,1,1,0,0,1,2,1,2,0,3,data_analyst,,0.4179,2,2,2,2,2,3,2,2,3,1,1,3
SYN-C3-2322,4,cybersecurity_analyst,2,1,2,3,3,2,2,1,3,1,1,0,1,1,1,2,1,1,1,2,0,1,1,1,1,3,software_engineer,,0.8983,3,2,2,3,2,2,2,3,2,2,2,2
SYN-C3-2323,4,devops_engineer|data_analyst,1,2,2,1,2,1,1,1,3,0,2,1,1,1,3,2,2,2,2,0,2,1,1,1,0,3,devops_engineer,data_analyst,0.6583,2,3,2,2,3,3,2,2,3,3,3,2
SYN-C3-2324,3,project_coordinator|software_engineer,2,0,1,1,0,0,1,0,1,0,0,0,0,0,0,0,0,0,0,0,0,2,0,0,0,3,project_coordinator,software_engineer,-1.2125,1,1,1,1,0,1,0,1,1,0,1,2
SYN-C3-2325,4,data_scientist,1,2,1,2,1,1,1,0,2,0,1,2,2,0,0,1,0,0,0,1,0,0,1,0,0,1,data_scientist,,-1.4644,2,1,1,1,0,3,3,1,1,0,0,0
SYN-C3-2326,3,data_analyst,2,1,1,2,1,2,0,0,1,0,0,0,0,1,1,0,0,1,1,0,1,2,0,1,0,2,frontend_engineer,network_engineer,-0.1594,2,2,2,2,1,1,0,1,2,2,1,2
SYN-C3-2327,4,data_scientist,1,3,0,1,2,0,0,0,2,0,2,1,2,0,0,0,0,1,0,0,0,1,1,2,1,3,data_scientist,project_coordinator,-1.0018,1,1,2,2,1,3,3,3,1,1,1,3
SYN-C3-2328,4,data_scientist|project_coordinator,1,3,2,3,1,0,0,0,2,0,2,1,2,1,0,2,0,2,0,1,1,3,0,1,2,2,data_scientist,project_coordinator,0.1919,1,2,1,1,1,3,3,2,2,2,2,3
SYN-C3-2329,3,frontend_engineer|mobile_developer,2,1,1,1,2,2,1,0,1,0,0,1,1,0,0,1,1,1,0,1,0,2,2,0,1,2,frontend_engineer,mobile_developer,0.2824,2,2,3,3,1,2,1,2,3,1,1,2
SYN-C3-2330,3,software_engineer,2,0,2,1,1,1,1,0,2,1,0,0,0,1,1,0,0,2,0,1,1,1,0,0,0,2,software_engineer,,-0.3953,3,2,2,2,0,1,0,1,2,2,1,0
SYN-C3-2331,4,qa_engineer,2,0,1,2,3,1,1,0,2,1,0,1,1,0,1,0,1,2,2,3,2,2,0,1,0,3,qa_engineer,,0.912,3,3,2,2,1,3,1,2,2,2,2,2
SYN-C3-2332,4,mobile_developer|network_engineer,2,2,1,2,2,1,0,2,2,1,1,1,2,1,1,0,2,2,2,0,0,2,2,1,1,3,mobile_developer,network_engineer,0.6137,3,2,2,3,2,3,2,3,3,3,3,3
SYN-C3-2333,4,project_coordinator|business_analyst,2,1,1,2,2,1,1,1,2,0,1,1,0,1,0,0,0,1,0,0,0,2,0,1,0,2,mobile_developer,business_analyst,-0.213,2,2,2,2,1,2,1,2,2,1,1,2
SYN-C3-2334,4,ui_ux_designer|mobile_developer,3,0,2,2,2,2,1,2,3,0,1,0,1,0,0,0,2,1,1,1,1,2,0,0,0,3,software_engineer,mobile_developer,-0.2312,3,2,3,3,2,1,1,2,1,2,2,2
SYN-C3-2335,3,frontend_engineer,1,1,2,1,2,2,1,0,1,0,0,1,0,1,0,1,1,1,0,1,0,2,3,1,0,2,frontend_engineer,,0.8021,3,3,3,2,2,2,1,2,3,1,2,2
SYN-C3-2336,3,data_analyst,1,1,0,1,1,1,0,1,3,0,2,0,2,0,0,0,0,1,1,2,0,0,0,1,0,2,data_analyst,,0.0285,1,2,0,1,1,3,2,1,1,1,2,1
SYN-C3-2337,4,devops_engineer,2,2,2,2,3,2,1,1,2,1,0,0,1,2,3,2,2,2,2,2,2,2,2,1,0,3,devops_engineer,,2.1464,3,3,3,3,3,2,2,2,3,3,3,2
SYN-C3-2338,3,network_engineer|business_analyst,1,1,1,2,2,2,0,0,2,1,1,0,1,2,1,0,2,3,1,2,1,2,0,2,1,3,network_engineer,business_analyst,1.623,3,3,2,1,3,3,1,3,2,3,3,3
SYN-C3-2339,4,ui_ux_designer|business_analyst,2,0,1,0,1,2,0,0,3,1,0,0,1,0,0,0,1,0,0,1,1,3,2,2,1,3,ui_ux_designer,business_analyst,-0.5222,2,3,2,2,0,1,0,3,3,0,0,2
SYN-C3-2340,3,business_analyst,0,2,1,1,0,0,1,0,2,0,1,0,2,0,0,1,2,1,1,0,0,1,0,2,0,2,data_analyst,,0.4952,1,1,0,0,1,3,1,2,1,2,2,2
SYN-C3-2341,4,project_coordinator,1,1,1,1,1,3,0,0,2,1,2,0,1,2,1,2,2,3,3,2,1,1,0,1,1,3,cybersecurity_analyst,network_engineer,1.5995,2,2,2,1,3,3,2,2,2,3,3,3
SYN-C3-2342,3,devops_engineer,1,1,1,0,1,1,0,0,1,0,0,0,0,2,0,1,2,1,0,0,0,1,0,0,0,1,devops_engineer,,-0.4807,1,1,0,1,2,0,0,0,1,1,2,0
SYN-C3-2343,4,business_analyst,1,0,1,1,0,1,1,0,1,0,1,0,0,0,0,1,1,0,0,1,0,3,1,2,0,3,business_analyst,,-1.7748,1,2,2,1,0,1,0,3,3,1,0,2
SYN-C3-2344,4,frontend_engineer|network_engineer,1,1,1,1,1,1,0,0,1,0,0,0,0,0,0,0,0,2,0,1,1,1,1,0,0,2,frontend_engineer,network_engineer,-1.6809,1,2,2,1,0,1,0,1,2,2,1,1
SYN-C3-2345,4,data_analyst,1,2,2,1,1,1,1,2,3,1,2,2,2,1,1,1,1,1,2,0,1,1,0,2,1,2,data_analyst,,1.3858,3,2,2,2,2,3,3,2,2,2,3,2
SYN-C3-2346,4,software_engineer|data_scientist,3,2,2,2,2,2,2,0,2,1,1,1,2,1,1,1,1,0,0,1,0,2,1,2,0,3,software_engineer,data_scientist,-0.3777,3,2,3,3,1,3,3,3,3,1,1,3
SYN-C3-2347,3,data_analyst,1,3,1,2,1,2,0,0,3,2,2,0,2,0,1,2,1,1,0,1,1,0,1,2,1,3,data_analyst,,1.8504,2,2,1,1,1,3,2,3,2,1,1,2
SYN-C3-2348,4,mobile_developer|software_engineer,3,2,2,2,3,2,2,3,3,2,1,1,1,0,1,1,0,1,0,1,1,1,1,2,1,3,mobile_developer,software_engineer,1.3407,3,3,3,3,1,3,2,3,3,1,1,3
SYN-C3-2349,4,project_coordinator,1,2,1,2,3,2,0,1,1,1,2,0,1,1,0,1,1,2,0,2,0,2,1,2,2,3,project_coordinator,mobile_developer,1.0867,3,2,2,3,1,2,2,3,3,2,2,3
SYN-C3-2350,4,cybersecurity_analyst,3,1,1,2,2,2,2,1,2,1,0,0,1,1,0,0,2,1,0,1,0,1,0,1,0,3,software_engineer,,0.0435,3,2,2,3,1,2,1,2,2,2,2,2
SYN-C3-2351,3,software_engineer,3,2,1,2,3,3,3,0,2,0,0,2,0,1,1,1,0,0,0,0,0,2,1,1,0,3,software_engineer,,1.3889,3,2,3,2,1,2,2,2,3,0,1,2
SYN-C3-2352,3,project_coordinator,0,0,0,1,1,1,0,0,0,0,0,0,0,0,0,0,0,0,0,0,0,0,0,0,0,3,project_coordinator,data_analyst,-2.9049,0,0,0,0,0,0,0,0,0,0,0,1
SYN-C3-2353,3,ui_ux_designer,0,0,0,0,0,0,0,0,1,0,0,0,1,0,0,0,0,0,0,0,0,0,2,1,0,2,ui_ux_designer,,-1.7157,0,0,0,0,0,1,0,1,2,0,0,0
SYN-C3-2354,4,software_engineer,3,1,1,1,2,1,2,1,3,1,0,0,0,1,1,1,0,0,0,0,0,1,2,0,0,3,software_engineer,mobile_developer,-0.1746,3,2,2,3,1,1,1,1,3,1,1,1
SYN-C3-2355,3,software_engineer,2,0,2,2,1,1,1,1,1,0,1,0,0,1,0,0,1,1,1,0,0,1,1,1,1,3,software_engineer,cybersecurity_analyst,-0.5807,3,1,2,3,1,2,0,2,3,2,2,3
SYN-C3-2356,3,frontend_engineer,2,0,2,2,2,3,2,2,2,1,1,1,0,1,2,1,2,1,1,1,2,2,1,0,1,3,frontend_engineer,,1.6686,3,3,3,3,3,1,1,3,3,2,2,2
SYN-C3-2357,3,network_engineer|data_analyst,2,1,1,2,1,1,1,0,3,1,0,0,1,0,1,1,0,1,0,1,0,2,0,1,0,2,software_engineer,data_analyst,-0.5246,3,2,1,1,1,2,1,2,2,1,0,2
SYN-C3-2358,3,data_analyst|frontend_engineer,0,1,1,2,1,1,1,0,2,0,2,0,2,0,0,0,0,0,0,1,0,0,0,0,1,2,data_analyst,frontend_engineer,-0.6272,1,1,1,1,0,3,2,1,1,0,0,1
SYN-C3-2359,4,ui_ux_designer,1,2,1,1,1,2,1,0,1,0,1,1,1,0,1,0,1,2,1,1,1,2,2,1,1,3,ui_ux_designer,cybersecurity_analyst,0.3481,2,3,3,1,1,3,2,3,3,2,2,3
SYN-C3-2360,3,frontend_engineer,0,1,3,2,1,1,1,0,1,0,0,0,0,1,0,1,1,1,1,1,0,0,1,0,0,2,frontend_engineer,,-0.3647,2,1,2,1,2,1,1,1,1,2,2,0
SYN-C3-2361,4,data_analyst,2,0,1,1,0,1,1,1,3,0,2,0,1,1,1,1,1,1,1,1,0,1,0,2,1,3,data_analyst,,0.5772,2,1,1,2,1,3,1,2,2,2,2,2
SYN-C3-2362,3,cybersecurity_analyst,3,1,2,2,1,1,0,1,2,0,0,0,1,1,0,0,3,1,2,0,0,2,0,0,0,2,cybersecurity_analyst,software_engineer,0.2239,2,2,1,2,1,2,1,1,2,3,3,1
SYN-C3-2363,4,mobile_developer|data_scientist,2,2,1,1,0,1,0,2,2,0,2,1,1,1,0,0,0,0,0,0,0,1,1,1,0,3,mobile_developer,data_scientist,-1.0505,2,1,1,3,0,3,2,2,2,0,1,2
SYN-C3-2364,3,data_analyst,0,1,1,0,0,0,0,0,3,0,1,0,1,0,0,0,0,1,0,0,0,0,0,0,0,2,data_analyst,,-1.6513,0,0,0,0,0,2,1,1,1,0,0,0
SYN-C3-2365,4,business_analyst|network_engineer,1,1,0,1,0,0,0,0,2,0,0,0,0,0,0,0,0,2,1,1,0,1,0,2,1,1,business_analyst,network_engineer,-2.228,1,0,0,0,0,2,0,2,0,1,1,1
SYN-C3-2366,4,data_analyst,1,1,0,1,1,2,1,0,2,0,2,2,2,0,1,1,1,1,0,0,1,0,1,1,1,2,data_analyst,,0.0853,2,2,2,1,1,3,2,2,2,1,1,2
SYN-C3-2367,4,qa_engineer,2,0,0,1,1,1,0,2,2,0,0,0,1,0,1,1,0,1,1,3,0,2,0,0,0,2,qa_engineer,,-0.6507,2,3,1,2,1,1,1,1,1,1,0,1
SYN-C3-2368,3,data_scientist|cybersecurity_analyst,1,2,0,1,1,1,0,0,3,0,2,1,2,2,0,1,2,1,1,0,0,0,1,1,0,2,data_analyst,cybersecurity_analyst,-0.094,2,1,1,1,2,3,3,1,2,3,2,1
SYN-C3-2369,3,devops_engineer,1,1,0,0,2,1,0,0,1,0,0,0,0,1,2,3,1,1,0,1,0,2,0,0,0,2,devops_engineer,,-0.2558,1,2,1,1,3,0,0,1,2,1,1,0
SYN-C3-2370,3,data_scientist,1,2,2,2,2,1,2,0,3,0,2,3,3,1,1,1,1,2,0,2,1,1,0,0,1,3,data_scientist,,1.5887,3,3,2,2,2,3,3,2,1,2,2,2
SYN-C3-2371,4,ui_ux_designer,2,2,1,2,1,2,0,0,2,1,2,1,0,1,1,0,1,1,1,2,1,1,2,1,2,3,ui_ux_designer,,1.436,2,3,2,2,2,2,2,2,3,2,2,3
SYN-C3-2372,3,devops_engineer,1,2,0,0,2,1,1,0,1,0,0,1,0,3,1,2,1,1,2,0,0,2,0,1,0,1,devops_engineer,,-0.1169,2,1,1,1,3,1,1,0,1,1,2,1
SYN-C3-2373,3,devops_engineer,1,2,2,1,3,1,2,0,1,1,2,1,1,1,2,3,3,2,1,1,0,2,1,1,1,2,devops_engineer,,1.4148,3,2,3,3,3,2,2,2,3,3,3,3
SYN-C3-2374,4,network_engineer,2,1,1,1,0,1,1,1,1,1,0,1,1,2,0,1,2,3,1,1,0,1,0,0,0,3,network_engineer,,0.6585,2,1,0,2,2,1,1,1,2,3,3,1
SYN-C3-2375,4,network_engineer,3,2,1,2,1,0,0,1,2,1,1,0,1,1,1,0,0,1,0,2,1,2,0,0,0,3,qa_engineer,,0.3899,2,3,1,2,1,2,2,2,1,1,1,2
SYN-C3-2376,4,cybersecurity_analyst,2,1,1,1,1,1,1,1,2,1,1,0,2,1,0,1,1,2,1,1,0,1,1,0,0,2,cybersecurity_analyst,,0.8312,3,2,1,3,1,2,2,1,2,3,3,1
SYN-C3-2377,3,data_scientist|mobile_developer,2,2,1,1,2,0,0,0,2,1,1,2,2,0,0,0,0,0,0,0,0,1,1,0,0,2,data_scientist,mobile_developer,-1.2757,2,1,1,2,0,3,3,1,2,0,0,1
SYN-C3-2378,3,data_scientist|cybersecurity_analyst,2,2,1,1,2,0,0,1,3,1,1,2,2,1,2,1,1,1,0,2,0,1,1,0,0,2,data_scientist,cybersecurity_analyst,0.7291,3,2,2,3,2,2,3,1,2,1,2,1
SYN-C3-2379,3,business_analyst,1,0,1,1,1,1,0,0,1,0,1,0,0,0,0,0,1,1,0,1,0,2,0,2,1,3,business_analyst,,-0.7219,1,1,1,1,0,1,0,3,2,1,1,3
SYN-C3-2380,3,devops_engineer,1,1,2,0,2,0,0,0,1,0,0,1,1,1,3,1,2,1,1,0,0,2,0,1,0,1,devops_engineer,,-0.3805,1,2,0,1,3,1,1,1,1,2,2,1
SYN-C3-2381,3,mobile_developer,3,2,1,1,1,0,1,2,1,0,0,1,1,0,0,1,0,1,0,0,1,1,1,0,0,2,mobile_developer,,0.5511,1,2,2,3,1,1,1,0,2,0,1,0
SYN-C3-2382,4,ui_ux_designer,2,1,1,1,0,2,0,0,0,0,0,0,1,1,0,0,0,2,0,1,1,1,2,1,1,3,ui_ux_designer,,0.076,1,1,2,1,1,1,0,2,3,2,1,2
SYN-C3-2383,4,frontend_engineer|data_scientist,0,2,1,1,1,2,1,0,1,0,0,1,1,0,0,1,0,1,0,0,0,2,1,0,0,1,frontend_engineer,data_scientist,-1.6528,1,0,2,1,1,1,2,0,1,0,0,0
SYN-C3-2384,4,qa_engineer,1,2,0,1,1,1,0,0,3,1,1,1,2,0,2,0,0,2,0,3,0,1,1,1,1,3,qa_engineer,data_analyst,0.0019,1,3,1,2,1,3,2,3,2,1,1,2
SYN-C3-2385,3,mobile_developer,2,0,1,1,2,1,0,2,1,1,1,1,1,1,0,0,1,0,0,0,0,3,1,0,0,1,mobile_developer,,-0.0317,2,1,1,3,1,1,1,2,2,0,0,1
SYN-C3-2386,3,data_scientist,1,1,0,1,2,1,1,0,3,1,1,2,2,1,1,1,0,0,0,1,0,0,0,1,1,2,data_scientist,,0.4283,2,1,1,1,1,3,3,2,1,0,0,1
SYN-C3-2387,3,software_engineer,1,1,2,2,2,1,1,0,2,1,0,0,0,0,1,0,1,1,1,0,0,1,0,1,1,2,software_engineer,,-0.3401,3,1,2,2,2,2,1,1,2,1,1,2
SYN-C3-2388,4,frontend_engineer,1,2,3,3,3,2,2,0,2,1,1,0,1,0,0,1,1,2,0,1,1,3,3,2,2,3,frontend_engineer,,2.0854,3,3,3,2,1,3,2,3,3,2,2,3
SYN-C3-2389,3,frontend_engineer,0,1,1,1,2,2,0,0,1,0,1,0,1,0,0,0,1,0,0,0,0,0,0,2,0,2,frontend_engineer,,-0.925,1,1,2,0,1,2,1,2,2,0,1,1
SYN-C3-2390,4,ui_ux_designer|mobile_developer,3,1,3,1,2,2,2,1,2,2,1,1,2,0,1,3,1,2,1,0,0,2,3,1,2,3,ui_ux_designer,mobile_developer,1.5374,3,2,3,3,2,3,2,2,3,2,2,3
SYN-C3-2391,4,business_analyst|mobile_developer,1,1,1,2,2,1,1,1,2,0,1,1,1,1,1,0,1,1,0,0,0,2,1,3,2,3,business_analyst,mobile_developer,0.2569,3,2,3,3,2,3,2,3,2,1,1,3
SYN-C3-2392,4,frontend_engineer,1,1,3,3,2,3,2,1,1,1,1,0,1,0,0,1,1,0,0,1,1,1,1,0,1,2,frontend_engineer,data_scientist,-0.2666,3,2,3,3,1,1,2,2,3,1,1,1
SYN-C3-2393,3,devops_engineer,2,1,0,2,1,0,1,1,1,1,0,0,0,2,2,1,1,1,1,0,0,0,0,0,1,2,devops_engineer,,-0.8701,2,0,0,2,3,1,1,0,0,2,2,1
SYN-C3-2394,3,project_coordinator|software_engineer,1,0,0,0,1,0,0,0,1,0,0,0,0,0,0,0,0,0,0,1,0,2,0,0,1,3,project_coordinator,software_engineer,-2.1813,1,2,0,1,0,0,0,2,0,0,0,2
SYN-C3-2395,3,frontend_engineer,1,2,2,2,2,3,1,2,0,0,0,0,0,0,0,0,0,2,1,0,1,2,2,0,1,2,frontend_engineer,network_engineer,0.9166,1,1,3,2,1,0,1,1,3,2,1,2
SYN-C3-2396,3,project_coordinator,2,2,0,1,0,1,0,0,1,1,0,1,1,1,0,0,0,0,0,0,0,2,1,1,1,2,project_coordinator,data_scientist,-0.7209,1,1,1,1,0,2,1,2,2,0,1,3
SYN-C3-2397,4,software_engineer,3,1,2,3,2,2,1,0,3,0,0,1,1,1,2,1,0,0,0,0,0,2,1,1,1,3,software_engineer,,-0.126,3,2,3,2,1,3,2,2,3,1,1,3
SYN-C3-2398,3,software_engineer,2,0,2,1,0,1,1,0,1,0,0,0,0,0,1,1,0,0,0,0,0,1,0,0,0,1,software_engineer,,-2.5773,2,1,0,2,0,0,0,0,1,0,0,0
SYN-C3-2399,3,software_engineer|ui_ux_designer,2,2,2,1,2,2,1,1,2,0,0,0,1,0,1,0,1,1,0,1,0,1,1,0,0,3,software_engineer,ui_ux_designer,0.4276,3,2,3,3,1,2,1,1,2,1,1,1
SYN-C3-2400,4,devops_engineer,1,3,1,2,1,1,0,1,2,2,0,1,1,3,2,3,2,2,0,0,0,1,1,1,1,2,devops_engineer,,0.8893,2,2,2,2,3,3,2,1,3,2,3,2
SYN-C3-2401,3,qa_engineer|mobile_developer,2,0,1,1,1,0,0,2,1,1,0,0,0,0,0,0,0,0,0,1,1,1,1,0,0,3,qa_engineer,mobile_developer,-0.7327,1,2,1,3,0,0,0,1,2,0,0,1
SYN-C3-2402,4,software_engineer|network_engineer,3,1,0,2,2,1,1,0,2,0,0,1,0,1,1,1,2,1,0,0,0,2,0,1,0,2,software_engineer,network_engineer,-1.3506,3,2,2,1,2,2,1,1,2,2,3,2
SYN-C3-2403,4,qa_engineer,3,0,2,0,1,0,1,2,1,1,1,0,1,0,1,0,0,0,0,2,0,1,1,0,0,3,mobile_developer,qa_engineer,-0.4757,2,2,2,3,0,1,0,2,1,0,0,1
SYN-C3-2404,3,data_scientist,2,3,1,1,2,0,0,1,2,1,1,2,2,1,0,0,1,1,1,2,0,1,0,0,1,2,data_scientist,,0.8017,2,2,1,2,2,3,3,2,1,1,2,1
SYN-C3-2405,4,devops_engineer,1,1,1,0,3,2,0,1,1,0,0,0,0,2,2,2,2,1,1,0,0,1,1,1,0,1,devops_engineer,,-0.266,2,2,2,2,3,1,0,1,2,2,2,1
SYN-C3-2406,3,ui_ux_designer|frontend_engineer,2,1,1,1,1,2,0,0,1,0,0,0,1,0,0,1,0,1,0,0,0,2,1,0,0,2,ui_ux_designer,frontend_engineer,-0.6046,2,2,2,2,0,1,1,2,3,1,1,1
SYN-C3-2407,3,project_coordinator,2,0,0,1,1,0,0,0,1,0,0,0,1,0,0,0,1,0,0,1,0,2,0,1,1,3,project_coordinator,,-0.3519,1,2,1,1,0,1,0,2,1,1,0,3
SYN-C3-2408,4,qa_engineer,2,2,1,1,3,2,1,2,3,1,1,1,1,1,3,2,1,3,1,3,2,3,1,1,1,3,qa_engineer,devops_engineer,1.3388,3,3,2,3,3,3,2,3,3,2,3,3
SYN-C3-2409,3,software_engineer,3,1,2,2,2,1,3,2,2,2,1,1,1,2,0,0,0,1,1,0,1,2,2,2,0,2,mobile_developer,software_engineer,0.6989,3,2,3,3,2,3,2,3,3,2,2,2
SYN-C3-2410,4,devops_engineer,0,1,0,1,1,2,0,0,2,0,0,1,1,2,3,1,2,2,1,0,0,1,0,0,0,1,devops_engineer,data_analyst,0.202,1,0,1,0,3,2,1,0,1,3,2,0
SYN-C3-2411,3,devops_engineer,1,1,0,1,1,1,2,0,1,0,0,0,1,3,2,1,1,1,1,0,0,1,1,0,0,3,devops_engineer,,0.2528,2,1,1,1,3,2,1,1,2,2,2,1
SYN-C3-2412,4,qa_engineer,2,1,3,1,2,2,1,2,2,1,1,0,1,1,2,1,1,2,2,3,2,3,3,2,1,3,qa_engineer,ui_ux_designer,1.5845,3,3,3,3,2,3,2,3,3,3,3,3
SYN-C3-2413,3,network_engineer,2,1,0,1,1,0,1,1,2,0,1,0,0,1,0,1,1,3,1,0,1,1,1,0,0,3,network_engineer,,1.0153,2,1,1,3,1,2,1,2,2,3,3,1
SYN-C3-2414,3,data_analyst,2,3,0,2,0,2,0,0,2,0,1,1,2,0,1,1,1,1,1,0,0,0,1,2,1,3,data_analyst,,0.6933,2,1,1,1,1,3,2,2,2,1,2,1
SYN-C3-2415,4,qa_engineer,2,0,1,1,2,3,1,0,1,0,0,0,1,1,0,1,2,2,0,3,2,1,0,2,0,3,qa_engineer,network_engineer,0.4694,2,3,2,2,2,1,0,2,2,3,1,2
SYN-C3-2416,4,ui_ux_designer|devops_engineer,0,2,1,1,2,3,1,1,1,1,1,1,0,1,1,1,2,2,1,1,0,2,2,1,1,3,ui_ux_designer,devops_engineer,0.8726,3,2,3,3,3,2,1,3,3,3,3,3
SYN-C3-2417,4,network_engineer,0,0,0,1,1,0,0,0,1,0,1,0,1,1,1,0,2,2,1,0,0,0,1,0,1,1,network_engineer,,-0.6732,0,0,0,0,1,1,1,1,0,3,2,1
SYN-C3-2418,4,ui_ux_designer,3,0,1,2,3,1,2,1,3,1,1,0,2,2,1,1,1,2,0,1,1,2,0,1,0,2,software_engineer,,0.0597,3,3,2,2,2,2,2,2,2,2,1,2
SYN-C3-2419,4,network_engineer,2,0,2,2,1,1,0,0,2,0,0,0,1,0,2,0,2,2,2,0,2,1,0,0,1,2,network_engineer,,0.5775,2,2,1,1,2,1,1,1,2,3,3,1
SYN-C3-2420,3,qa_engineer|network_engineer,3,0,0,2,2,0,0,0,3,0,1,0,2,1,1,0,0,2,1,2,1,2,0,1,0,3,qa_engineer,network_engineer,0.7847,2,3,1,1,1,2,2,2,1,2,1,3
SYN-C3-2421,3,software_engineer,2,0,1,1,1,2,1,0,2,0,0,0,0,0,0,0,0,0,1,0,0,0,0,0,0,1,software_engineer,,-1.3177,2,1,1,1,0,0,0,0,0,0,0,0
SYN-C3-2422,3,business_analyst,1,2,1,1,1,2,0,1,2,0,2,1,1,1,1,0,1,2,0,1,0,2,1,3,2,3,business_analyst,ui_ux_designer,1.263,2,2,2,1,1,3,3,3,3,2,2,3
SYN-C3-2423,3,software_engineer|mobile_developer,3,1,1,3,2,1,2,1,3,1,0,0,0,0,1,1,1,0,1,2,0,1,0,0,0,3,software_engineer,mobile_developer,0.3314,3,3,1,3,2,1,1,1,2,1,1,1
SYN-C3-2424,4,software_engineer,2,1,1,2,3,1,1,3,2,2,1,1,2,2,0,1,2,2,2,2,1,2,2,1,1,3,network_engineer,,2.3732,3,3,2,3,3,3,2,3,3,3,3,3
SYN-C3-2425,3,devops_engineer,1,0,1,1,1,1,1,0,0,0,0,0,0,2,2,0,0,1,0,0,0,1,0,0,0,1,devops_engineer,,-0.9111,1,1,1,1,1,0,0,0,1,0,0,0
SYN-C3-2426,3,business_analyst,1,0,1,2,0,1,1,1,2,0,1,0,0,0,0,0,0,0,2,0,0,2,0,2,0,3,business_analyst,,0.4717,2,2,1,1,0,2,0,2,3,1,0,3
SYN-C3-2427,4,project_coordinator|devops_engineer,1,2,2,2,3,2,1,1,2,1,2,3,1,2,3,3,2,2,1,2,3,3,2,2,3,3,project_coordinator,devops_engineer,3.0607,3,3,3,3,3,3,3,3,3,3,3,3
SYN-C3-2428,3,network_engineer,0,1,0,0,0,1,0,0,1,0,0,0,0,0,0,0,2,1,1,0,0,0,0,1,2,3,network_engineer,,-0.6787,0,0,0,0,1,1,0,1,1,2,2,2
SYN-C3-2429,3,software_engineer,3,1,2,1,1,1,1,0,1,1,0,0,1,0,0,1,0,1,0,0,0,1,0,1,0,2,software_engineer,,-0.5861,3,1,1,2,1,2,1,1,2,1,1,1
SYN-C3-2430,3,devops_engineer|qa_engineer,2,2,2,0,2,1,0,0,2,1,0,0,0,2,2,1,1,3,0,2,1,2,0,1,1,2,devops_engineer,qa_engineer,0.388,3,3,1,2,3,1,1,2,2,2,1,2
SYN-C3-2431,3,data_scientist|mobile_developer,3,0,1,2,1,2,1,0,2,0,0,1,0,0,1,0,0,1,0,1,1,0,1,1,0,2,software_engineer,mobile_developer,-0.9356,2,2,2,2,0,2,1,1,2,0,0,1
SYN-C3-2432,3,mobile_developer,0,1,1,0,1,1,0,1,0,0,0,1,1,0,0,0,0,0,0,0,0,0,0,0,0,1,mobile_developer,,-1.9547,0,0,0,1,0,1,0,0,0,0,0,0
SYN-C3-2433,4,mobile_developer,2,1,0,0,2,0,0,2,1,1,0,0,1,0,0,0,1,0,0,0,0,1,1,1,0,2,mobile_developer,,-0.3796,1,2,1,3,0,1,1,1,2,0,0,1
SYN-C3-2434,3,cybersecurity_analyst,1,1,0,2,1,0,0,0,1,0,1,1,1,0,0,0,2,1,0,1,0,0,0,1,0,1,cybersecurity_analyst,,-0.3495,0,1,0,0,1,2,1,0,0,1,1,1
SYN-C3-2435,3,data_scientist,1,3,1,2,2,2,1,1,2,0,2,2,3,0,1,1,1,1,0,1,0,1,1,1,1,3,data_scientist,,1.5042,3,2,3,2,1,3,3,3,3,0,1,3
SYN-C3-2436,3,data_scientist,0,3,1,2,2,1,0,0,2,0,1,1,2,1,0,0,1,1,0,1,1,0,0,0,0,2,data_scientist,,0.694,1,1,1,1,1,3,3,1,1,1,2,1
SYN-C3-2437,3,software_engineer,2,0,1,1,2,2,1,0,2,0,0,0,0,0,0,1,1,1,0,0,0,1,0,0,0,2,software_engineer,,-0.7417,3,1,2,2,1,1,0,0,2,1,1,1
SYN-C3-2438,3,data_scientist|business_analyst,2,2,1,1,2,1,1,0,2,2,1,3,2,0,1,1,0,1,0,0,1,1,2,1,0,3,data_scientist,business_analyst,1.4867,2,2,2,2,2,3,3,3,3,1,1,1
SYN-C3-2439,4,ui_ux_designer,1,0,0,1,0,2,0,0,2,0,0,0,0,0,0,0,0,1,1,1,0,2,2,0,1,2,ui_ux_designer,,-0.2782,1,1,1,0,0,1,0,1,3,1,1,2
SYN-C3-2440,4,devops_engineer,1,2,2,1,3,2,1,1,2,3,1,1,2,3,3,3,3,3,2,1,2,2,2,1,1,3,devops_engineer,frontend_engineer,2.2471,3,3,3,3,3,3,3,3,3,3,3,3
SYN-C3-2441,4,qa_engineer,0,1,1,1,1,1,0,0,1,0,0,0,0,0,0,1,1,1,0,1,2,3,0,1,0,2,qa_engineer,,-0.7709,1,3,1,0,1,2,1,2,2,1,1,2
SYN-C3-2442,3,data_scientist,1,2,0,2,2,0,0,0,3,0,1,2,2,0,0,0,0,2,1,1,1,0,0,1,0,3,data_scientist,ui_ux_designer,0.2305,1,2,0,0,1,3,3,1,1,1,1,2
SYN-C3-2443,3,ui_ux_designer,1,0,0,0,0,1,1,0,2,0,1,0,0,1,1,0,0,0,0,1,0,1,3,0,0,3,ui_ux_designer,,-0.2875,1,1,1,1,0,1,0,1,3,0,0,1
SYN-C3-2444,4,qa_engineer,2,1,2,0,2,1,0,0,3,0,0,0,0,0,2,1,0,1,0,2,1,2,1,1,0,3,qa_engineer,ui_ux_designer,-0.0857,2,3,2,2,2,2,0,2,3,0,0,2
SYN-C3-2445,4,devops_engineer,2,1,0,0,2,0,0,0,0,0,0,0,0,1,2,3,0,1,0,1,0,0,0,1,0,2,devops_engineer,,-1.2912,1,1,0,0,2,0,0,0,0,0,1,0
SYN-C3-2446,3,ui_ux_designer|cybersecurity_analyst,1,0,0,2,0,1,1,0,1,0,1,0,1,0,0,0,1,0,0,0,0,1,1,0,1,3,ui_ux_designer,cybersecurity_analyst,0.0573,1,0,1,1,0,1,0,2,2,1,0,1
SYN-C3-2447,3,software_engineer,3,0,2,2,1,0,2,0,2,1,1,1,0,1,2,1,0,1,0,0,1,1,0,0,0,2,software_engineer,,-0.1941,3,2,2,3,1,1,1,0,1,1,1,1
SYN-C3-2448,4,network_engineer,1,2,1,1,2,1,0,0,1,0,0,0,0,0,1,0,0,1,2,0,1,1,1,0,0,3,ui_ux_designer,,-0.8794,1,2,2,1,1,1,1,1,3,2,2,1
SYN-C3-2449,3,qa_engineer,0,0,2,1,2,0,0,1,1,0,0,0,0,1,1,0,1,2,0,3,1,1,0,1,0,2,qa_engineer,,0.0158,2,3,1,1,2,0,0,1,2,2,1,0
SYN-C3-2450,3,frontend_engineer,1,0,2,0,0,0,1,0,2,0,0,0,0,0,0,0,0,1,0,2,0,1,0,2,0,2,business_analyst,,-0.2945,1,2,1,1,0,1,0,2,1,0,0,1
SYN-C3-2451,4,project_coordinator,1,0,1,1,1,0,0,1,1,0,1,0,0,0,1,0,0,1,0,1,0,2,0,1,1,3,project_coordinator,,-0.4198,1,2,0,1,0,1,0,3,1,1,1,3
SYN-C3-2452,4,qa_engineer,1,1,2,0,1,0,1,0,2,1,0,0,2,0,0,0,1,1,0,2,1,2,1,0,0,3,qa_engineer,network_engineer,-0.958,2,3,2,2,1,2,1,2,1,1,1,1
SYN-C3-2453,4,business_analyst,2,2,0,1,0,1,0,1,1,1,1,0,1,0,1,0,2,1,1,1,1,1,0,3,2,2,business_analyst,,0.3082,1,2,0,1,2,2,1,3,2,2,2,3
SYN-C3-2454,3,devops_engineer,3,2,2,3,2,2,2,1,3,1,0,0,2,1,0,1,2,1,0,1,1,1,1,1,1,2,software_engineer,,1.8063,3,2,3,3,2,3,2,2,3,2,2,2
SYN-C3-2455,4,ui_ux_designer,0,0,1,1,2,1,0,0,2,0,0,0,1,0,0,0,0,2,0,0,0,1,2,0,0,3,ui_ux_designer,,-1.3866,1,1,2,1,0,2,1,1,3,1,0,1
SYN-C3-2456,3,data_scientist,1,3,1,2,0,0,0,1,1,0,1,3,2,0,1,0,0,1,0,0,0,2,0,0,1,1,data_scientist,,-0.1241,1,1,0,1,0,1,3,1,1,0,1,2
SYN-C3-2457,4,devops_engineer,3,2,2,2,3,2,2,1,3,2,2,1,1,1,1,1,1,2,1,1,2,1,2,1,3,3,software_engineer,,2.1507,3,3,3,3,2,3,3,2,3,2,2,3
SYN-C3-2458,4,software_engineer|network_engineer,2,0,0,2,1,1,1,0,2,0,0,0,0,1,0,0,0,1,0,0,0,1,0,0,1,2,software_engineer,network_engineer,-2.0844,3,1,1,2,0,1,1,0,1,2,0,1
SYN-C3-2459,4,qa_engineer,2,1,2,1,3,2,2,1,1,0,0,0,2,1,1,2,1,2,0,3,2,2,0,1,0,3,qa_engineer,devops_engineer,-0.1627,3,3,2,3,2,2,1,2,2,2,2,2
SYN-C3-2460,3,ui_ux_designer,0,1,0,1,2,1,0,0,0,0,1,0,0,1,1,1,0,1,0,0,1,1,0,1,0,2,devops_engineer,,-0.4601,1,1,1,0,2,1,1,1,2,1,1,2
SYN-C3-2461,3,cybersecurity_analyst,1,2,1,1,0,1,1,1,0,0,0,0,1,0,2,0,0,2,3,1,0,0,0,0,0,2,cybersecurity_analyst,,0.2579,1,1,0,0,0,1,0,0,1,2,2,0
SYN-C3-2462,4,business_analyst,0,1,1,0,0,1,0,1,1,1,1,0,1,0,0,0,0,0,0,1,0,3,0,2,0,2,business_analyst,,-0.6327,0,2,0,1,0,1,0,3,2,0,0,1
SYN-C3-2463,4,data_scientist,1,2,0,2,0,2,0,0,2,1,1,2,2,1,1,0,0,1,0,0,0,0,0,2,0,2,data_scientist,,0.0512,1,1,0,1,0,3,3,1,1,1,2,1
SYN-C3-2464,3,software_engineer,2,1,1,1,2,0,1,0,3,1,1,0,0,1,1,0,1,0,0,0,0,2,0,0,1,2,software_engineer,,-0.7296,3,2,2,2,1,2,1,1,1,1,1,2
SYN-C3-2465,3,qa_engineer,1,2,1,0,2,0,1,0,2,0,1,0,1,0,0,0,0,1,0,2,1,1,0,1,0,2,qa_engineer,,-0.4704,1,3,1,2,1,2,1,2,2,0,0,1
SYN-C3-2466,3,software_engineer,3,1,2,2,2,2,2,1,2,0,1,0,2,1,1,1,1,2,2,1,1,3,1,1,0,2,software_engineer,,1.5517,3,3,3,3,2,3,2,2,3,3,3,2
SYN-C3-2467,4,data_analyst,1,3,1,2,2,1,0,1,2,1,2,1,1,0,0,1,1,1,0,2,1,1,1,1,1,2,data_analyst,,1.1397,2,2,2,2,1,3,3,2,3,1,1,2
SYN-C3-2468,4,qa_engineer,3,2,1,0,3,1,0,0,3,0,0,2,1,0,0,1,1,0,1,3,2,1,0,1,0,3,qa_engineer,data_scientist,-0.0096,2,3,1,1,1,2,2,2,2,0,0,1
SYN-C3-2469,3,data_analyst,1,2,1,2,2,1,0,1,2,1,2,1,3,0,0,0,1,2,0,1,2,0,0,1,1,3,data_analyst,,1.3492,2,3,1,1,1,3,3,2,2,2,1,2
SYN-C3-2470,3,ui_ux_designer,0,1,0,0,0,1,0,0,1,0,1,0,1,0,0,0,0,0,0,0,2,1,2,0,0,2,ui_ux_designer,data_analyst,-1.4727,0,1,1,0,0,2,1,2,3,0,0,0
SYN-C3-2471,3,network_engineer,2,1,2,2,1,0,0,1,2,0,1,0,1,1,0,0,2,3,1,1,1,1,0,0,0,2,network_engineer,,0.8979,2,2,1,2,1,2,2,1,1,3,3,1
SYN-C3-2472,3,data_analyst,2,2,3,1,1,1,1,1,2,0,2,1,3,1,0,0,1,1,1,0,0,1,2,1,1,3,data_analyst,,1.0375,2,1,3,2,1,3,2,2,3,1,2,3
SYN-C3-2473,4,data_analyst|qa_engineer,1,1,2,1,0,1,0,0,3,0,3,1,2,0,0,0,0,1,1,0,0,1,1,2,0,3,data_analyst,qa_engineer,-0.7178,1,1,1,1,1,3,2,2,3,1,1,2
SYN-C3-2474,4,qa_engineer,2,1,0,0,0,0,0,1,1,1,0,0,1,1,0,0,1,1,1,1,1,1,1,1,0,3,qa_engineer,network_engineer,-1.3392,1,2,0,2,1,1,0,2,1,2,1,2
SYN-C3-2475,4,project_coordinator,3,1,1,2,1,2,0,0,3,1,0,1,1,0,1,1,1,2,0,2,2,1,1,1,0,3,qa_engineer,,1.1354,3,3,2,2,2,2,2,2,3,1,2,2
SYN-C3-2476,3,cybersecurity_analyst|frontend_engineer,2,2,2,2,2,3,1,1,1,0,1,2,2,1,0,0,1,1,0,1,1,2,1,0,1,2,software_engineer,frontend_engineer,0.4974,3,3,3,3,1,2,2,3,2,1,2,2
SYN-C3-2477,4,frontend_engineer,2,1,2,2,3,3,1,1,2,0,0,0,1,0,0,0,2,2,0,2,1,1,1,1,0,1,frontend_engineer,,0.7735,3,2,3,2,1,1,1,1,2,2,2,1
SYN-C3-2478,3,network_engineer,1,1,1,1,1,2,1,0,1,0,0,0,0,0,0,0,1,1,0,0,0,1,0,0,0,1,frontend_engineer,,-0.5453,1,1,2,0,1,0,0,0,1,1,0,0
SYN-C3-2479,3,software_engineer,2,1,1,2,3,1,2,0,3,0,0,1,0,0,2,1,1,1,1,0,0,2,0,0,1,2,software_engineer,,1.0849,3,2,2,1,2,2,1,1,2,1,2,2
SYN-C3-2480,4,network_engineer|qa_engineer,1,0,0,1,1,0,0,0,1,0,0,0,0,0,0,1,1,2,1,1,0,0,0,0,0,2,network_engineer,qa_engineer,-1.1396,0,2,0,0,1,1,1,1,0,2,2,0
SYN-C3-2481,4,cybersecurity_analyst,1,1,1,2,0,0,0,1,2,0,1,0,2,1,2,0,1,1,0,3,0,2,0,3,2,3,business_analyst,,0.2677,2,3,0,1,1,3,2,3,1,1,1,3
SYN-C3-2482,3,data_scientist,0,3,0,2,1,0,0,1,1,0,0,2,3,1,0,1,0,0,1,1,0,1,0,0,0,1,data_scientist,,-0.5091,1,0,0,1,1,2,3,0,0,1,1,0
SYN-C3-2483,3,software_engineer,1,0,1,2,2,1,1,1,1,1,1,0,0,0,0,0,0,1,0,2,0,0,0,0,0,2,software_engineer,,-0.3923,2,2,1,2,0,1,0,1,1,0,0,0
SYN-C3-2484,4,frontend_engineer,1,1,2,1,3,2,1,0,2,0,0,1,1,0,0,1,0,0,1,1,0,1,1,1,0,1,frontend_engineer,,-0.546,2,2,3,2,0,2,1,1,3,0,1,1
SYN-C3-2485,4,ui_ux_designer,0,0,0,0,0,0,0,1,0,0,0,0,0,0,0,0,0,0,0,0,0,0,0,1,0,2,ui_ux_designer,network_engineer,-2.7242,0,0,0,0,0,0,0,0,1,0,0,0
SYN-C3-2486,3,frontend_engineer,1,1,3,2,2,2,0,1,1,0,1,0,0,0,2,0,1,2,0,1,0,1,1,2,1,3,frontend_engineer,,0.7507,2,2,3,2,2,2,1,3,3,1,2,3
SYN-C3-2487,3,business_analyst,1,1,0,1,0,0,0,1,1,0,1,0,0,1,0,0,0,1,0,1,1,3,1,3,1,3,business_analyst,,-0.0464,0,2,1,1,1,2,0,3,1,1,1,3
SYN-C3-2488,4,cybersecurity_analyst|frontend_engineer,2,2,1,2,1,2,1,0,2,1,0,1,2,1,0,1,1,1,1,2,0,1,0,2,1,2,cybersecurity_analyst,frontend_engineer,0.4803,2,2,2,2,2,3,2,2,2,2,3,1
SYN-C3-2489,3,qa_engineer,2,0,1,1,2,0,0,0,2,0,0,0,1,0,1,0,0,1,0,1,0,2,0,1,1,2,qa_engineer,,0.37,2,3,1,2,1,2,1,2,2,0,0,3
SYN-C3-2490,3,cybersecurity_analyst,1,1,0,2,0,0,0,0,1,1,0,0,0,0,1,1,3,2,2,1,0,0,0,1,0,1,cybersecurity_analyst,,-0.6794,1,1,0,0,1,1,0,0,0,2,3,0
SYN-C3-2491,4,data_scientist,1,3,0,1,0,1,0,0,3,0,0,1,1,0,0,0,1,1,0,1,0,0,1,0,0,1,data_scientist,,-0.515,0,0,0,0,0,1,2,1,1,1,1,0
SYN-C3-2492,3,data_analyst,1,2,0,1,1,0,1,1,2,0,1,0,1,1,0,0,0,1,0,0,0,2,0,1,1,3,project_coordinator,,0.041,1,1,1,1,1,2,1,3,1,1,1,3
SYN-C3-2493,4,qa_engineer,1,1,1,2,1,1,0,0,1,0,0,0,1,0,0,0,0,1,2,2,1,1,0,1,0,3,qa_engineer,network_engineer,-0.9614,1,3,1,1,1,1,1,1,2,1,2,2
SYN-C3-2494,3,mobile_developer,2,1,1,1,1,0,0,0,1,0,0,0,0,0,1,1,1,0,0,2,1,2,0,0,0,2,qa_engineer,,-0.268,1,3,1,1,1,0,0,1,1,0,1,1
SYN-C3-2495,3,project_coordinator,2,0,1,2,1,1,1,1,2,1,2,1,0,1,1,1,1,0,0,1,0,3,0,2,2,3,project_coordinator,,0.8271,3,2,1,2,0,2,2,3,2,1,0,3
SYN-C3-2496,3,software_engineer,0,1,0,0,1,1,0,1,2,1,2,1,2,0,0,0,2,1,1,0,0,0,1,1,0,2,data_analyst,,0.2019,0,1,0,1,1,3,2,1,2,1,2,0
SYN-C3-2497,3,qa_engineer,1,0,0,1,1,1,0,1,2,0,0,0,0,0,0,0,0,1,0,2,2,2,0,1,0,1,qa_engineer,,-0.4455,1,3,1,1,0,1,0,1,1,0,0,1
SYN-C3-2498,4,frontend_engineer,1,0,3,1,2,2,1,0,2,0,1,0,1,0,0,0,0,1,0,0,0,1,1,1,1,3,frontend_engineer,,-0.2728,2,1,3,2,0,2,1,2,3,0,0,3
SYN-C3-2499,4,qa_engineer,2,1,2,3,2,1,1,1,2,1,2,0,2,0,1,2,2,1,2,3,2,2,1,2,1,3,qa_engineer,data_analyst,1.3021,3,3,3,3,2,3,2,3,3,2,2,3
SYN-C3-2500,4,data_analyst,1,1,1,1,1,0,0,0,2,1,1,0,2,1,1,2,1,0,1,0,0,0,0,1,0,3,data_analyst,devops_engineer,-0.4881,1,2,0,1,1,3,2,1,1,1,2,1
SYN-C3-2501,3,network_engineer,2,1,1,2,0,1,0,1,1,0,0,1,1,0,0,0,1,2,1,0,0,0,0,0,0,2,network_engineer,,-0.9262,1,1,1,1,1,1,0,0,1,2,1,0
SYN-C3-2502,4,network_engineer,1,1,1,1,0,1,1,0,2,0,0,0,0,1,0,1,0,3,1,1,0,1,1,1,1,2,network_engineer,,-0.0403,2,2,1,1,1,2,1,2,3,3,2,2
SYN-C3-2503,3,software_engineer,2,0,1,1,2,1,1,1,2,1,0,0,1,0,1,1,1,1,0,1,0,2,0,0,1,2,software_engineer,,-0.5655,3,2,2,3,1,1,0,1,2,1,1,2
SYN-C3-2504,4,mobile_developer,2,2,0,3,2,2,2,3,3,1,0,0,1,0,2,0,1,0,1,1,1,1,2,2,1,1,mobile_developer,,1.1534,3,2,3,3,1,2,1,2,2,0,1,1
SYN-C3-2505,3,frontend_engineer,1,1,2,1,3,2,0,0,0,0,1,0,0,0,0,0,0,1,1,0,0,1,1,1,0,2,frontend_engineer,,0.4115,1,1,3,2,1,1,1,1,3,1,1,2
SYN-C3-2506,4,data_scientist,0,1,0,1,2,2,0,1,1,1,1,3,1,1,0,0,1,0,0,0,0,2,0,0,0,2,data_scientist,,-1.3342,1,1,1,1,1,2,2,1,1,1,1,2
SYN-C3-2507,3,software_engineer,2,1,2,2,2,1,2,0,2,1,0,0,0,0,0,0,1,1,0,1,0,1,0,1,0,2,software_engineer,,0.0699,3,2,2,3,1,2,1,1,2,1,1,1
SYN-C3-2508,3,software_engineer,1,2,1,1,0,0,0,0,1,0,1,1,2,0,0,0,0,1,0,0,0,0,0,0,0,1,data_scientist,network_engineer,-1.2438,0,1,0,0,0,2,2,0,0,1,0,0
SYN-C3-2509,3,frontend_engineer|devops_engineer,1,2,1,2,3,2,1,0,1,1,0,0,1,1,1,1,2,2,0,2,1,1,3,1,0,3,frontend_engineer,devops_engineer,0.9748,3,3,3,2,2,1,1,2,3,2,2,2
SYN-C3-2510,3,qa_engineer,1,0,0,1,1,0,0,1,2,0,0,0,0,0,0,0,1,0,0,1,0,1,0,0,0,3,qa_engineer,project_coordinator,-1.0289,1,2,0,1,0,1,0,1,1,1,0,1
SYN-C3-2511,3,qa_engineer,3,0,3,1,3,2,0,0,3,1,1,2,1,0,1,0,1,2,2,2,2,1,2,1,1,3,qa_engineer,,2.4042,3,3,3,2,1,2,2,3,3,2,2,3
SYN-C3-2512,4,cybersecurity_analyst,2,3,2,2,2,2,1,0,3,1,3,2,3,1,1,1,2,1,2,2,1,3,1,2,0,3,data_analyst,qa_engineer,1.4399,3,3,3,2,3,3,3,3,3,3,3,2
SYN-C3-2513,3,mobile_developer|ui_ux_designer,3,0,2,0,2,2,1,2,1,0,1,0,0,0,1,0,1,1,1,1,0,2,2,0,1,3,mobile_developer,ui_ux_designer,0.5859,2,2,3,3,1,0,0,3,3,1,1,2
SYN-C3-2514,3,software_engineer,3,0,3,2,3,2,2,0,3,1,1,1,1,2,1,1,2,1,1,2,2,1,0,1,0,3,software_engineer,,1.2847,3,3,3,3,3,2,2,2,2,2,2,2
SYN-C3-2515,4,data_scientist,2,3,2,1,1,1,0,0,1,0,2,2,1,1,0,1,1,1,1,0,1,1,1,0,0,2,data_scientist,,-0.3532,2,2,2,2,2,2,3,1,2,2,2,1
SYN-C3-2516,3,cybersecurity_analyst,0,1,0,0,1,1,0,0,0,0,0,0,0,1,2,0,2,1,1,0,0,0,0,0,0,1,cybersecurity_analyst,devops_engineer,-2.1652,0,0,0,0,2,0,0,0,0,1,2,0
SYN-C3-2517,3,ui_ux_designer,2,0,2,1,1,2,0,0,1,0,1,1,1,0,0,1,0,2,0,0,1,1,3,2,0,2,ui_ux_designer,,0.5369,2,2,2,1,0,2,1,2,3,1,1,2
SYN-C3-2518,4,cybersecurity_analyst,1,0,1,2,1,0,0,1,0,0,0,0,2,1,1,0,1,2,1,0,0,0,0,1,0,2,cybersecurity_analyst,,-0.561,1,1,0,0,1,1,1,0,0,3,2,1
SYN-C3-2519,4,business_analyst,1,1,1,2,1,1,0,0,2,0,1,0,1,1,0,1,2,1,0,1,0,2,0,2,1,3,business_analyst,,-0.2034,2,2,1,1,2,3,2,3,2,2,2,3
SYN-C3-2520,3,mobile_developer,1,1,0,1,1,1,1,2,1,1,0,0,0,0,0,0,1,0,1,0,1,1,1,0,0,1,mobile_developer,,-0.3362,2,1,1,3,0,0,0,0,1,1,1,0
SYN-C3-2521,3,network_engineer,2,1,1,2,2,1,0,0,2,0,0,0,0,0,0,1,0,1,0,1,0,2,2,2,1,2,business_analyst,ui_ux_designer,0.7911,2,2,1,2,1,2,1,3,3,0,1,2
SYN-C3-2522,3,devops_engineer|cybersecurity_analyst,1,1,0,0,2,0,0,0,1,0,0,0,1,3,2,1,3,2,1,1,0,1,0,0,0,2,devops_engineer,cybersecurity_analyst,-0.4593,1,2,0,1,3,1,1,1,1,2,3,0
SYN-C3-2523,4,network_engineer|qa_engineer,1,0,1,0,1,0,1,0,1,0,0,0,0,0,0,0,1,1,1,1,0,1,1,0,0,2,network_engineer,qa_engineer,-1.7091,1,2,1,2,1,0,0,1,1,1,1,1
SYN-C3-2524,3,data_analyst,1,1,0,0,0,1,1,0,1,0,0,0,1,1,0,0,1,2,2,0,0,1,0,1,0,1,cybersecurity_analyst,,-0.6764,1,0,0,0,1,0,0,0,2,2,3,1
SYN-C3-2525,4,business_analyst,1,1,0,1,0,1,0,1,1,0,0,1,2,0,0,0,1,1,0,1,0,2,1,1,2,2,business_analyst,,-1.3987,1,1,1,1,0,2,1,3,2,1,2,2
SYN-C3-2526,4,network_engineer,2,1,0,2,2,2,0,1,1,0,0,0,0,3,2,1,1,3,1,0,0,1,0,0,0,2,network_engineer,devops_engineer,0.0599,2,1,2,2,3,1,1,0,2,3,3,0
SYN-C3-2527,4,data_analyst,2,1,3,2,2,2,1,0,3,2,2,2,1,1,0,0,2,1,0,1,1,2,0,1,1,2,software_engineer,,0.7855,3,3,3,2,1,3,2,2,2,2,2,3
SYN-C3-2528,3,cybersecurity_analyst|software_engineer,0,0,0,1,1,0,0,0,0,0,0,0,1,0,0,0,0,3,1,0,0,0,0,0,0,1,cybersecurity_analyst,software_engineer,-2.2906,0,0,0,0,0,0,0,0,0,2,1,0
SYN-C3-2529,3,qa_engineer,2,0,2,1,1,1,1,0,2,0,1,0,1,1,1,0,0,1,0,3,1,3,0,1,0,2,qa_engineer,,-0.3963,3,3,2,2,1,2,1,2,2,1,1,2
SYN-C3-2530,4,project_coordinator,1,0,2,0,0,1,0,0,0,0,0,0,0,1,0,0,0,1,0,0,1,1,0,1,2,2,project_coordinator,,-1.094,0,1,1,0,0,0,0,1,2,0,0,2
SYN-C3-2531,4,mobile_developer,3,1,2,1,2,1,1,2,2,2,2,1,1,1,0,0,1,1,1,1,0,3,1,1,1,2,mobile_developer,,1.021,3,2,2,3,1,3,2,3,3,2,2,3
SYN-C3-2532,4,software_engineer,2,1,1,3,2,2,1,1,2,1,1,0,1,1,0,1,2,0,2,0,1,3,0,0,1,3,software_engineer,,0.2607,3,2,2,2,2,2,2,2,2,2,2,2
SYN-C3-2533,3,data_scientist,1,3,0,3,2,2,2,0,3,0,3,3,2,1,0,0,1,1,1,0,0,0,0,1,0,2,data_scientist,data_analyst,0.6713,2,1,1,1,2,3,3,1,1,2,2,1
SYN-C3-2534,3,network_engineer|ui_ux_designer,2,1,2,2,2,2,1,1,2,0,0,0,1,1,0,1,0,0,0,0,0,1,0,0,0,2,software_engineer,ui_ux_designer,-1.1877,3,2,2,3,1,2,2,0,2,1,1,1
SYN-C3-2535,3,business_analyst,1,1,1,0,0,1,0,0,2,0,0,1,0,0,0,0,0,1,0,1,0,1,0,2,2,2,business_analyst,mobile_developer,-0.3904,1,1,0,1,0,2,0,3,2,0,0,2
SYN-C3-2536,3,software_engineer,2,1,3,3,2,2,3,0,3,1,0,0,1,2,1,1,1,2,1,1,1,2,1,0,0,3,software_engineer,,1.451,3,2,3,3,2,2,1,2,2,2,3,1
SYN-C3-2537,4,software_engineer,3,0,2,2,2,2,2,2,2,2,0,0,0,1,1,1,1,1,1,1,0,2,0,0,1,2,software_engineer,,-0.1365,3,2,2,3,2,1,1,2,2,2,2,2
SYN-C3-2538,3,software_engineer,2,0,1,1,1,2,1,0,3,0,0,0,0,1,0,0,0,0,0,1,0,1,0,0,0,1,software_engineer,,-0.5841,2,1,1,1,0,0,0,0,1,0,0,0
SYN-C3-2539,4,data_analyst,3,3,1,3,2,0,0,1,3,1,3,1,2,1,1,1,1,1,1,2,1,3,0,1,0,3,data_analyst,cybersecurity_analyst,1.4695,3,3,1,2,2,3,3,2,1,2,3,2
SYN-C3-2540,4,cybersecurity_analyst,1,0,1,2,1,1,1,0,1,0,0,0,1,0,0,1,2,2,1,1,0,0,0,0,1,2,cybersecurity_analyst,software_engineer,-1.7695,2,1,1,1,1,1,0,1,1,3,3,0
SYN-C3-2541,4,cybersecurity_analyst,2,2,0,1,1,0,0,0,2,1,1,0,0,0,1,0,2,2,2,0,0,1,0,1,0,2,cybersecurity_analyst,data_analyst,-1.0765,1,2,0,1,1,2,1,1,1,3,3,1
SYN-C3-2542,4,data_scientist|cybersecurity_analyst,3,1,2,2,2,2,2,1,3,2,1,2,1,2,1,1,2,2,2,1,1,2,1,1,2,3,software_engineer,cybersecurity_analyst,1.5144,3,2,3,3,2,2,2,3,3,3,3,3
SYN-C3-2543,3,devops_engineer,2,2,0,1,2,1,0,0,1,0,0,0,1,2,2,1,2,2,1,0,1,0,0,0,0,1,devops_engineer,,-0.2446,2,1,0,0,3,1,1,0,0,3,2,0
SYN-C3-2544,4,ui_ux_designer,1,1,2,0,0,1,0,0,2,0,2,1,2,0,1,2,0,1,0,1,0,2,1,1,0,2,ui_ux_designer,data_scientist,-0.7812,2,2,1,1,1,3,2,3,3,0,0,2
SYN-C3-2545,3,devops_engineer,1,2,1,1,2,0,0,0,1,0,0,0,0,1,1,1,1,2,1,0,0,1,0,0,1,2,devops_engineer,,-0.502,2,1,1,1,2,1,1,0,1,2,3,1
SYN-C3-2546,3,ui_ux_designer,1,0,0,1,0,1,0,0,1,0,1,1,0,0,0,0,0,0,0,1,0,1,2,0,0,3,ui_ux_designer,,-0.472,1,1,1,1,0,1,0,2,2,0,0,1
SYN-C3-2547,4,software_engineer|project_coordinator,1,1,0,1,1,1,0,0,2,1,2,1,1,1,1,0,1,1,0,1,0,2,0,2,2,3,business_analyst,project_coordinator,0.237,2,3,0,1,1,3,2,3,2,2,1,3
SYN-C3-2548,4,software_engineer,2,1,0,2,2,1,2,1,2,1,0,0,0,0,0,0,0,1,0,1,1,0,1,0,0,3,software_engineer,,-0.8731,3,1,2,2,0,1,0,1,1,0,1,1
SYN-C3-2549,4,business_analyst,2,1,1,2,2,1,2,1,2,1,3,1,2,1,0,2,1,1,1,3,1,3,2,3,2,3,business_analyst,mobile_developer,0.8163,3,3,3,3,2,3,3,3,3,2,2,3
SYN-C3-2550,4,network_engineer|mobile_developer,3,1,1,3,1,2,2,2,2,1,1,2,1,2,2,0,3,3,3,0,2,2,2,2,1,3,network_engineer,mobile_developer,1.5365,3,3,2,3,2,3,1,3,3,3,3,3
SYN-C3-2551,3,software_engineer,3,0,3,2,2,2,3,2,2,1,0,0,1,1,0,1,1,0,0,1,0,2,1,2,0,3,software_engineer,mobile_developer,1.1143,3,2,3,3,1,2,1,2,3,0,0,2
SYN-C3-2552,3,data_scientist,0,3,0,2,1,0,1,0,1,0,0,2,2,1,0,0,0,1,0,0,0,1,0,1,1,2,data_scientist,,-0.3075,1,1,0,1,1,2,3,1,1,1,1,3
SYN-C3-2553,4,cybersecurity_analyst,2,1,2,2,1,1,0,1,2,0,0,1,1,1,1,0,2,3,2,0,0,2,2,1,1,2,cybersecurity_analyst,,0.8432,2,3,2,3,2,2,1,2,3,3,3,2
SYN-C3-2554,3,software_engineer,3,0,1,2,2,1,1,0,3,2,0,0,0,0,1,1,0,1,0,1,0,2,0,1,0,2,software_engineer,,-0.1318,3,2,2,2,0,1,1,1,2,0,0,2
SYN-C3-2555,3,frontend_engineer,0,0,2,1,1,2,0,0,1,0,0,0,0,0,0,0,0,0,0,0,0,0,1,0,0,1,frontend_engineer,,-1.8294,0,1,2,0,0,0,0,0,1,0,0,0
SYN-C3-2556,3,data_analyst,0,1,0,2,0,0,0,0,3,0,2,0,1,0,0,0,0,1,0,0,0,1,0,0,0,2,data_analyst,,-0.6794,1,0,0,0,0,3,1,1,1,0,0,1
SYN-C3-2557,4,data_analyst|business_analyst,1,1,1,3,1,1,0,0,3,1,1,2,1,0,0,0,2,1,0,1,0,2,2,3,1,3,data_analyst,business_analyst,0.7054,2,3,2,2,1,3,2,3,3,1,2,3
SYN-C3-2558,4,business_analyst,2,1,1,1,2,2,1,1,3,1,1,1,1,0,0,1,1,0,0,2,0,2,2,3,0,3,business_analyst,mobile_developer,0.5949,3,2,3,3,1,3,2,3,3,0,1,2
SYN-C3-2559,4,project_coordinator|data_scientist,1,2,1,3,1,1,1,0,2,0,2,2,1,0,1,2,2,1,0,0,0,1,0,1,1,3,project_coordinator,data_scientist,0.1021,2,2,1,1,2,3,3,2,2,1,2,3
SYN-C3-2560,3,network_engineer,2,0,0,1,1,0,0,0,2,1,0,0,1,0,1,1,1,3,1,1,0,0,0,0,0,2,network_engineer,cybersecurity_analyst,-0.2133,2,1,0,1,1,1,1,0,0,3,2,0
SYN-C3-2561,4,data_analyst,1,1,1,0,0,0,0,1,3,0,0,0,2,0,0,0,0,0,0,0,1,0,0,0,0,1,data_analyst,,-1.8387,0,0,0,0,0,2,1,0,0,0,0,0
SYN-C3-2562,3,data_analyst,0,1,2,2,0,1,0,1,2,0,1,0,0,1,0,0,1,0,0,0,1,2,1,2,2,3,project_coordinator,,0.8283,2,2,2,1,0,2,1,3,3,1,1,3
SYN-C3-2563,4,data_analyst,1,1,2,2,0,1,1,1,3,1,2,0,2,1,0,1,1,0,1,1,1,1,1,1,2,2,data_analyst,,1.3161,3,2,2,2,0,3,2,2,2,1,1,2
SYN-C3-2564,3,business_analyst,1,0,1,0,0,0,0,0,1,0,1,1,0,0,0,0,1,0,0,0,0,1,0,1,0,2,business_analyst,,-0.7566,0,1,0,0,0,1,0,2,2,0,0,1
SYN-C3-2565,4,software_engineer,3,0,3,2,2,2,0,0,2,1,1,1,0,0,0,1,1,0,1,1,0,2,0,2,0,3,software_engineer,business_analyst,-0.1664,3,2,3,2,1,1,1,3,2,1,1,3
SYN-C3-2566,4,devops_engineer,2,0,2,3,1,1,1,2,2,2,1,2,0,2,0,0,3,3,2,0,0,1,0,2,1,2,network_engineer,,1.4856,3,1,2,3,2,2,1,2,3,3,3,2
SYN-C3-2567,3,devops_engineer|frontend_engineer,1,1,2,1,3,2,1,1,2,1,1,0,2,1,3,1,3,3,2,0,1,2,2,0,1,2,devops_engineer,frontend_engineer,1.5593,3,2,3,2,3,3,2,2,3,3,3,2
SYN-C3-2568,4,data_scientist,3,1,2,2,3,2,2,1,3,1,0,1,1,2,2,1,2,3,1,1,0,2,2,1,1,2,software_engineer,,1.8738,3,2,3,3,3,2,2,2,3,3,3,3
SYN-C3-2569,4,software_engineer,3,0,0,2,2,1,1,0,2,0,0,0,0,0,1,0,0,1,0,0,0,1,0,0,1,3,software_engineer,project_coordinator,-0.7923,3,1,2,2,1,1,1,1,1,0,0,2
SYN-C3-2570,4,mobile_developer,2,2,2,1,3,0,1,2,2,0,1,1,1,1,0,0,1,1,1,0,1,2,2,0,0,2,mobile_developer,,0.2951,2,2,2,3,1,3,2,1,2,2,2,2
SYN-C3-2571,3,cybersecurity_analyst,0,0,1,0,0,0,1,0,0,0,0,0,0,1,0,0,1,1,1,0,0,1,0,0,0,2,cybersecurity_analyst,,-1.6656,0,0,0,0,1,0,0,0,1,2,1,0
SYN-C3-2572,3,software_engineer,3,1,2,2,3,3,2,0,3,2,0,0,0,0,1,1,0,1,1,2,0,3,1,1,0,2,software_engineer,,0.9173,3,3,3,2,1,2,1,2,2,1,1,2
SYN-C3-2573,3,frontend_engineer,0,1,1,1,1,2,1,0,1,0,0,0,1,0,0,0,1,0,0,0,1,1,2,1,0,2,frontend_engineer,,-0.3995,1,2,3,1,0,2,0,1,3,1,0,1
SYN-C3-2574,3,frontend_engineer|ui_ux_designer,2,2,1,2,3,2,2,0,2,0,1,1,1,1,2,1,1,1,2,1,0,2,1,1,0,3,software_engineer,ui_ux_designer,0.9589,3,3,3,2,2,2,2,3,3,3,2,3
SYN-C3-2575,4,cybersecurity_analyst,1,3,0,2,1,1,0,0,1,0,1,2,2,1,1,1,0,0,1,0,0,0,0,0,0,1,data_scientist,,-1.2733,1,1,0,0,0,2,3,0,0,1,0,0
SYN-C3-2576,4,mobile_developer,3,3,2,1,3,1,1,3,2,2,1,1,2,2,1,1,2,1,1,2,0,2,1,2,1,3,mobile_developer,data_scientist,1.8164,3,2,2,3,3,3,3,3,3,2,2,3
SYN-C3-2577,4,cybersecurity_analyst,0,0,0,1,0,0,0,0,1,2,0,0,0,0,0,0,1,3,2,1,0,0,0,1,0,0,cybersecurity_analyst,,-1.2255,0,0,0,0,0,0,0,1,0,2,2,0
SYN-C3-2578,3,qa_engineer,2,0,0,0,1,1,1,0,2,0,0,0,0,0,1,0,0,0,0,1,0,2,1,0,0,1,qa_engineer,,-0.5789,2,2,1,1,0,0,0,1,2,0,0,1
SYN-C3-2579,4,ui_ux_designer,2,2,1,1,1,3,1,0,2,1,0,0,1,1,0,0,1,0,0,3,0,3,2,2,1,2,ui_ux_designer,business_analyst,0.6071,2,3,3,2,1,3,1,3,3,1,1,2
SYN-C3-2580,4,project_coordinator,1,1,2,2,1,1,2,1,1,0,1,0,2,0,2,0,1,2,0,0,1,3,1,1,1,3,project_coordinator,,0.4696,2,3,3,2,1,2,1,3,3,2,1,3
SYN-C3-2581,3,software_engineer,2,2,1,2,1,0,1,0,3,0,0,0,1,1,0,1,1,0,1,1,1,2,1,0,0,2,software_engineer,,0.4615,3,2,2,2,1,1,2,2,1,1,1,1
SYN-C3-2582,4,network_engineer,1,0,2,1,1,1,0,1,2,1,0,0,1,1,0,0,2,3,0,1,1,1,0,3,1,2,network_engineer,,-0.1277,2,2,1,2,1,2,1,2,2,3,2,2
SYN-C3-2583,4,network_engineer,1,0,0,2,2,1,0,0,0,1,1,0,1,0,0,0,1,2,2,0,0,1,0,0,0,2,network_engineer,,-0.4406,1,1,1,1,1,1,0,0,1,3,2,1
SYN-C3-2584,4,software_engineer,2,2,2,2,1,2,1,0,1,0,0,0,0,1,1,1,0,0,1,0,0,1,0,0,0,2,software_engineer,,-0.5566,3,2,2,2,1,1,1,0,1,1,1,0
SYN-C3-2585,4,cybersecurity_analyst|network_engineer,1,2,1,1,1,1,1,0,2,0,0,1,1,0,0,1,1,1,0,2,3,1,1,2,0,2,qa_engineer,network_engineer,0.4863,2,3,3,2,1,2,2,1,3,1,1,1
SYN-C3-2586,4,business_analyst,1,2,1,3,1,0,0,1,3,0,1,0,2,0,0,0,1,1,1,0,0,1,0,2,0,3,data_analyst,cybersecurity_analyst,-0.7671,1,1,1,2,1,3,2,1,2,1,2,2
SYN-C3-2587,3,data_scientist,2,2,1,1,2,1,0,0,3,0,2,2,3,1,0,0,0,0,0,0,0,0,1,1,0,2,data_scientist,,0.1647,2,1,1,1,0,3,3,1,2,0,1,1
SYN-C3-2588,4,devops_engineer,3,1,2,3,3,2,2,1,2,1,0,1,1,1,2,1,2,2,1,2,3,3,0,1,0,3,software_engineer,,1.1904,3,3,3,3,3,3,2,2,2,2,3,2
SYN-C3-2589,4,data_analyst|software_engineer,2,1,0,2,1,1,1,0,3,1,0,1,1,0,1,2,0,1,0,2,2,1,0,1,1,3,qa_engineer,software_engineer,-0.4793,3,3,2,2,1,2,1,2,2,1,1,2
SYN-C3-2590,3,qa_engineer,2,1,1,1,2,2,0,0,2,0,0,1,1,1,0,1,0,1,0,2,2,2,2,1,1,3,qa_engineer,business_analyst,0.7317,2,3,2,2,1,2,2,3,3,1,1,3
SYN-C3-2591,3,qa_engineer|data_scientist,0,2,2,2,2,2,1,1,3,3,2,2,3,0,0,1,1,2,2,3,2,3,0,1,0,3,qa_engineer,data_scientist,2.61,3,3,3,2,1,3,3,2,2,2,3,2
SYN-C3-2592,4,project_coordinator,2,1,0,3,2,1,1,0,2,0,1,1,2,0,0,0,0,2,0,1,1,2,1,2,2,3,project_coordinator,,1.2178,2,2,2,2,0,3,2,3,2,1,1,3
SYN-C3-2593,4,ui_ux_designer,2,1,2,3,1,1,0,0,2,0,0,0,1,0,0,1,0,1,0,1,1,1,0,1,0,2,qa_engineer,,0.0532,2,3,2,1,1,2,1,1,3,0,1,1
SYN-C3-2594,4,data_analyst,2,2,2,1,2,1,1,1,3,0,3,1,2,2,0,0,2,1,2,2,2,2,1,2,1,3,data_analyst,,1.6772,3,3,3,3,2,3,3,3,2,3,3,3
SYN-C3-2595,4,business_analyst|data_scientist,2,2,1,1,1,2,1,1,3,1,1,1,2,1,0,1,2,2,1,1,0,2,2,2,2,3,business_analyst,data_scientist,1.4795,3,2,3,3,2,3,3,3,3,3,3,3
SYN-C3-2596,3,business_analyst,1,2,1,1,0,1,0,0,2,1,1,1,2,0,2,0,0,2,0,0,0,2,1,2,2,3,business_analyst,,0.7608,1,2,1,1,0,3,2,3,2,1,1,3
SYN-C3-2597,3,data_scientist,1,1,0,1,1,1,1,1,0,0,1,1,1,1,1,0,2,0,0,0,1,1,0,1,0,2,data_scientist,,0.1129,1,1,1,1,2,2,1,0,2,1,2,1
SYN-C3-2598,4,data_analyst|devops_engineer,0,1,1,1,0,0,0,0,2,0,1,0,2,0,0,1,1,0,0,1,0,0,0,0,0,1,data_analyst,devops_engineer,-2.0878,0,0,0,0,0,3,1,0,0,0,1,0
SYN-C3-2599,3,data_scientist,1,1,1,1,0,1,1,1,1,0,1,1,1,0,0,1,1,1,0,2,1,3,0,2,1,3,business_analyst,,0.8324,1,3,1,1,1,3,1,3,2,1,1,3
SYN-C3-2600,3,project_coordinator,2,0,1,2,0,1,0,2,2,1,1,1,0,1,0,0,1,1,1,0,2,2,0,1,1,2,project_coordinator,,1.2774,2,3,1,1,1,1,1,2,2,2,1,3
SYN-C3-2601,3,cybersecurity_analyst,1,1,0,1,1,0,0,0,1,0,0,0,0,0,0,0,0,2,2,0,0,0,0,0,0,1,cybersecurity_analyst,,-0.736,0,1,0,0,0,1,0,0,0,1,2,0
SYN-C3-2602,3,data_analyst,0,1,0,2,2,1,0,1,2,0,1,0,1,0,0,0,0,1,1,0,1,0,0,1,1,1,data_analyst,,-0.3351,0,0,1,0,0,3,1,1,1,1,1,1
SYN-C3-2603,4,software_engineer|cybersecurity_analyst,2,2,1,1,1,0,0,1,1,1,1,0,1,2,1,2,2,3,1,1,1,2,1,1,0,3,devops_engineer,cybersecurity_analyst,0.4169,2,3,1,2,3,2,2,3,2,3,3,2
SYN-C3-2604,4,mobile_developer,2,2,1,1,1,2,0,1,2,2,1,0,0,2,0,1,1,0,0,1,0,1,1,1,1,3,mobile_developer,,0.5593,2,2,1,2,1,3,2,3,3,0,1,3
SYN-C3-2605,4,cybersecurity_analyst,0,0,1,1,1,1,0,0,1,0,1,0,0,0,0,0,1,1,0,1,0,2,1,3,1,2,business_analyst,,-0.8005,1,1,1,1,1,2,1,3,3,1,1,2
SYN-C3-2606,3,data_scientist|mobile_developer,2,3,1,2,2,1,1,1,3,2,2,2,2,0,0,1,1,1,1,2,0,1,2,1,1,2,data_scientist,mobile_developer,1.3249,3,2,2,3,1,3,3,2,3,2,2,2
SYN-C3-2607,3,ui_ux_designer,1,0,1,1,0,3,1,0,1,0,1,1,1,0,0,0,1,2,0,2,1,1,2,1,1,3,ui_ux_designer,,1.1037,1,2,2,1,0,2,1,3,3,1,2,3
SYN-C3-2608,4,cybersecurity_analyst|ui_ux_designer,2,1,2,1,2,1,0,0,1,1,0,0,0,1,0,0,2,2,0,1,1,1,1,0,1,3,cybersecurity_analyst,ui_ux_designer,-0.3142,2,2,2,2,1,1,1,1,3,2,3,1
SYN-C3-2609,3,data_scientist,1,3,0,3,1,1,0,1,1,0,1,2,2,2,1,1,2,1,0,1,1,1,0,0,0,2,data_scientist,,0.3795,2,2,1,1,2,3,3,1,1,2,2,1
SYN-C3-2610,4,software_engineer,2,1,3,2,3,2,3,0,3,1,1,1,1,1,0,1,1,2,1,2,1,2,1,1,1,2,software_engineer,,1.7006,3,3,3,3,2,2,2,3,2,3,3,3
SYN-C3-2611,3,data_analyst,0,1,0,1,0,1,0,0,2,0,2,0,2,0,0,0,0,1,0,0,0,1,0,2,0,2,data_analyst,network_engineer,-0.9634,1,1,0,0,0,3,2,2,2,1,1,1
SYN-C3-2612,4,network_engineer,2,0,0,1,0,1,0,0,0,0,0,0,1,1,0,0,1,2,2,1,0,0,0,0,0,2,network_engineer,,-1.1769,1,0,0,0,0,0,0,0,1,3,3,0
SYN-C3-2613,3,software_engineer,3,1,1,2,1,1,2,0,2,1,0,0,0,1,2,0,0,1,1,1,0,1,1,0,0,2,software_engineer,,0.4232,3,2,2,2,1,2,1,1,2,2,1,1
SYN-C3-2614,4,software_engineer|frontend_engineer,3,1,2,1,2,3,2,0,3,2,0,1,1,1,3,1,2,1,1,2,0,1,2,0,2,2,software_engineer,frontend_engineer,0.4681,3,2,3,3,3,2,2,1,3,2,3,2
SYN-C3-2615,3,data_analyst,1,2,1,3,1,1,1,0,3,1,3,0,2,1,0,0,2,1,2,1,1,0,1,1,1,3,data_analyst,,1.8651,2,2,2,2,2,3,2,2,2,3,3,2
SYN-C3-2616,3,qa_engineer,2,1,2,2,1,0,0,1,3,0,1,0,0,2,1,1,1,2,0,2,1,2,1,1,0,2,qa_engineer,data_analyst,1.1874,2,3,1,2,2,3,1,2,2,2,2,2
SYN-C3-2617,4,software_engineer|project_coordinator,3,1,1,3,2,1,2,1,3,1,1,0,1,1,1,0,1,2,1,0,1,3,1,1,2,3,software_engineer,project_coordinator,0.7006,3,3,2,3,2,3,1,3,3,2,2,3
SYN-C3-2618,4,mobile_developer,2,1,2,1,2,2,1,2,3,1,0,1,1,0,0,1,1,2,0,0,1,2,0,2,0,2,mobile_developer,,0.0062,3,2,3,3,1,2,1,2,2,2,1,2
SYN-C3-2619,3,qa_engineer,0,2,0,2,1,1,0,1,2,0,0,0,0,0,1,1,1,2,2,0,0,0,0,0,0,2,cybersecurity_analyst,,0.2048,1,0,0,0,1,1,1,0,1,3,3,0
SYN-C3-2620,4,qa_engineer,1,0,1,2,2,1,0,0,2,1,1,0,0,1,0,0,0,1,1,2,2,2,2,1,1,3,qa_engineer,,-0.0176,2,3,2,2,1,2,1,3,3,2,1,3
SYN-C3-2621,4,ui_ux_designer|mobile_developer,2,1,1,1,0,1,0,2,1,1,0,0,1,0,0,0,0,0,0,0,0,2,3,0,0,2,ui_ux_designer,mobile_developer,-1.1129,1,2,1,3,0,2,0,1,3,0,0,1
SYN-C3-2622,3,ui_ux_designer|software_engineer,2,0,2,2,2,3,2,1,2,1,1,1,0,0,2,2,1,1,1,2,1,3,2,1,1,3,ui_ux_designer,software_engineer,1.2594,3,3,3,3,2,2,1,3,3,1,1,3
SYN-C3-2623,3,data_scientist,0,2,0,2,0,0,1,0,2,0,0,2,1,0,0,1,0,0,0,1,0,0,0,1,0,2,data_scientist,,-0.7273,0,0,0,0,0,2,3,1,0,0,0,1
SYN-C3-2624,3,qa_engineer|data_scientist,1,1,1,2,0,0,0,0,1,0,0,1,1,1,0,0,0,1,1,0,1,1,0,0,0,2,network_engineer,data_scientist,-0.6185,0,1,1,0,1,2,1,0,1,2,2,1
SYN-C3-2625,4,software_engineer|data_analyst,3,2,3,3,2,1,2,1,3,2,3,2,2,0,1,1,1,1,0,0,0,3,1,1,1,3,software_engineer,data_analyst,1.0522,3,2,3,3,1,3,3,3,3,1,1,3
SYN-C3-2626,4,qa_engineer,2,0,3,2,2,2,2,1,0,0,1,2,2,0,0,2,0,2,0,1,0,2,1,1,2,3,frontend_engineer,,1.219,2,2,3,2,1,1,1,2,2,1,1,3
SYN-C3-2627,3,data_scientist|data_analyst,0,2,1,1,1,0,0,0,2,0,2,1,2,1,0,0,1,1,0,1,1,0,0,0,0,2,data_scientist,data_analyst,-0.5842,1,1,0,0,0,3,3,1,0,2,1,0
SYN-C3-2628,3,data_scientist,0,2,0,2,2,1,0,0,2,0,1,3,1,1,0,0,1,0,1,2,0,2,0,0,0,2,data_scientist,,0.4093,2,2,1,1,1,2,3,2,1,1,1,2
SYN-C3-2629,3,business_analyst,2,1,1,1,0,1,0,0,3,0,1,1,0,1,0,1,0,0,0,0,1,2,2,1,1,2,business_analyst,,0.4799,2,2,1,1,0,2,1,3,3,1,1,3
SYN-C3-2630,3,business_analyst,2,1,0,1,0,0,0,0,2,1,2,1,0,0,1,0,0,1,1,0,1,1,1,1,1,1,business_analyst,,0.344,1,1,0,1,0,2,1,1,1,1,1,2
SYN-C3-2631,3,ui_ux_designer,2,0,0,1,0,1,0,1,1,1,0,0,0,0,0,0,0,1,0,1,0,2,1,1,0,2,ui_ux_designer,,0.0836,1,1,1,2,0,0,0,2,3,1,0,2
SYN-C3-2632,3,data_analyst,1,1,0,1,0,0,0,0,2,0,1,0,1,0,0,0,0,0,0,0,0,0,0,1,0,2,data_analyst,,-1.803,0,0,0,0,0,3,1,1,0,0,0,1
SYN-C3-2633,4,software_engineer,2,1,1,2,2,1,1,0,1,1,0,0,1,1,0,0,0,0,0,1,0,1,0,0,0,1,software_engineer,,-1.873,3,1,1,2,0,1,1,0,1,0,1,0
SYN-C3-2634,3,network_engineer,0,0,1,2,0,1,0,1,0,0,0,0,1,2,0,0,2,2,2,0,1,0,0,0,0,1,network_engineer,,-0.291,0,0,0,0,1,0,0,0,0,3,3,0
SYN-C3-2635,3,mobile_developer,3,1,2,1,3,2,0,3,2,1,1,2,1,1,0,1,2,0,1,1,2,3,1,2,1,2,mobile_developer,,1.7749,3,3,2,3,2,3,2,3,3,2,2,3
SYN-C3-2636,4,data_analyst|software_engineer,1,1,1,2,0,0,1,0,3,0,2,1,2,1,1,1,1,0,0,0,1,2,1,2,0,3,data_analyst,software_engineer,0.1364,2,2,1,2,1,3,2,3,2,1,1,2
SYN-C3-2637,4,qa_engineer,2,0,3,1,1,2,0,0,2,0,1,0,0,2,1,1,1,0,1,3,2,2,0,2,0,3,qa_engineer,,0.103,3,3,2,2,2,2,1,3,2,1,1,3
SYN-C3-2638,4,mobile_developer,2,1,1,1,1,1,0,3,2,1,1,1,0,1,0,0,0,0,0,1,0,1,2,0,0,2,mobile_developer,,-0.9468,2,2,2,3,0,2,1,1,2,0,1,1
SYN-C3-2639,3,qa_engineer|frontend_engineer,1,1,2,2,1,3,0,0,3,1,0,1,0,0,1,0,1,1,0,3,2,2,2,0,0,2,qa_engineer,frontend_engineer,0.599,3,3,3,2,1,2,1,2,3,1,1,1
SYN-C3-2640,3,data_scientist,0,2,1,1,2,2,0,1,1,0,1,1,2,0,1,1,0,0,0,1,0,1,0,0,0,1,data_scientist,,-0.131,1,1,1,1,1,2,2,1,1,0,0,0
SYN-C3-2641,4,software_engineer,3,1,1,3,2,1,2,0,3,2,1,2,1,0,1,0,1,0,1,1,1,2,1,0,0,3,software_engineer,data_analyst,-0.0853,3,3,3,3,2,2,1,2,2,1,1,2
SYN-C3-2642,3,data_scientist|ui_ux_designer,1,2,0,1,1,0,0,0,1,0,0,1,1,0,0,0,0,1,0,0,0,1,1,0,0,3,data_scientist,ui_ux_designer,-1.2251,1,1,1,1,0,2,2,1,1,1,1,1
SYN-C3-2643,3,devops_engineer,3,2,0,1,3,1,1,0,2,1,1,0,1,1,2,3,3,2,1,1,2,2,0,1,1,3,devops_engineer,software_engineer,1.1451,3,3,1,2,3,2,2,3,2,3,3,3
SYN-C3-2644,4,network_engineer,1,1,1,1,1,0,0,1,2,0,2,1,1,0,0,2,1,2,0,1,0,2,0,1,2,3,project_coordinator,,-0.2282,1,2,1,2,1,3,2,2,1,2,1,3
SYN-C3-2645,4,business_analyst|frontend_engineer,3,1,3,3,2,2,2,2,3,1,0,1,1,0,0,2,0,1,0,1,1,3,1,2,0,3,software_engineer,frontend_engineer,0.4428,3,2,3,3,1,2,1,3,3,0,1,2
SYN-C3-2646,3,mobile_developer,2,0,1,1,1,0,1,2,2,0,0,1,1,1,0,0,0,0,0,0,0,1,1,1,0,2,mobile_developer,,-0.6242,2,1,1,3,0,2,1,1,2,1,0,1
SYN-C3-2647,4,qa_engineer,2,0,1,2,1,1,0,0,2,1,0,2,1,1,1,1,1,1,0,1,2,2,2,1,1,2,qa_engineer,,1.2852,2,3,2,2,1,2,1,2,3,2,1,3
SYN-C3-2648,3,mobile_developer,1,0,0,0,2,0,1,0,1,0,0,1,0,0,0,0,0,0,0,0,0,0,2,0,0,1,mobile_developer,,-1.6133,1,0,1,2,0,0,0,0,0,0,0,0
SYN-C3-2649,3,software_engineer,2,0,1,1,0,1,1,0,2,0,1,0,1,0,1,1,0,0,0,0,0,1,0,0,0,2,software_engineer,,-1.2706,2,1,1,2,0,1,1,1,1,0,0,1
SYN-C3-2650,3,data_scientist,1,2,0,2,2,0,0,0,2,0,0,2,2,1,0,0,0,0,0,1,0,0,0,1,1,2,data_scientist,,-0.3198,2,1,0,0,0,3,3,0,0,1,1,1
SYN-C3-2651,4,software_engineer,3,1,2,1,2,2,2,0,2,1,1,1,2,1,0,0,1,2,1,2,0,2,1,0,0,3,software_engineer,,0.4662,3,2,3,3,2,3,3,2,2,3,2,2
SYN-C3-2652,4,data_analyst|project_coordinator,1,0,0,1,0,0,0,0,2,0,3,0,1,1,0,0,0,1,0,0,0,1,0,2,1,3,data_analyst,project_coordinator,-1.6809,1,0,0,1,0,3,1,2,1,1,1,3
SYN-C3-2653,4,network_engineer,1,1,0,2,2,2,0,0,2,2,0,0,1,1,2,2,2,3,2,1,1,1,1,0,0,3,network_engineer,devops_engineer,0.7242,2,2,2,2,3,2,2,1,2,3,3,1
SYN-C3-2654,3,frontend_engineer|qa_engineer,1,0,2,1,2,1,0,0,0,0,0,0,0,0,0,0,0,0,0,1,0,1,1,0,0,3,frontend_engineer,qa_engineer,-1.4714,1,1,2,2,0,0,0,1,2,0,0,1
SYN-C3-2655,3,software_engineer,2,1,2,2,2,1,1,0,3,0,0,0,0,0,0,1,1,1,0,0,0,1,1,0,0,3,software_engineer,ui_ux_designer,-0.1405,3,1,2,2,2,1,1,1,3,1,1,1
SYN-C3-2656,4,mobile_developer,1,0,0,1,1,2,0,0,1,0,0,0,2,1,0,0,1,3,3,0,0,0,0,1,0,2,network_engineer,,-0.9005,1,1,1,0,1,1,1,0,1,3,3,1
SYN-C3-2657,3,ui_ux_designer|mobile_developer,1,1,1,0,1,1,0,0,1,1,0,1,0,1,1,0,0,0,1,0,0,1,2,1,1,2,ui_ux_designer,mobile_developer,-0.1254,1,2,1,2,1,1,0,1,3,1,1,2
SYN-C3-2658,3,software_engineer,2,0,1,0,1,1,0,0,1,0,1,2,0,0,0,0,0,0,0,0,0,0,0,0,0,1,software_engineer,,-1.3072,1,1,0,0,0,0,1,0,1,0,0,0
SYN-C3-2659,3,software_engineer|data_scientist,3,1,2,0,2,1,1,0,3,0,0,1,1,0,0,0,1,1,0,0,0,1,0,0,0,3,software_engineer,data_scientist,-0.7988,3,1,2,2,1,2,1,1,2,0,1,0
SYN-C3-2660,4,qa_engineer,3,1,1,1,1,2,0,1,2,1,0,0,1,1,2,0,0,1,1,3,1,2,1,1,1,3,qa_engineer,,0.7255,2,3,2,2,1,2,1,2,3,1,2,3
SYN-C3-2661,3,project_coordinator,1,0,1,0,1,1,1,0,1,0,0,0,1,0,1,0,2,0,1,1,1,3,0,2,2,2,project_coordinator,,0.2862,2,3,1,1,1,0,0,2,2,1,1,3
SYN-C3-2662,3,devops_engineer,1,0,0,1,1,1,0,0,1,1,0,0,1,1,2,1,0,1,2,0,1,1,2,1,0,1,ui_ux_designer,,-0.2563,1,2,1,1,2,1,1,1,3,2,1,1
SYN-C3-2663,4,data_scientist,2,3,0,1,1,0,1,0,2,1,1,2,3,1,0,1,1,0,0,1,1,1,0,1,0,3,data_scientist,,0.0931,2,2,1,2,1,3,3,2,1,0,1,2
SYN-C3-2664,4,qa_engineer,2,1,2,3,1,0,1,0,2,0,1,1,1,0,1,0,1,0,0,2,3,3,1,1,1,2,qa_engineer,,0.5086,2,3,2,2,0,3,2,3,2,1,1,3
SYN-C3-2665,3,cybersecurity_analyst,0,1,0,0,0,1,0,1,1,1,0,0,1,0,0,0,1,2,1,0,0,0,0,0,0,1,cybersecurity_analyst,mobile_developer,-0.8158,0,0,0,0,0,1,0,0,0,1,2,0
SYN-C3-2666,3,software_engineer,3,1,2,2,2,2,3,0,2,0,1,1,2,1,1,2,2,1,0,1,1,2,0,0,1,3,software_engineer,,2.0553,3,3,3,2,3,3,3,2,2,2,2,3
SYN-C3-2667,3,devops_engineer,1,2,2,2,2,1,2,1,3,0,1,0,2,1,2,2,2,2,2,0,1,2,0,2,0,3,devops_engineer,,1.9667,3,2,3,2,3,3,3,2,2,3,3,2
SYN-C3-2668,3,data_scientist,0,3,1,1,1,0,0,1,2,0,2,2,3,1,1,0,1,1,0,1,1,2,1,1,1,1,data_scientist,,0.4505,1,2,1,1,1,3,3,2,1,1,1,2
SYN-C3-2669,4,data_analyst,1,3,0,1,1,1,0,0,3,0,2,1,3,0,0,0,1,0,0,0,0,0,2,1,1,2,data_analyst,data_scientist,-0.4784,1,1,1,0,0,3,3,2,2,0,1,2
SYN-C3-2670,4,ui_ux_designer|data_analyst,1,2,0,2,2,0,0,0,3,0,2,2,2,0,0,0,0,1,0,0,0,0,0,0,0,2,data_scientist,data_analyst,-1.5523,1,1,0,0,0,3,3,0,0,1,1,0
SYN-C3-2671,4,network_engineer,1,1,1,2,0,1,0,2,2,0,1,1,2,1,0,1,2,3,3,2,1,1,1,1,1,2,network_engineer,,1.4443,2,2,1,1,2,3,2,3,2,3,3,2
SYN-C3-2672,3,frontend_engineer,1,1,2,2,1,3,1,0,1,0,0,0,1,0,1,0,0,1,0,1,1,1,0,1,1,1,frontend_engineer,,0.987,2,2,2,2,1,1,0,1,1,0,1,1
SYN-C3-2673,4,software_engineer,2,1,2,1,2,1,1,1,2,0,0,0,1,0,1,1,1,1,0,0,0,1,0,0,1,2,software_engineer,,-0.6644,3,2,2,3,2,2,1,1,2,1,1,1
SYN-C3-2674,4,qa_engineer,1,0,0,2,2,1,1,1,3,0,0,1,0,1,0,0,0,1,0,2,0,2,0,1,1,2,qa_engineer,,-0.2545,2,2,2,2,0,2,1,2,2,1,1,2
SYN-C3-2675,3,cybersecurity_analyst,0,1,0,2,0,1,0,0,1,0,0,0,0,1,0,0,1,1,2,0,0,1,0,0,0,1,cybersecurity_analyst,project_coordinator,-0.72,1,0,0,0,1,1,0,0,1,2,3,0
SYN-C3-2676,3,data_scientist,2,2,1,3,2,1,0,2,2,1,2,1,3,0,1,1,1,1,0,2,2,1,2,1,0,3,data_scientist,ui_ux_designer,1.5601,3,3,2,3,1,3,3,2,3,1,1,2
SYN-C3-2677,4,software_engineer|ui_ux_designer,2,0,1,2,2,2,1,0,1,1,0,1,1,2,1,1,0,1,0,1,0,3,1,1,0,3,software_engineer,ui_ux_designer,-0.0698,3,3,2,2,1,1,1,2,3,1,1,2
SYN-C3-2678,3,software_engineer,3,1,2,3,3,1,1,1,3,0,1,1,1,1,1,0,1,1,0,1,0,2,0,0,0,2,software_engineer,data_scientist,0.419,3,2,2,2,2,2,2,2,2,1,2,1
SYN-C3-2679,4,qa_engineer,2,2,1,2,0,1,0,0,0,0,0,0,0,0,0,1,0,2,1,2,1,1,0,1,0,3,qa_engineer,network_engineer,-1.1742,1,2,1,0,0,1,0,1,2,2,2,1
SYN-C3-2680,4,software_engineer,2,1,1,1,2,1,1,1,1,0,1,0,1,1,1,1,1,0,2,0,0,1,1,1,1,2,software_engineer,,-0.3778,3,2,3,3,2,2,2,2,3,2,2,3
SYN-C3-2681,3,data_analyst,3,2,2,2,0,2,0,1,3,0,3,1,2,0,1,1,1,0,2,1,1,1,1,1,0,3,data_analyst,,1.827,2,2,2,2,1,3,2,2,3,1,2,2
SYN-C3-2682,3,business_analyst,1,0,0,1,1,1,0,0,1,0,1,0,0,0,0,0,0,0,0,1,0,1,1,2,0,2,business_analyst,,-0.2175,0,2,2,1,0,1,0,3,2,0,0,2
SYN-C3-2683,3,data_analyst,2,1,0,2,1,1,0,0,2,0,2,0,2,0,0,0,1,0,1,1,1,0,0,0,0,2,data_analyst,,-0.4283,1,1,0,1,1,3,2,1,1,1,1,1
SYN-C3-2684,3,network_engineer,2,1,2,2,2,0,1,0,2,0,0,0,1,0,0,0,2,1,1,0,0,1,0,0,0,2,network_engineer,,-0.0685,2,1,2,2,1,2,1,1,1,3,2,1
SYN-C3-2685,3,data_scientist,2,2,1,2,2,1,0,1,3,1,1,2,1,1,0,0,0,1,0,1,0,1,0,1,1,3,data_scientist,mobile_developer,0.4136,3,2,1,2,1,3,3,3,3,1,1,3
SYN-C3-2686,4,software_engineer,3,2,3,3,3,2,2,1,3,1,2,2,2,1,2,1,2,1,0,1,1,2,2,2,2,3,software_engineer,,2.484,3,2,3,3,2,3,3,3,3,2,2,3
SYN-C3-2687,3,network_engineer,1,0,0,1,0,0,0,0,0,0,0,0,0,0,0,0,1,2,1,0,0,0,0,0,0,1,network_engineer,,-1.3958,0,0,0,0,0,0,0,0,0,2,1,0
SYN-C3-2688,4,mobile_developer,2,2,2,1,2,1,1,2,1,1,1,0,1,1,0,0,0,1,1,1,1,2,0,1,0,1,mobile_developer,,-0.2932,2,2,2,3,1,2,1,1,2,1,1,2
SYN-C3-2689,4,data_analyst|software_engineer,2,1,2,2,2,1,1,0,1,2,2,1,1,2,3,2,3,2,2,2,0,3,1,0,0,2,devops_engineer,software_engineer,0.964,3,3,3,2,3,2,2,2,2,3,3,1
SYN-C3-2690,4,data_scientist|frontend_engineer,0,2,1,2,2,1,1,0,2,0,1,1,3,1,0,1,0,2,0,0,0,2,0,0,0,3,data_scientist,frontend_engineer,-0.194,2,1,2,1,1,3,3,1,1,2,2,2
SYN-C3-2691,3,data_analyst|cybersecurity_analyst,1,1,0,2,1,1,1,0,3,1,3,1,2,1,1,2,2,2,0,1,0,2,0,0,0,2,data_analyst,cybersecurity_analyst,0.922,2,2,1,1,2,3,3,1,1,2,3,1
SYN-C3-2692,4,mobile_developer,2,0,1,1,3,1,0,2,1,0,0,1,1,0,1,0,0,1,0,1,1,2,1,1,1,3,mobile_developer,project_coordinator,-0.3125,2,3,2,3,0,1,1,2,3,1,0,3
SYN-C3-2693,3,software_engineer,3,1,2,2,3,2,1,0,2,1,1,0,0,1,2,2,1,1,0,2,1,1,0,2,0,3,software_engineer,,0.798,3,3,3,2,3,2,1,2,2,2,1,2
SYN-C3-2694,3,business_analyst,1,1,1,1,2,1,0,1,2,0,2,1,1,0,0,0,1,2,0,2,0,2,1,2,2,3,business_analyst,,0.9448,1,2,1,2,1,3,2,3,3,2,2,3
SYN-C3-2695,4,data_scientist,2,3,1,1,2,1,0,1,2,1,1,2,3,1,1,2,1,1,0,1,1,2,1,2,1,3,data_scientist,,2.1635,3,3,2,2,2,3,3,3,2,1,1,3
SYN-C3-2696,3,cybersecurity_analyst,1,2,0,1,1,1,0,0,2,0,0,1,1,1,0,2,2,2,2,0,0,2,0,1,0,3,cybersecurity_analyst,,1.5132,1,1,0,1,2,3,1,2,2,3,3,2
SYN-C3-2697,4,software_engineer,3,0,2,2,2,1,2,0,2,1,0,0,0,0,1,1,0,1,0,1,0,2,0,1,0,2,software_engineer,,-0.472,3,2,2,2,1,2,1,1,2,0,0,2
SYN-C3-2698,4,data_analyst|cybersecurity_analyst,1,2,0,2,1,0,0,0,3,0,1,0,2,0,0,1,0,1,0,0,0,1,0,0,0,2,data_analyst,cybersecurity_analyst,-1.5475,0,1,0,1,1,3,2,1,0,0,1,1
SYN-C3-2699,4,data_scientist,1,1,1,2,2,0,0,0,2,0,1,1,2,0,0,1,0,1,0,0,0,1,1,1,0,2,data_scientist,,-1.0256,1,2,2,1,0,3,3,2,2,1,0,2
SYN-C3-2700,4,network_engineer|qa_engineer,1,0,0,2,1,0,1,1,1,0,1,0,1,1,1,1,3,3,2,1,0,1,0,1,0,3,network_engineer,qa_engineer,-0.6837,2,2,1,1,2,2,1,2,1,3,3,2
SYN-C3-2701,3,mobile_developer|business_analyst,2,0,1,1,1,0,1,1,2,1,1,0,0,0,1,1,1,0,0,0,0,1,1,0,1,3,mobile_developer,business_analyst,0.2111,2,1,1,3,1,1,1,2,2,0,0,2
SYN-C3-2702,4,project_coordinator,1,0,1,1,1,0,1,1,1,1,1,0,1,0,1,0,1,1,0,2,1,2,1,1,1,3,business_analyst,,0.235,1,3,2,2,1,2,1,3,2,1,1,3
SYN-C3-2703,4,frontend_engineer,1,1,2,1,2,3,1,0,1,0,0,0,0,0,0,0,0,1,0,1,1,2,1,0,0,2,frontend_engineer,,-0.3842,2,2,3,2,1,1,1,1,3,1,1,1
SYN-C3-2704,3,software_engineer,3,0,2,2,2,0,2,0,2,1,0,0,0,0,1,0,1,1,0,1,0,2,0,1,0,1,software_engineer,,-0.6533,3,2,1,2,0,1,0,1,1,0,0,1
SYN-C3-2705,3,mobile_developer,1,0,2,1,2,1,0,2,1,1,0,0,1,1,0,1,0,1,0,1,1,2,1,0,0,2,mobile_developer,,0.6719,1,2,2,3,1,1,1,2,3,1,1,1
SYN-C3-2706,3,project_coordinator,3,1,1,2,1,0,1,1,1,0,1,1,2,1,1,0,1,2,2,1,1,0,1,2,1,3,cybersecurity_analyst,,1.4505,1,2,1,2,1,3,2,3,2,3,3,2
SYN-C3-2707,3,data_analyst|business_analyst,1,2,2,1,1,1,0,1,3,0,2,0,3,0,0,1,0,1,0,1,0,2,1,2,2,3,data_analyst,business_analyst,0.7229,2,2,2,2,0,3,2,3,3,1,1,3
SYN-C3-2708,3,network_engineer|ui_ux_designer,2,2,2,2,0,1,0,1,1,1,0,0,1,1,1,2,2,2,2,1,1,1,1,1,0,3,network_engineer,ui_ux_designer,1.722,2,2,2,2,2,1,1,2,3,3,3,2
SYN-C3-2709,4,ui_ux_designer|data_scientist,1,2,0,2,2,1,0,2,2,0,0,1,2,1,1,1,0,1,1,2,1,0,0,0,0,2,network_engineer,data_scientist,-0.5246,1,2,1,1,2,3,3,1,1,2,2,0
SYN-C3-2710,3,cybersecurity_analyst|qa_engineer,1,2,0,0,1,1,1,0,2,0,1,0,0,0,0,0,1,1,2,0,0,2,0,1,0,2,cybersecurity_analyst,qa_engineer,-0.5134,2,2,1,1,1,2,1,2,2,1,2,2
SYN-C3-2711,3,software_engineer|mobile_developer,3,1,1,1,1,2,2,0,3,0,0,0,2,0,0,0,1,1,0,1,0,3,1,0,0,3,software_engineer,mobile_developer,0.1274,3,2,2,2,1,2,1,2,2,1,1,2
SYN-C3-2712,3,software_engineer,2,0,0,1,1,1,1,0,2,0,0,0,0,1,0,1,1,0,0,0,0,1,0,0,0,0,software_engineer,,-0.7625,2,0,0,1,1,0,0,0,0,0,0,0
SYN-C3-2713,3,software_engineer,3,0,2,3,1,2,2,0,3,1,1,0,1,1,1,1,1,1,1,1,1,2,0,1,0,2,software_engineer,,-0.0883,3,3,2,2,2,2,2,2,2,2,2,2
SYN-C3-2714,4,network_engineer|frontend_engineer,0,1,1,2,2,2,1,0,1,0,0,1,1,0,0,2,1,1,1,2,0,2,1,2,0,2,network_engineer,frontend_engineer,-0.246,2,2,3,2,1,2,1,2,3,2,1,2
SYN-C3-2715,4,data_scientist,2,3,1,2,1,1,0,1,2,1,1,2,2,2,0,1,0,1,1,0,0,0,0,1,2,3,data_scientist,,0.5021,2,1,1,1,1,3,3,2,1,2,2,3
SYN-C3-2716,4,qa_engineer,2,0,1,0,2,1,0,0,1,0,0,0,0,0,0,0,0,0,1,1,2,1,0,1,0,2,qa_engineer,,-1.5289,1,3,1,1,1,0,0,1,3,0,0,1
SYN-C3-2717,4,devops_engineer|cybersecurity_analyst,2,2,1,1,2,0,0,0,1,0,0,1,0,2,1,3,1,2,1,0,0,0,0,0,0,3,devops_engineer,cybersecurity_analyst,-1.2937,2,1,0,0,3,1,1,0,0,2,3,0
SYN-C3-2718,3,business_analyst,1,1,1,1,0,0,1,0,2,0,0,0,1,0,0,0,0,0,0,0,0,1,1,1,1,2,business_analyst,data_scientist,-0.5975,1,1,1,1,0,2,1,2,2,0,0,2
SYN-C3-2719,3,data_analyst,0,3,1,2,1,1,1,1,3,1,2,2,3,1,0,0,1,2,0,0,1,0,0,1,0,3,data_analyst,,1.1964,1,1,1,1,1,3,3,1,2,2,2,1
SYN-C3-2720,3,project_coordinator,1,0,0,1,1,0,0,1,1,0,1,0,0,0,0,0,0,1,0,0,0,2,0,1,1,3,project_coordinator,,-1.0588,1,1,0,1,0,1,0,2,1,0,0,3
SYN-C3-2721,3,project_coordinator,2,1,0,1,2,0,0,0,2,0,1,1,0,1,1,0,1,2,0,0,1,2,0,1,1,2,project_coordinator,devops_engineer,0.29,2,2,1,1,2,2,1,2,0,2,2,3
SYN-C3-2722,4,cybersecurity_analyst,1,0,1,1,1,2,0,0,2,0,0,1,1,0,0,0,0,1,0,0,1,0,2,1,0,2,ui_ux_designer,,-0.3887,1,1,2,1,0,2,1,0,3,1,0,1
SYN-C3-2723,3,qa_engineer|devops_engineer,2,1,1,1,2,0,0,0,3,0,1,1,1,2,2,1,1,2,0,3,2,3,0,2,0,3,qa_engineer,devops_engineer,1.2341,2,3,1,1,3,2,2,3,2,2,2,2
SYN-C3-2724,4,network_engineer,0,0,0,2,0,0,0,0,0,0,0,0,0,1,1,0,0,2,0,0,1,0,0,0,1,0,network_engineer,,-1.6327,0,0,0,0,0,0,0,0,0,1,1,0
SYN-C3-2725,4,data_analyst,1,2,2,2,1,1,0,1,2,0,1,1,2,1,0,1,1,0,0,2,0,1,1,1,1,3,data_analyst,,0.7538,2,2,2,1,1,3,3,3,3,1,1,3
SYN-C3-2726,3,frontend_engineer|business_analyst,0,1,1,1,3,3,1,0,2,1,0,0,0,0,0,1,0,0,1,0,1,1,2,1,0,1,frontend_engineer,business_analyst,-0.3181,2,1,3,1,0,1,1,1,3,0,0,1
SYN-C3-2727,4,software_engineer,3,0,0,2,1,2,1,1,3,0,0,0,1,1,1,1,0,0,0,1,0,1,0,1,0,2,software_engineer,,-0.4319,3,2,1,2,0,2,2,1,2,0,1,2
SYN-C3-2728,4,data_scientist,2,3,0,3,2,1,0,0,2,0,1,3,2,1,0,1,1,1,0,1,0,1,0,0,0,2,data_scientist,,0.529,3,2,1,2,2,2,3,1,2,1,2,1
SYN-C3-2729,4,qa_engineer,1,0,1,0,2,0,0,0,2,0,0,0,1,1,0,0,1,0,0,2,2,2,0,1,0,1,qa_engineer,,-1.4006,1,3,1,1,1,1,1,2,1,0,0,2
SYN-C3-2730,3,software_engineer,2,1,1,2,1,1,1,0,2,0,0,1,0,0,1,0,0,1,0,0,0,1,1,0,0,2,software_engineer,,-0.5715,2,2,1,2,1,2,1,1,2,0,1,0
SYN-C3-2731,3,network_engineer,1,2,1,2,1,1,1,1,0,1,1,0,1,1,1,0,1,3,2,0,1,1,1,0,1,3,cybersecurity_analyst,network_engineer,0.842,2,1,2,2,1,1,1,1,2,3,3,2
SYN-C3-2732,3,cybersecurity_analyst,1,0,1,1,0,1,0,0,0,0,0,0,0,0,0,1,0,0,0,0,0,2,0,0,1,2,project_coordinator,,-0.8806,0,1,0,0,0,0,0,1,2,0,0,2
SYN-C3-2733,4,mobile_developer,3,2,1,2,1,1,1,2,2,1,1,1,2,1,1,1,1,1,1,0,1,2,1,0,1,2,mobile_developer,,0.9789,3,2,2,3,2,2,3,2,2,2,2,3
SYN-C3-2734,3,qa_engineer,1,1,1,1,2,2,0,1,3,0,0,1,2,1,0,1,1,0,1,2,2,2,1,1,1,1,qa_engineer,,0.7728,2,3,2,2,1,2,2,2,2,1,2,2
SYN-C3-2735,3,software_engineer,1,1,1,1,2,0,0,1,1,0,0,0,0,0,0,0,0,0,0,0,0,1,0,0,0,1,mobile_developer,,-1.082,0,1,1,2,0,1,0,0,0,0,0,0
SYN-C3-2736,4,project_coordinator,2,1,1,2,2,0,1,0,2,0,0,0,1,1,0,0,0,1,0,0,0,1,1,0,1,3,software_engineer,project_coordinator,-0.7113,3,1,2,2,1,2,1,1,1,1,1,2
SYN-C3-2737,3,frontend_engineer,3,1,1,2,2,3,0,0,1,0,0,0,1,0,1,1,0,0,0,0,1,1,1,1,1,3,frontend_engineer,,0.6544,2,2,3,2,1,2,1,2,3,0,0,2
SYN-C3-2738,3,data_scientist,0,1,0,1,1,0,0,1,1,0,1,1,1,0,0,0,0,2,0,0,0,0,0,0,0,0,data_scientist,network_engineer,-1.8717,0,0,0,0,0,1,1,0,0,1,1,0
SYN-C3-2739,3,devops_engineer,0,0,1,1,2,0,0,0,0,0,0,0,1,1,1,2,0,1,0,0,0,1,0,0,1,1,devops_engineer,,-1.7039,1,1,1,0,2,0,0,0,0,1,0,1
SYN-C3-2740,3,software_engineer,2,0,2,2,1,1,1,1,2,0,0,0,0,0,1,1,0,1,1,1,1,1,0,1,0,2,software_engineer,,0.2402,3,2,1,2,1,1,1,1,2,1,0,1
SYN-C3-2741,3,ui_ux_designer,2,1,2,1,1,1,1,1,3,1,1,1,1,1,0,0,1,1,1,1,1,2,3,2,1,3,ui_ux_designer,,1.3603,3,3,3,3,1,3,2,3,3,2,2,3
SYN-C3-2742,4,data_analyst,2,2,1,2,2,0,1,0,3,0,3,2,2,2,2,1,0,2,1,2,1,1,0,3,0,3,data_analyst,,1.7343,3,3,2,2,3,3,3,2,1,2,2,2
SYN-C3-2743,4,data_scientist,1,2,0,1,0,0,0,0,2,0,0,1,1,1,0,0,0,2,1,0,0,1,0,0,0,3,data_scientist,,-1.8182,1,1,0,0,1,1,2,1,1,2,2,1
SYN-C3-2744,4,data_analyst|mobile_developer,2,2,1,1,2,1,0,0,3,0,2,0,1,1,0,0,1,1,1,1,1,1,0,1,0,3,data_analyst,mobile_developer,-0.1288,2,2,2,1,1,3,2,2,3,2,2,2
SYN-C3-2745,3,devops_engineer,0,2,0,1,3,0,0,0,1,0,0,0,0,1,1,2,1,1,0,1,1,1,0,1,0,1,devops_engineer,,0.1394,1,2,0,0,2,0,1,1,0,1,1,1
SYN-C3-2746,4,mobile_developer|data_analyst,1,2,2,1,3,1,1,3,2,2,1,1,1,1,0,0,2,2,0,0,0,2,1,2,2,3,mobile_developer,data_analyst,1.3137,2,2,3,3,1,3,2,3,3,2,3,3
SYN-C3-2747,4,ui_ux_designer|project_coordinator,1,1,2,1,1,3,1,0,0,0,1,0,0,1,1,0,2,1,1,0,1,1,1,2,0,3,ui_ux_designer,project_coordinator,0.4177,2,1,3,2,2,1,1,2,3,2,3,2
SYN-C3-2748,3,devops_engineer,0,0,0,0,2,0,0,0,2,0,0,0,0,1,1,1,2,1,0,1,1,2,0,2,0,2,devops_engineer,business_analyst,-1.4029,1,2,1,1,3,1,0,2,1,1,1,1
SYN-C3-2749,3,software_engineer|qa_engineer,2,0,1,1,2,1,1,0,1,0,0,0,1,1,0,0,1,1,0,1,1,2,0,0,0,2,software_engineer,qa_engineer,-0.7948,3,2,2,2,1,1,1,1,2,1,1,1
SYN-C3-2750,3,mobile_developer,1,0,0,0,1,0,1,1,1,1,0,0,0,0,0,0,1,0,0,0,0,0,0,2,0,2,mobile_developer,,-1.0575,1,1,0,2,0,1,0,0,0,0,0,0
SYN-C3-2751,4,business_analyst,2,1,1,1,1,0,1,0,1,0,2,0,1,0,2,0,1,1,0,1,1,1,2,2,0,2,business_analyst,,-0.3388,2,3,2,2,2,2,1,3,3,1,1,2
SYN-C3-2752,3,business_analyst,1,1,0,1,1,0,0,0,1,0,1,0,1,0,0,0,1,1,1,1,1,0,1,1,0,3,business_analyst,cybersecurity_analyst,-0.9743,0,1,1,1,1,2,1,3,1,1,2,1
SYN-C3-2753,4,business_analyst|data_analyst,2,1,1,0,1,0,1,1,3,1,1,2,2,0,0,1,0,2,1,1,1,1,2,3,1,2,business_analyst,data_analyst,0.389,2,3,2,3,1,3,2,3,2,1,2,2
SYN-C3-2754,4,qa_engineer|mobile_developer,3,1,3,1,3,1,1,2,2,1,0,0,1,0,2,1,2,1,0,3,2,3,1,1,1,3,qa_engineer,mobile_developer,0.9508,3,3,3,3,2,2,1,3,3,1,2,3
SYN-C3-2755,3,data_analyst|devops_engineer,0,1,0,1,0,0,0,0,2,0,1,0,0,0,1,1,0,1,1,0,0,0,0,1,1,2,data_analyst,devops_engineer,-0.9499,0,1,0,0,1,3,0,1,1,1,1,1
SYN-C3-2756,3,business_analyst,1,0,1,1,0,1,1,2,2,1,2,1,1,0,1,0,0,1,0,2,0,0,2,3,1,3,business_analyst,,1.3519,2,1,1,2,0,3,1,3,3,0,0,2
SYN-C3-2757,4,software_engineer|qa_engineer,3,0,1,3,2,1,1,0,1,1,0,0,1,0,1,0,1,0,1,1,0,2,1,0,0,2,software_engineer,qa_engineer,-0.6029,3,3,2,2,1,1,0,1,2,1,0,1
SYN-C3-2758,3,frontend_engineer|business_analyst,2,0,3,2,1,2,0,1,1,0,0,1,0,0,0,0,2,0,1,0,1,1,0,1,0,3,frontend_engineer,business_analyst,0.051,2,1,3,2,1,1,0,2,3,1,1,2
SYN-C3-2759,3,ui_ux_designer|data_scientist,0,1,0,0,1,1,0,0,0,0,0,1,0,0,0,0,0,0,0,0,0,2,1,0,0,1,ui_ux_designer,data_scientist,-1.8724,0,0,1,0,0,0,0,0,2,0,0,0
SYN-C3-2760,3,software_engineer,3,0,1,1,1,1,1,1,2,1,0,0,0,1,0,1,1,1,0,0,0,1,0,0,0,2,software_engineer,,-0.4,3,1,1,2,1,1,0,0,1,1,1,1
SYN-C3-2761,4,mobile_developer|frontend_engineer,2,0,3,2,3,2,2,2,2,0,0,1,1,1,0,0,1,0,1,1,1,1,2,0,0,3,mobile_developer,frontend_engineer,-0.2531,3,2,3,3,1,1,2,2,3,1,1,1
SYN-C3-2762,3,mobile_developer|data_scientist,2,0,1,1,2,0,1,2,2,1,0,1,1,0,0,0,0,1,0,0,0,0,0,0,0,1,mobile_developer,data_scientist,-0.9694,1,1,0,3,0,1,1,0,0,0,0,0
SYN-C3-2763,4,data_scientist,1,3,1,3,2,1,1,0,3,1,2,1,3,1,0,0,1,1,1,1,1,2,2,1,1,2,data_scientist,,1.296,2,2,3,3,1,3,3,3,3,2,2,2
SYN-C3-2764,4,ui_ux_designer,0,0,0,0,0,1,0,1,1,0,0,0,0,0,0,0,0,1,0,0,0,1,2,0,0,1,ui_ux_designer,,-2.3116,0,0,1,0,0,0,0,0,2,0,0,0
SYN-C3-2765,4,data_analyst,1,2,2,1,1,1,0,0,3,1,2,0,2,1,0,1,1,1,1,0,1,1,0,2,1,2,data_analyst,,0.1016,2,2,1,1,2,3,3,2,2,2,2,2
SYN-C3-2766,3,data_analyst|business_analyst,3,1,0,2,0,1,0,0,3,1,2,1,1,0,0,0,0,1,1,1,0,1,0,2,1,2,data_analyst,business_analyst,0.3294,1,1,0,1,0,3,2,3,1,1,1,2
SYN-C3-2767,3,qa_engineer,1,1,0,1,1,1,1,1,2,1,1,0,1,1,0,0,1,2,1,2,2,1,0,0,0,2,qa_engineer,,0.1687,1,3,1,2,1,2,1,1,1,3,2,1
SYN-C3-2768,4,frontend_engineer,2,1,3,2,2,3,1,1,0,1,1,0,0,2,1,1,1,1,1,0,1,2,2,0,1,2,frontend_engineer,,0.2889,3,2,3,3,2,1,1,2,3,2,2,2
SYN-C3-2769,3,frontend_engineer|mobile_developer,1,0,2,1,2,2,1,1,1,0,1,0,0,0,1,1,0,1,0,1,0,2,1,0,0,2,frontend_engineer,mobile_developer,0.0597,2,2,3,3,1,0,0,2,2,1,0,2
SYN-C3-2770,4,cybersecurity_analyst,2,1,1,1,1,1,1,1,1,1,0,1,1,1,1,1,3,3,2,1,0,2,1,0,1,2,cybersecurity_analyst,,0.5066,2,2,2,3,2,1,1,2,2,3,3,2
SYN-C3-2771,4,software_engineer,2,2,2,3,2,3,2,1,2,1,1,1,1,0,2,1,1,1,1,0,0,2,0,0,1,2,software_engineer,,0.7921,3,2,2,3,2,2,2,1,2,2,1,2
SYN-C3-2772,3,data_analyst|project_coordinator,1,2,0,2,0,1,0,0,3,0,3,2,1,1,0,0,0,1,0,1,0,0,0,2,0,3,data_analyst,project_coordinator,0.8645,1,0,0,0,0,3,3,2,1,1,1,1
SYN-C3-2773,4,software_engineer,3,2,3,2,2,2,2,0,3,1,0,0,0,2,1,1,1,1,0,0,1,3,1,1,0,1,software_engineer,,0.8339,3,2,3,3,2,1,1,1,2,1,1,1
SYN-C3-2774,3,software_engineer,3,2,1,3,2,1,2,0,3,1,1,2,1,1,1,0,1,0,0,0,1,1,0,2,1,2,software_engineer,,1.2029,3,2,2,2,2,3,3,2,2,0,1,2
SYN-C3-2775,3,data_scientist|ui_ux_designer,1,2,1,1,2,2,0,0,3,0,1,2,2,1,0,0,0,1,0,0,1,0,1,1,1,3,data_scientist,ui_ux_designer,-0.0559,2,1,2,1,1,3,3,2,2,1,1,1
SYN-C3-2776,3,data_scientist|cybersecurity_analyst,1,2,1,2,1,1,1,0,2,1,1,2,2,1,1,1,2,1,0,0,1,2,2,1,0,2,data_scientist,cybersecurity_analyst,0.4624,2,2,2,2,2,3,3,2,3,2,2,2
SYN-C3-2777,3,project_coordinator,1,1,0,2,0,1,0,1,2,0,0,1,1,0,1,1,2,1,1,0,0,2,0,2,2,3,project_coordinator,network_engineer,0.3836,1,2,0,0,2,3,1,2,2,2,2,3
SYN-C3-2778,3,software_engineer,3,2,2,2,2,2,1,0,3,1,0,0,1,2,2,0,2,1,0,1,1,1,1,1,0,2,software_engineer,,1.1397,3,2,3,2,3,2,2,1,3,1,2,1
SYN-C3-2779,4,qa_engineer|cybersecurity_analyst,3,1,0,3,2,2,1,1,2,1,1,1,2,1,2,0,2,1,2,3,2,2,1,1,1,3,qa_engineer,cybersecurity_analyst,1.5952,3,3,3,3,2,3,2,3,2,3,3,3
SYN-C3-2780,4,project_coordinator|business_analyst,2,1,1,2,3,2,1,1,1,2,3,2,2,0,1,1,1,1,1,1,0,3,2,3,3,3,project_coordinator,business_analyst,1.7704,3,2,2,3,2,3,2,3,3,1,2,3
SYN-C3-2781,4,devops_engineer,2,2,1,1,1,0,1,1,2,0,1,0,2,2,2,1,2,1,0,0,1,1,0,3,0,3,devops_engineer,,0.082,2,2,1,2,3,2,2,3,1,2,2,2
SYN-C3-2782,4,software_engineer,2,1,1,2,2,1,2,0,2,0,1,0,2,0,0,1,0,0,0,0,0,1,0,1,0,2,software_engineer,data_analyst,-1.5686,3,1,2,2,1,3,2,1,2,0,0,1
SYN-C3-2783,3,ui_ux_designer,1,0,1,1,1,1,1,0,1,2,1,0,2,0,0,0,1,0,1,0,0,2,2,1,0,2,ui_ux_designer,,0.8092,1,2,1,2,0,2,1,1,3,1,0,2
SYN-C3-2784,3,devops_engineer,1,0,0,1,3,2,1,1,2,0,1,1,0,1,2,1,3,1,0,0,1,3,0,1,0,3,devops_engineer,project_coordinator,0.8768,2,2,2,2,3,2,1,2,2,2,2,3
SYN-C3-2785,4,software_engineer|cybersecurity_analyst,1,1,1,3,2,1,3,1,3,1,0,0,1,2,1,2,1,1,2,2,0,1,1,0,0,3,software_engineer,cybersecurity_analyst,-0.1126,3,3,2,2,3,2,2,1,2,3,3,1
SYN-C3-2786,4,business_analyst,1,0,0,0,1,1,0,1,2,0,2,0,1,1,1,1,1,1,1,0,0,2,0,1,0,3,business_analyst,devops_engineer,-1.0104,2,2,0,1,1,2,1,3,2,2,2,2
SYN-C3-2787,3,data_scientist,1,3,0,1,2,1,0,0,1,1,2,1,1,1,1,0,1,1,0,0,0,0,0,2,1,3,data_scientist,,0.6468,1,1,0,1,1,3,3,2,1,1,2,2
SYN-C3-2788,3,data_scientist,1,2,2,1,0,0,0,0,3,0,1,1,1,1,0,0,0,0,0,0,0,0,0,1,1,2,data_scientist,,-0.4151,1,1,0,0,0,3,2,1,1,1,1,1
SYN-C3-2789,3,ui_ux_designer,2,1,1,1,0,1,0,0,0,0,0,0,0,1,0,0,0,0,1,0,1,1,1,0,0,2,ui_ux_designer,,-0.0739,1,1,1,1,1,0,0,1,3,1,1,0
SYN-C3-2790,4,ui_ux_designer,2,3,1,3,2,1,0,0,3,2,0,2,3,1,1,1,0,2,0,1,1,2,0,1,1,3,data_scientist,,1.3182,3,3,1,2,1,3,3,2,2,2,2,3
SYN-C3-2791,4,business_analyst,0,1,0,1,1,1,0,0,1,0,1,0,1,0,0,0,0,1,1,0,0,2,1,3,0,2,business_analyst,,-1.1364,1,1,1,1,1,2,1,3,2,1,1,2
SYN-C3-2792,3,frontend_engineer,0,1,2,1,2,3,1,0,1,1,0,0,1,0,0,0,0,0,1,0,1,1,0,1,1,2,frontend_engineer,,0.5003,2,1,3,2,0,2,0,1,2,0,1,2
SYN-C3-2793,3,project_coordinator|mobile_developer,2,2,0,1,1,0,1,0,1,0,0,0,0,0,1,0,0,1,1,0,0,1,0,0,2,1,project_coordinator,mobile_developer,-1.0908,1,1,0,2,0,1,0,0,0,0,1,2
SYN-C3-2794,3,business_analyst,2,0,2,1,1,1,1,2,2,0,1,1,0,0,0,0,0,0,1,0,0,2,1,2,2,2,mobile_developer,,0.2463,2,2,2,3,0,2,1,3,3,1,0,3
SYN-C3-2795,3,qa_engineer|data_analyst,3,2,2,2,2,2,1,1,3,1,1,1,1,1,2,2,1,0,0,3,2,2,1,2,1,2,qa_engineer,data_analyst,1.8931,3,3,3,3,2,3,2,3,2,1,1,3
SYN-C3-2796,3,business_analyst,0,1,1,1,0,1,1,0,1,0,1,0,0,1,0,0,1,1,1,1,1,3,0,3,2,3,business_analyst,project_coordinator,0.2565,1,1,1,0,1,1,1,3,2,2,2,3
SYN-C3-2797,4,software_engineer,3,0,2,2,2,2,1,1,2,1,0,1,1,1,1,1,2,0,1,0,1,3,1,1,0,2,software_engineer,,0.2062,3,2,3,3,2,2,1,1,3,2,2,2
SYN-C3-2798,4,network_engineer,2,2,1,1,1,1,0,1,2,1,1,0,1,2,2,2,1,2,0,0,0,2,0,1,0,2,devops_engineer,,-0.0436,2,3,1,1,3,3,2,2,2,2,2,2
SYN-C3-2799,3,business_analyst,1,0,0,0,0,0,0,0,1,0,1,0,0,0,0,0,0,0,0,0,0,1,0,0,0,1,business_analyst,,-1.6851,0,0,0,0,0,0,0,1,0,0,0,0
SYN-C3-2800,4,project_coordinator,1,2,2,2,2,2,0,1,1,1,2,1,1,3,2,1,3,3,2,2,1,1,0,1,1,2,network_engineer,devops_engineer,1.2321,2,3,2,2,3,2,2,2,2,3,3,2
SYN-C3-2801,4,frontend_engineer,3,2,3,2,3,1,3,1,3,2,0,1,1,1,3,2,2,1,1,2,1,2,1,1,1,3,software_engineer,,1.931,3,2,3,3,3,3,2,3,3,3,2,3
SYN-C3-2802,3,data_scientist,1,1,0,1,2,1,0,0,2,0,1,3,2,1,0,1,0,0,0,0,0,1,0,0,1,1,data_scientist,project_coordinator,-0.4884,2,1,1,1,1,2,3,1,1,0,0,1
SYN-C3-2803,3,software_engineer,2,0,1,1,2,1,1,0,2,1,0,1,1,0,1,1,0,1,0,0,0,2,0,1,0,1,software_engineer,,-0.3077,3,2,1,2,0,1,1,1,2,0,0,2
SYN-C3-2804,4,network_engineer,0,0,2,1,2,1,1,1,1,1,0,0,1,0,0,0,1,3,1,2,0,0,1,0,0,2,network_engineer,,-0.6078,1,2,2,2,1,1,1,1,2,2,2,0
SYN-C3-2805,4,data_analyst|network_engineer,1,1,0,1,0,1,0,0,2,0,1,0,1,0,0,0,0,1,0,0,0,1,2,1,0,1,data_analyst,network_engineer,-1.138,0,1,1,1,0,2,0,2,2,1,0,2
SYN-C3-2806,3,project_coordinator|business_analyst,1,0,1,1,0,0,0,0,0,0,0,0,0,0,0,0,0,0,0,0,0,3,0,2,1,3,project_coordinator,business_analyst,-1.2114,0,1,0,0,0,0,0,2,1,0,0,3
SYN-C3-2807,4,data_analyst,2,2,0,1,1,0,0,1,3,0,2,0,1,1,1,0,0,1,0,0,0,0,0,0,1,3,data_analyst,,-0.2574,1,1,0,1,0,3,2,1,0,1,1,1
SYN-C3-2808,4,business_analyst,2,2,1,1,1,1,1,1,3,1,3,0,2,1,0,0,1,1,0,1,0,2,0,2,1,3,business_analyst,data_analyst,0.0958,2,2,1,2,1,3,3,3,3,2,2,3
SYN-C3-2809,4,data_analyst|ui_ux_designer,1,2,2,1,1,1,1,0,2,1,2,0,1,0,0,0,0,2,1,1,0,0,1,1,0,2,data_analyst,ui_ux_designer,-0.7878,2,1,1,2,0,3,1,1,2,1,2,1
SYN-C3-2810,3,software_engineer,2,0,1,2,2,2,1,0,2,1,1,1,0,1,0,0,1,1,1,1,0,1,0,1,0,2,software_engineer,,-0.1681,3,1,2,1,1,2,1,2,2,2,2,1
SYN-C3-2811,4,cybersecurity_analyst,1,1,0,2,1,2,1,1,1,0,0,0,1,1,1,0,3,2,3,1,0,1,0,1,1,2,cybersecurity_analyst,network_engineer,0.2345,2,2,1,1,2,2,1,1,2,3,3,2
SYN-C3-2812,3,business_analyst,1,1,1,1,0,0,0,1,1,0,1,0,2,2,0,0,1,2,0,0,0,1,0,2,0,3,business_analyst,,0.4737,0,1,0,1,1,3,1,2,2,2,2,2
SYN-C3-2813,4,ui_ux_designer,3,1,0,1,0,2,1,0,3,0,0,0,2,1,0,0,1,1,0,2,2,3,0,1,0,3,qa_engineer,ui_ux_designer,-0.2171,2,3,1,1,1,3,1,2,2,2,2,2
SYN-C3-2814,3,ui_ux_designer,1,1,1,2,1,2,0,0,1,0,1,2,2,1,0,1,1,1,0,0,0,0,2,1,0,2,ui_ux_designer,data_scientist,-0.259,1,1,2,1,1,2,3,1,3,1,2,1
SYN-C3-2815,3,qa_engineer,0,0,1,0,1,0,0,0,1,0,0,0,0,0,0,0,0,0,0,0,2,1,0,0,0,3,qa_engineer,,-0.8696,0,2,1,1,0,0,0,1,1,0,0,1
SYN-C3-2816,4,business_analyst,1,2,2,2,3,1,2,0,2,0,0,0,1,1,0,0,0,0,2,1,0,1,0,0,0,1,software_engineer,data_scientist,-1.3904,3,1,2,2,1,1,2,0,1,1,1,0
SYN-C3-2817,4,frontend_engineer,0,1,1,0,0,2,0,0,0,0,0,0,0,0,1,0,0,0,0,0,0,0,1,0,0,1,frontend_engineer,,-2.3393,0,0,1,0,0,0,0,0,1,0,0,0
SYN-C3-2818,4,business_analyst,3,1,2,2,3,1,1,3,3,2,1,1,2,1,1,0,1,2,2,1,0,3,1,3,1,3,business_analyst,mobile_developer,2.1275,3,2,3,3,2,3,2,3,3,3,3,3
SYN-C3-2819,3,software_engineer,2,1,0,2,0,1,1,0,2,1,0,1,0,0,1,0,1,0,1,1,0,3,0,1,0,2,software_engineer,,-0.3383,3,2,1,1,0,2,1,1,2,1,1,2
SYN-C3-2820,4,cybersecurity_analyst,2,2,1,0,2,1,1,0,2,0,2,1,1,1,0,1,1,1,2,3,2,2,2,2,0,3,qa_engineer,,0.8618,3,3,2,2,2,3,2,3,3,2,2,2
SYN-C3-2821,3,network_engineer,0,0,0,0,1,0,1,1,2,0,3,0,2,0,1,0,0,1,0,1,0,1,1,0,1,2,data_analyst,,-0.2271,1,1,1,2,1,3,1,3,1,0,0,1
SYN-C3-2822,3,network_engineer,1,0,2,1,0,1,0,0,1,0,1,0,2,1,1,0,1,2,1,1,0,3,0,1,2,2,project_coordinator,,0.8068,1,2,1,1,1,2,1,2,2,2,2,3
SYN-C3-2823,3,frontend_engineer,2,1,3,1,2,1,1,0,1,1,1,1,0,0,1,0,0,0,2,0,1,2,1,1,1,1,frontend_engineer,,0.8601,2,2,3,3,1,1,1,2,2,0,0,2
SYN-C3-2824,4,data_scientist,2,1,2,2,2,2,1,2,2,1,0,0,1,1,1,1,0,1,1,0,0,3,1,1,2,3,mobile_developer,project_coordinator,0.5595,3,3,2,3,2,2,2,2,3,1,1,3
SYN-C3-2825,3,ui_ux_designer|network_engineer,1,1,1,2,0,2,1,0,0,0,1,1,1,1,0,1,0,2,1,0,0,1,1,1,1,3,ui_ux_designer,network_engineer,0.3991,1,1,2,1,1,1,1,2,3,2,2,3
SYN-C3-2826,4,software_engineer|cybersecurity_analyst,3,0,3,3,3,0,3,2,3,1,0,0,1,2,1,2,2,2,1,1,1,2,0,1,1,2,software_engineer,cybersecurity_analyst,1.1471,3,3,2,3,3,2,1,2,1,3,2,2
SYN-C3-2827,3,data_analyst,1,1,1,1,1,1,0,0,2,0,3,1,2,0,0,0,1,0,0,1,0,1,1,2,1,2,data_analyst,,0.4962,2,2,1,1,0,3,2,3,3,0,0,2
SYN-C3-2828,4,ui_ux_designer,2,1,2,2,1,3,1,0,1,0,1,0,1,0,1,0,2,1,0,0,0,3,2,2,1,3,ui_ux_designer,,0.4895,2,1,3,2,1,2,1,3,3,1,2,3
SYN-C3-2829,4,software_engineer,3,1,2,2,3,2,3,1,2,0,0,0,2,1,1,1,0,1,1,2,1,1,1,2,2,3,software_engineer,,0.9495,3,3,3,3,2,2,2,3,2,2,2,3
SYN-C3-2830,4,data_analyst,2,2,2,1,2,1,0,1,3,0,3,1,2,0,1,1,1,1,1,1,1,2,1,1,1,3,data_analyst,,1.1976,2,3,2,2,2,3,2,3,3,1,2,3
SYN-C3-2831,3,frontend_engineer|project_coordinator,0,0,2,2,1,2,1,0,1,0,1,0,0,0,0,0,0,0,1,0,0,2,0,1,1,2,frontend_engineer,project_coordinator,-0.6864,1,1,3,1,0,1,0,2,2,0,0,3
SYN-C3-2832,3,mobile_developer,1,1,1,1,1,1,1,2,1,0,0,0,0,1,0,1,0,0,0,1,1,1,1,1,1,3,mobile_developer,,-0.1231,2,3,2,3,1,1,1,2,3,0,1,2
SYN-C3-2833,3,ui_ux_designer|qa_engineer,0,0,0,1,1,0,0,0,1,0,1,0,1,0,0,0,0,1,0,1,0,2,1,0,0,3,ui_ux_designer,qa_engineer,-0.9073,0,1,1,1,0,1,1,3,1,0,0,2
SYN-C3-2834,4,ui_ux_designer,2,1,2,3,2,2,0,1,2,0,1,0,2,1,1,2,1,2,2,2,0,2,3,2,1,3,ui_ux_designer,,1.2309,3,3,2,2,3,3,2,3,3,2,3,3
SYN-C3-2835,3,data_analyst,2,2,1,2,1,1,1,0,1,0,2,1,0,0,0,0,0,0,0,2,1,0,1,1,0,2,data_analyst,frontend_engineer,-0.4601,2,2,2,1,0,3,2,1,2,0,0,1
SYN-C3-2836,3,data_scientist,1,2,2,1,0,0,0,0,2,1,2,2,2,2,1,1,1,1,0,1,0,1,0,1,0,1,data_scientist,,0.6774,2,2,0,1,1,3,3,1,1,1,1,1
SYN-C3-2837,3,ui_ux_designer,2,0,1,2,0,2,1,1,2,0,2,0,0,1,1,0,1,0,1,0,0,2,3,1,1,2,ui_ux_designer,,1.3147,2,2,2,2,0,2,1,2,3,1,1,3
SYN-C3-2838,4,ui_ux_designer,2,0,1,1,2,1,1,0,0,0,0,1,0,0,0,1,0,1,0,0,0,2,1,1,0,3,ui_ux_designer,,-0.7596,2,1,2,2,1,0,0,1,3,1,0,2
SYN-C3-2839,3,business_analyst,0,2,1,2,3,1,2,1,2,1,1,0,1,2,2,2,2,1,1,1,1,2,0,2,0,3,devops_engineer,business_analyst,1.5057,3,3,1,1,3,3,2,3,2,2,2,3
SYN-C3-2840,4,devops_engineer,1,2,1,1,1,0,0,0,1,0,0,1,1,2,1,2,2,2,0,1,0,1,0,1,1,3,devops_engineer,,-0.0946,2,2,1,1,3,2,1,2,2,2,2,2
SYN-C3-2841,4,frontend_engineer,3,0,3,1,2,2,2,0,2,1,0,0,0,1,0,1,1,0,1,2,1,3,1,1,0,3,software_engineer,qa_engineer,0.0763,3,3,3,3,1,2,1,2,3,1,1,2
SYN-C3-2842,4,data_scientist|project_coordinator,2,1,1,1,0,1,1,0,1,0,2,0,0,0,0,1,1,1,0,0,0,1,0,1,1,3,business_analyst,project_coordinator,-0.3244,1,1,1,1,0,2,1,3,2,1,1,2
SYN-C3-2843,3,qa_engineer,2,1,1,0,1,1,1,0,2,0,0,0,1,0,1,0,1,1,0,2,1,2,0,1,1,2,qa_engineer,,1.0141,2,3,1,2,1,2,0,2,2,0,0,2
SYN-C3-2844,3,frontend_engineer,1,1,2,3,2,2,1,0,2,0,0,1,2,0,1,1,0,1,0,2,1,2,0,0,0,1,frontend_engineer,,0.7252,2,2,3,2,1,2,2,1,1,0,0,1
SYN-C3-2845,4,software_engineer|business_analyst,3,1,2,2,2,2,2,0,2,0,2,0,0,0,1,0,0,1,1,2,0,3,1,1,1,3,software_engineer,business_analyst,0.3619,3,3,3,2,1,2,1,3,3,1,1,3
SYN-C3-2846,3,software_engineer,3,1,0,2,2,2,1,0,0,2,0,0,0,0,0,0,0,0,1,1,0,2,0,0,0,2,software_engineer,,-0.0748,2,1,2,2,1,1,0,1,2,1,0,1
SYN-C3-2847,3,network_engineer,2,1,0,2,1,1,0,1,1,0,0,2,2,2,0,1,2,3,2,1,1,2,0,1,2,3,network_engineer,,2.0687,2,3,1,2,2,2,2,2,2,3,3,3
SYN-C3-2848,3,network_engineer,1,0,0,1,0,1,0,0,0,0,0,0,0,0,0,0,1,2,1,0,0,0,0,1,1,1,network_engineer,,-0.8519,0,0,0,0,0,0,0,0,0,2,2,1
SYN-C3-2849,4,network_engineer,1,3,1,2,2,0,1,1,3,1,2,2,2,1,0,2,1,2,1,0,0,1,0,1,1,1,data_scientist,,0.1612,2,1,1,2,2,3,3,1,1,2,2,2
SYN-C3-2850,4,devops_engineer,1,1,0,1,2,0,0,0,0,1,0,0,1,1,2,1,3,2,1,1,0,1,0,1,0,2,devops_engineer,,-0.9202,1,1,0,1,3,1,1,1,1,2,3,1
SYN-C3-2851,4,project_coordinator,1,1,0,2,1,1,0,1,1,1,1,1,2,1,0,1,1,1,0,1,1,1,1,1,2,3,project_coordinator,,1.427,2,2,1,2,1,3,2,2,2,1,2,3
SYN-C3-2852,4,project_coordinator|data_analyst,1,1,1,1,1,1,1,1,2,0,2,0,1,1,0,0,1,2,1,1,0,2,0,1,3,3,project_coordinator,data_analyst,-0.5754,2,2,1,1,1,3,2,3,2,2,3,3
SYN-C3-2853,3,devops_engineer,2,1,2,1,2,1,1,1,2,0,1,1,1,1,2,2,3,3,2,1,1,3,0,1,1,3,devops_engineer,,2.2485,3,3,2,2,3,3,2,3,2,3,3,3
SYN-C3-2854,4,ui_ux_designer|business_analyst,2,0,3,2,1,1,0,1,2,0,1,0,1,1,0,1,2,1,2,1,0,1,3,2,0,3,ui_ux_designer,business_analyst,1.2142,2,2,2,2,1,2,2,3,3,3,2,2
SYN-C3-2855,3,project_coordinator,0,1,1,2,0,0,1,0,2,1,1,0,1,1,0,1,0,0,0,0,0,2,1,2,2,2,project_coordinator,,0.7978,1,1,1,1,0,3,2,3,2,0,1,3
SYN-C3-2856,4,software_engineer,2,0,1,2,2,1,1,0,1,0,0,0,0,0,0,1,1,0,0,0,0,2,0,0,0,2,software_engineer,,-1.6312,3,2,2,2,1,1,0,1,2,0,0,1
SYN-C3-2857,3,qa_engineer,2,1,1,1,1,0,0,1,3,0,0,0,0,1,1,0,1,0,0,2,2,1,1,2,0,3,qa_engineer,,0.851,2,3,2,2,1,2,1,2,2,1,1,2
SYN-C3-2858,4,data_scientist|data_analyst,0,2,0,2,2,0,1,0,2,1,2,2,3,0,0,1,0,0,0,2,1,0,0,1,0,3,data_scientist,data_analyst,-0.4163,2,2,1,1,1,3,3,2,0,0,0,2
SYN-C3-2859,3,software_engineer|ui_ux_designer,2,0,1,1,2,1,1,0,3,0,0,0,0,2,0,0,0,2,0,0,1,2,1,1,0,3,software_engineer,ui_ux_designer,0.0021,2,2,2,2,1,1,1,2,3,1,2,2
SYN-C3-2860,4,data_scientist,2,3,1,1,1,1,0,0,1,1,0,2,3,1,1,0,1,1,1,1,1,1,0,1,1,2,data_scientist,network_engineer,0.0952,2,2,1,1,1,2,3,2,2,2,2,2
SYN-C3-2861,4,software_engineer,3,1,2,2,2,2,3,0,3,2,1,1,1,1,2,1,1,1,1,2,1,2,2,1,0,2,software_engineer,,0.5464,3,3,3,3,2,3,3,2,3,2,2,2
SYN-C3-2862,3,frontend_engineer,1,1,0,0,1,1,0,0,1,0,0,0,0,0,0,0,0,0,0,0,0,1,2,1,1,2,ui_ux_designer,qa_engineer,-1.1069,0,2,1,1,0,1,0,1,3,0,0,1
SYN-C3-2863,3,software_engineer|ui_ux_designer,2,0,2,2,0,1,1,1,3,1,0,0,0,1,1,0,1,1,0,0,0,1,0,0,0,2,software_engineer,ui_ux_designer,-0.9264,3,1,1,2,1,1,0,0,2,1,1,0
SYN-C3-2864,3,qa_engineer,1,0,0,0,2,1,0,0,2,1,0,0,0,1,1,0,0,0,0,2,1,0,0,2,0,3,qa_engineer,,0.2184,2,3,1,1,0,1,0,2,1,0,0,0
SYN-C3-2865,3,mobile_developer,2,0,0,0,1,1,1,1,2,0,1,0,0,2,0,0,0,0,1,0,1,1,0,0,0,2,mobile_developer,,0.2858,1,1,1,2,1,0,0,1,1,1,0,0
SYN-C3-2866,3,software_engineer,3,2,1,2,0,1,2,0,2,1,0,0,1,1,1,0,0,1,0,2,0,1,0,0,0,2,software_engineer,,-0.2007,3,2,1,2,1,2,1,1,2,1,1,0
SYN-C3-2867,4,software_engineer,3,0,2,2,1,0,2,0,3,0,1,1,1,0,1,0,0,0,1,0,0,2,0,1,0,2,software_engineer,,-0.9548,3,2,2,2,0,2,1,2,2,1,0,2
SYN-C3-2868,3,business_analyst,1,1,1,1,0,1,0,0,2,0,2,1,1,1,0,0,1,1,1,2,1,2,0,3,1,2,business_analyst,,1.1571,1,3,1,0,1,3,1,3,2,1,2,3
SYN-C3-2869,4,cybersecurity_analyst|project_coordinator,1,1,1,2,1,0,0,0,1,0,0,0,1,1,0,0,3,2,2,0,1,1,0,1,1,1,cybersecurity_analyst,project_coordinator,-0.6683,2,2,1,0,1,1,1,1,1,3,3,2
SYN-C3-2870,3,qa_engineer,1,0,0,1,1,0,0,1,3,0,0,0,0,1,0,0,0,0,0,3,2,2,0,1,0,2,qa_engineer,,-1.2894,2,3,1,1,0,1,0,1,1,0,1,2
SYN-C3-2871,4,business_analyst|frontend_engineer,2,1,2,1,3,2,2,1,3,1,1,1,2,1,1,1,2,0,1,3,0,3,1,3,1,3,business_analyst,frontend_engineer,2.0677,3,3,3,2,2,3,2,3,3,2,2,3
SYN-C3-2872,3,project_coordinator,1,1,0,1,1,0,1,0,2,0,0,1,1,0,0,0,1,1,1,1,1,2,0,1,2,3,project_coordinator,cybersecurity_analyst,-0.2188,1,3,1,1,0,2,2,2,1,1,2,3
SYN-C3-2873,4,network_engineer,0,0,2,1,0,1,1,0,1,1,0,1,1,2,1,1,1,3,1,0,0,1,1,0,0,2,network_engineer,ui_ux_designer,-0.2295,2,1,1,1,1,1,1,1,3,3,2,1
SYN-C3-2874,3,frontend_engineer,1,1,3,1,2,3,1,0,1,0,0,0,0,0,0,0,0,1,0,0,2,1,0,1,0,3,frontend_engineer,,-0.464,2,2,3,2,1,1,0,1,3,1,1,1
SYN-C3-2875,3,data_analyst,1,1,1,1,0,1,0,0,1,0,1,0,1,0,0,0,0,0,0,0,0,0,0,1,0,2,data_analyst,,-1.5891,0,0,0,0,0,3,0,1,2,0,0,1
SYN-C3-2876,3,data_scientist,1,2,0,1,1,0,0,0,2,0,0,3,1,0,0,1,0,0,1,0,0,0,1,1,0,1,data_scientist,,-0.7942,0,0,0,1,0,2,2,1,1,0,0,0
SYN-C3-2877,3,frontend_engineer,1,0,1,1,1,0,0,0,1,0,0,0,0,0,0,0,0,0,0,0,0,1,0,0,0,2,frontend_engineer,,-1.709,0,2,1,1,0,0,0,0,0,0,0,1
SYN-C3-2878,3,frontend_engineer,0,0,2,1,1,2,1,0,1,0,0,0,0,1,0,1,0,0,0,0,2,1,0,0,1,1,frontend_engineer,,-1.0558,1,2,3,1,0,0,0,0,0,0,0,1
SYN-C3-2879,4,devops_engineer,2,2,0,1,2,1,1,0,2,2,1,1,0,2,1,2,1,1,1,0,0,1,0,1,0,2,devops_engineer,,-0.279,3,2,1,2,3,2,2,1,2,2,2,1
SYN-C3-2880,3,data_analyst|data_scientist,1,2,0,2,0,1,0,0,3,0,2,1,2,0,0,0,0,1,0,0,0,0,0,0,0,2,data_analyst,data_scientist,-1.2429,0,0,0,0,0,3,2,0,1,0,1,0
SYN-C3-2881,3,frontend_engineer,2,1,1,2,0,0,0,0,2,0,0,0,0,1,0,0,0,0,1,1,0,1,1,2,0,1,business_analyst,,-0.8536,1,1,0,0,0,1,0,2,1,1,1,1
SYN-C3-2882,3,software_engineer,3,1,1,3,2,2,1,0,1,0,0,0,0,0,1,1,0,0,0,0,0,1,0,1,0,1,software_engineer,,0.1136,3,1,2,1,1,1,0,0,2,0,0,1
SYN-C3-2883,4,data_analyst|qa_engineer,2,1,1,1,0,0,0,0,3,0,1,0,2,1,0,0,0,0,0,2,2,2,0,1,0,1,data_analyst,qa_engineer,-1.7044,2,3,0,1,0,3,1,1,1,0,1,2
SYN-C3-2884,4,data_scientist|software_engineer,1,1,1,2,1,0,0,1,2,0,1,2,1,0,0,0,0,1,0,1,0,1,0,0,0,1,data_scientist,software_engineer,-1.6662,1,1,1,1,0,2,2,1,0,1,0,0
SYN-C3-2885,3,data_analyst,0,1,0,0,2,0,0,0,1,0,0,0,1,1,0,0,0,0,1,1,0,2,2,1,0,2,ui_ux_designer,,-0.0385,0,1,1,1,1,1,1,2,2,1,0,1
SYN-C3-2886,4,frontend_engineer,1,1,3,2,3,2,0,0,1,1,1,1,1,1,0,1,0,0,1,1,1,1,2,1,1,3,frontend_engineer,,1.0513,2,2,3,2,1,2,2,2,3,2,1,3
SYN-C3-2887,3,software_engineer|business_analyst,2,0,2,2,2,1,2,0,3,1,1,0,1,1,1,0,1,0,0,0,0,1,1,1,1,2,software_engineer,business_analyst,0.403,3,2,3,3,1,2,1,2,3,1,1,2
SYN-C3-2888,3,network_engineer,2,1,2,2,2,0,0,0,2,0,1,0,1,1,1,0,1,2,2,0,0,1,0,0,0,3,network_engineer,project_coordinator,0.0859,3,1,1,2,2,3,1,1,1,3,3,2
SYN-C3-2889,4,network_engineer,3,1,2,2,2,1,2,1,3,2,1,0,2,2,1,1,2,2,1,1,2,3,1,2,0,3,software_engineer,network_engineer,1.4045,3,3,3,3,3,2,2,3,3,3,3,3
SYN-C3-2890,4,frontend_engineer,0,0,0,1,0,0,0,0,0,0,0,0,0,0,0,0,0,0,0,0,0,0,1,0,0,1,ui_ux_designer,,-3.2638,0,0,0,0,0,0,0,0,0,0,0,0
SYN-C3-2891,4,data_analyst|business_analyst,2,3,1,1,1,1,1,1,3,1,3,1,2,0,2,2,0,0,1,1,0,1,2,2,1,3,data_analyst,business_analyst,1.1507,2,2,2,2,2,3,3,3,3,1,0,2
SYN-C3-2892,3,qa_engineer,1,1,1,1,1,0,0,0,2,1,1,0,1,1,0,0,0,0,0,2,2,1,0,1,0,3,qa_engineer,,0.4368,1,3,1,1,0,2,1,1,1,0,1,2
SYN-C3-2893,4,business_analyst,1,1,1,1,1,0,0,0,2,0,0,0,0,0,0,0,0,0,0,2,1,1,0,2,0,3,qa_engineer,,-0.6822,1,3,1,0,0,2,0,2,2,0,0,2
SYN-C3-2894,3,network_engineer,2,0,1,1,0,1,0,1,2,0,0,0,0,1,0,1,1,2,1,1,1,1,0,0,0,2,network_engineer,,0.0371,1,1,1,1,1,1,0,1,1,3,2,0
SYN-C3-2895,3,frontend_engineer,1,1,1,1,1,1,1,0,1,0,0,1,0,0,1,0,0,1,0,1,0,1,1,1,0,2,frontend_engineer,,-0.1923,2,2,2,2,0,2,1,2,3,0,1,1
SYN-C3-2896,4,data_analyst,2,2,1,3,1,2,1,1,3,1,1,1,2,2,1,0,1,3,1,1,1,1,1,2,0,2,data_analyst,,0.8683,3,2,2,3,2,3,3,3,3,3,2,2
SYN-C3-2897,3,business_analyst,0,0,0,0,0,0,0,0,1,0,0,0,1,0,0,0,0,0,0,0,0,2,1,1,0,3,business_analyst,,-1.8551,0,1,0,0,0,1,0,3,2,0,0,1
SYN-C3-2898,4,cybersecurity_analyst,1,2,1,2,0,0,0,0,0,1,0,0,0,1,1,0,1,2,3,1,0,1,0,1,0,2,cybersecurity_analyst,,-0.2145,1,1,1,1,1,1,0,1,2,3,3,1
SYN-C3-2899,4,mobile_developer,2,0,1,2,1,2,1,3,3,0,0,1,1,0,0,0,0,1,0,0,1,1,1,1,1,3,mobile_developer,data_analyst,-0.2103,2,2,3,3,0,2,1,1,3,0,0,2
SYN-C3-2900,4,qa_engineer|frontend_engineer,2,1,1,2,1,2,1,0,2,0,0,0,0,0,0,1,0,1,0,1,2,1,1,0,0,3,qa_engineer,frontend_engineer,-1.1802,2,3,3,2,0,1,1,1,3,1,0,1
SYN-C3-2901,4,data_scientist,2,1,1,1,2,2,2,0,2,1,0,0,0,2,1,1,1,0,0,0,0,1,0,1,1,3,software_engineer,,-0.6485,3,2,2,2,3,2,1,1,2,1,1,2
SYN-C3-2902,3,qa_engineer,2,0,2,1,2,2,2,0,1,0,0,0,0,1,0,0,0,0,0,1,2,2,1,1,0,1,frontend_engineer,,-0.3441,3,3,3,2,0,0,0,2,2,0,0,1
SYN-C3-2903,4,network_engineer,2,0,0,1,0,1,0,0,2,0,0,1,0,1,0,0,1,1,0,0,1,0,1,1,0,3,network_engineer,qa_engineer,-1.0268,1,1,1,0,1,2,0,1,1,2,1,1
SYN-C3-2904,3,mobile_developer,2,0,1,0,1,1,0,2,2,0,0,1,0,1,0,1,1,2,0,1,1,1,0,0,0,2,mobile_developer,network_engineer,-0.4956,1,2,1,2,1,1,1,1,1,2,1,0
SYN-C3-2905,4,data_scientist|mobile_developer,1,0,2,3,2,2,1,1,1,1,0,0,0,0,1,1,1,1,0,1,1,3,1,1,0,2,frontend_engineer,mobile_developer,-0.3833,2,3,3,3,1,0,0,2,3,1,1,2
SYN-C3-2906,4,qa_engineer,3,1,2,1,2,0,0,2,3,0,1,1,1,0,0,0,0,1,0,3,2,1,0,1,1,2,qa_engineer,,0.5323,2,3,1,3,0,3,1,2,1,1,1,2
SYN-C3-2907,4,cybersecurity_analyst,1,2,0,2,0,0,0,0,1,0,2,1,2,0,0,0,1,0,0,0,0,1,0,0,0,1,data_scientist,,-1.652,1,0,0,0,0,2,2,0,0,0,1,1
SYN-C3-2908,4,software_engineer,2,2,2,2,1,3,1,0,2,0,0,0,1,0,1,0,1,0,0,1,0,1,1,0,0,2,software_engineer,ui_ux_designer,-0.5618,3,2,3,2,1,2,1,1,3,0,1,1
SYN-C3-2909,3,data_analyst,1,2,2,2,1,1,0,0,3,0,3,0,1,1,0,0,1,1,0,1,0,1,0,1,0,3,data_analyst,qa_engineer,-0.4569,2,2,2,1,1,3,2,2,3,1,2,2
SYN-C3-2910,3,cybersecurity_analyst|devops_engineer,1,1,1,2,1,0,0,1,1,1,0,1,1,2,1,2,1,2,2,0,0,1,1,1,0,2,cybersecurity_analyst,devops_engineer,0.6966,2,2,1,2,3,2,1,1,2,3,3,1
SYN-C3-2911,3,cybersecurity_analyst,3,1,1,1,1,2,0,1,2,1,1,1,1,0,0,0,2,2,0,2,1,2,0,2,0,2,qa_engineer,cybersecurity_analyst,0.4619,2,3,1,2,1,2,1,2,2,2,3,2
SYN-C3-2912,4,frontend_engineer,1,1,3,2,2,2,1,0,1,1,2,0,0,0,0,0,1,2,2,2,1,1,1,0,0,2,frontend_engineer,,0.4712,2,3,3,3,2,2,1,1,2,3,3,1
SYN-C3-2913,4,business_analyst,1,0,0,0,0,1,0,0,1,0,1,1,0,0,0,0,0,0,0,1,0,1,0,2,0,3,business_analyst,,-1.9015,0,1,0,0,0,1,0,3,2,0,0,1
SYN-C3-2914,3,network_engineer,1,1,0,2,0,2,1,0,2,1,1,0,0,2,1,0,0,2,2,1,0,1,0,2,0,3,network_engineer,project_coordinator,0.8164,2,1,1,1,1,2,0,2,2,3,2,2
SYN-C3-2915,4,project_coordinator,1,0,1,2,3,2,1,0,1,0,0,1,3,1,1,1,1,2,1,1,0,3,1,1,2,3,project_coordinator,frontend_engineer,0.8644,3,2,3,2,2,1,1,3,3,2,3,3
SYN-C3-2916,4,cybersecurity_analyst,2,0,2,1,3,3,2,0,0,0,0,0,1,1,0,1,2,2,0,0,1,2,1,1,1,3,frontend_engineer,network_engineer,-0.1123,3,2,3,2,1,1,1,2,3,3,2,3
SYN-C3-2917,4,qa_engineer,2,0,2,1,1,1,0,0,2,1,1,0,0,2,0,1,1,2,2,3,2,2,0,2,1,2,qa_engineer,cybersecurity_analyst,1.0349,2,3,1,2,2,2,1,3,2,3,3,3
SYN-C3-2918,3,software_engineer|frontend_engineer,2,0,2,2,2,2,2,0,1,1,0,0,0,1,1,1,1,1,0,1,1,2,0,0,0,3,software_engineer,frontend_engineer,-0.4202,3,3,3,2,1,0,1,1,2,1,1,1
SYN-C3-2919,3,software_engineer,3,0,2,2,1,1,1,0,2,0,0,0,0,0,0,0,0,0,0,0,1,1,0,1,0,1,software_engineer,,-0.9796,2,1,2,2,0,1,0,1,2,0,0,1
SYN-C3-2920,3,data_analyst,1,0,1,2,1,2,1,2,2,0,1,0,1,0,0,0,1,1,1,0,0,1,1,1,0,2,frontend_engineer,network_engineer,0.4625,2,2,3,2,0,2,1,2,3,1,1,2
SYN-C3-2921,4,business_analyst|frontend_engineer,1,0,1,0,1,1,0,0,2,0,0,0,1,0,0,0,0,0,0,1,0,2,1,2,1,2,business_analyst,frontend_engineer,-1.6414,1,2,1,2,0,2,0,3,3,0,0,2
SYN-C3-2922,4,ui_ux_designer|data_scientist,1,3,2,1,2,3,1,0,3,0,0,0,2,0,0,0,2,2,0,0,0,1,2,1,0,3,ui_ux_designer,data_scientist,0.7585,2,2,3,2,1,2,2,2,3,2,3,1
SYN-C3-2923,3,devops_engineer,1,0,0,0,2,1,0,0,1,0,0,0,0,1,1,1,1,1,1,0,0,0,0,0,0,1,devops_engineer,network_engineer,-1.2018,1,0,0,0,2,0,0,0,0,1,1,0
SYN-C3-2924,3,devops_engineer,2,1,0,1,3,0,0,1,2,0,0,1,1,1,2,2,2,1,1,0,0,2,0,1,0,2,devops_engineer,mobile_developer,-0.5786,2,2,1,1,3,2,2,1,1,2,3,2
SYN-C3-2925,3,qa_engineer,2,1,1,0,1,1,0,0,1,0,0,0,1,0,0,0,0,0,0,2,1,1,0,1,1,2,qa_engineer,,-1.084,1,3,1,2,0,2,0,1,2,0,0,1
SYN-C3-2926,3,software_engineer,3,0,1,1,0,0,2,0,1,0,0,0,0,0,0,0,0,0,0,0,1,2,0,0,0,3,software_engineer,,-1.0386,2,2,1,1,0,1,0,1,1,0,0,2
SYN-C3-2927,3,software_engineer|mobile_developer,3,1,1,1,2,1,2,0,2,0,0,0,2,0,0,0,0,0,0,1,1,0,0,0,1,2,software_engineer,mobile_developer,-0.9557,2,2,2,2,0,2,1,0,1,0,0,1
SYN-C3-2928,3,ui_ux_designer,1,2,0,0,0,0,0,0,1,0,1,0,1,1,0,0,0,0,0,1,0,0,0,0,0,1,data_scientist,,-1.7015,0,0,0,0,0,1,1,0,0,0,0,0
SYN-C3-2929,4,mobile_developer,2,0,1,1,1,1,1,0,0,0,1,1,1,0,0,1,0,1,1,1,0,1,1,0,0,2,ui_ux_designer,,-0.7831,2,1,2,2,1,1,1,1,3,1,1,1
SYN-C3-2930,4,cybersecurity_analyst|business_analyst,0,0,0,1,0,0,0,0,2,0,1,0,0,1,1,0,1,3,2,0,0,2,0,1,0,2,cybersecurity_analyst,business_analyst,-1.4093,1,1,0,0,1,1,0,2,1,3,3,2
SYN-C3-2931,3,software_engineer|qa_engineer,2,0,2,1,3,1,1,0,3,0,1,0,1,2,3,2,3,2,1,2,1,2,0,1,1,3,devops_engineer,qa_engineer,0.761,2,3,2,2,3,2,1,3,2,3,2,3
SYN-C3-2932,3,ui_ux_designer,2,0,1,2,0,2,0,1,1,0,0,1,0,0,1,0,1,1,0,0,0,1,2,1,1,2,ui_ux_designer,,0.248,2,1,1,2,0,1,0,1,3,1,0,2
SYN-C3-2933,3,project_coordinator,2,2,2,1,1,2,1,0,1,0,2,0,2,2,0,1,1,1,1,1,1,2,1,1,2,3,project_coordinator,,2.3666,2,3,3,2,2,3,3,3,3,2,2,3
SYN-C3-2934,4,data_scientist,2,2,1,2,2,0,0,0,2,1,2,2,3,1,0,1,1,1,1,0,1,0,1,0,0,1,data_scientist,,0.4606,2,1,1,2,2,3,3,0,0,1,2,0
SYN-C3-2935,3,project_coordinator|data_analyst,0,1,2,2,2,0,1,0,2,1,1,1,1,0,0,0,0,1,0,0,1,2,0,2,2,3,project_coordinator,data_analyst,1.1195,2,2,2,1,0,3,2,3,2,0,1,3
SYN-C3-2936,4,cybersecurity_analyst|ui_ux_designer,1,1,1,2,1,1,0,0,1,0,1,0,0,1,0,0,1,3,2,1,1,0,1,0,1,2,cybersecurity_analyst,ui_ux_designer,0.1841,1,2,1,1,1,1,1,1,2,3,3,1
SYN-C3-2937,4,devops_engineer|network_engineer,1,1,1,1,2,0,0,0,1,0,0,2,1,3,2,3,3,2,1,1,0,1,0,0,1,2,devops_engineer,network_engineer,0.3603,2,2,1,1,3,2,2,1,1,3,2,1
SYN-C3-2938,3,mobile_developer,1,2,0,1,1,0,0,0,1,0,0,0,1,2,2,2,1,0,1,0,0,1,0,1,0,2,devops_engineer,,-0.8646,1,1,0,1,2,2,1,0,1,1,1,1
SYN-C3-2939,3,business_analyst,3,1,2,2,3,2,2,1,1,1,1,1,2,2,1,1,1,1,2,2,2,3,0,1,1,2,software_engineer,,1.9705,3,3,2,3,2,2,2,2,3,2,2,3
SYN-C3-2940,3,software_engineer|project_coordinator,3,2,3,3,3,3,3,3,3,1,2,1,3,1,1,1,1,2,1,1,1,3,2,1,1,3,software_engineer,project_coordinator,3.6265,3,3,3,3,2,3,3,3,3,2,3,3
SYN-C3-2941,4,business_analyst,0,0,0,1,0,1,1,0,2,0,1,0,0,0,0,0,0,0,0,0,0,3,0,2,0,1,business_analyst,,-1.4076,0,0,0,0,0,1,0,2,1,0,0,2
SYN-C3-2942,3,business_analyst,2,2,2,2,1,1,1,1,2,2,1,0,1,1,0,1,0,2,1,3,1,2,1,2,1,3,business_analyst,,1.7921,3,3,3,3,2,2,2,3,3,2,2,3
SYN-C3-2943,3,frontend_engineer,2,0,1,1,2,2,0,0,2,0,0,0,0,0,0,1,0,0,1,1,1,2,2,0,0,2,frontend_engineer,,-0.3135,2,2,2,2,1,1,1,1,3,1,0,1
SYN-C3-2944,4,business_analyst|devops_engineer,1,1,0,2,2,2,0,1,2,0,1,0,0,0,1,0,2,2,0,1,0,2,0,2,2,3,business_analyst,devops_engineer,-0.6272,2,2,2,1,1,2,1,3,2,1,2,3
SYN-C3-2945,3,frontend_engineer,2,0,1,2,1,1,0,0,2,0,0,0,0,0,1,0,0,0,0,0,0,1,0,0,0,2,software_engineer,,-1.5579,2,1,1,1,0,1,1,0,2,0,0,0
SYN-C3-2946,3,qa_engineer,2,2,2,2,1,2,0,0,3,0,1,2,0,0,0,1,1,1,0,3,1,1,1,1,0,3,qa_engineer,,0.9107,3,3,3,1,2,3,2,2,2,1,1,2
SYN-C3-2947,4,devops_engineer|network_engineer,2,2,2,2,3,2,1,0,1,1,0,1,1,2,3,3,2,2,2,1,1,0,1,0,1,3,devops_engineer,network_engineer,1.3374,3,2,2,2,3,1,2,1,1,3,3,1
SYN-C3-2948,3,network_engineer,0,0,0,0,0,0,0,0,2,0,0,0,0,0,0,0,0,0,0,1,0,2,0,0,0,1,business_analyst,,-1.1524,0,0,0,0,0,0,0,1,0,0,0,0
SYN-C3-2949,3,ui_ux_designer,1,1,2,1,2,1,1,0,1,0,0,0,2,0,1,0,0,1,0,1,1,2,0,0,1,2,qa_engineer,,0.5427,2,3,3,2,1,2,1,1,2,1,1,2
SYN-C3-2950,4,software_engineer,2,1,1,2,2,0,1,0,2,1,0,1,0,1,1,0,2,1,0,1,1,1,1,1,0,2,software_engineer,,-0.4487,3,2,2,3,2,2,1,2,2,2,3,1
SYN-C3-2951,4,data_scientist,1,3,1,2,2,1,0,0,2,0,1,3,3,1,1,3,0,1,1,1,0,2,1,1,1,3,data_scientist,,0.8213,2,2,1,2,2,3,3,3,3,2,2,3
SYN-C3-2952,4,cybersecurity_analyst,2,2,1,2,1,1,0,1,2,0,1,1,2,0,1,2,3,3,2,1,1,2,1,2,1,3,cybersecurity_analyst,,1.811,2,3,2,2,2,3,2,3,3,3,3,2
SYN-C3-2953,4,network_engineer,1,1,2,3,1,2,1,0,1,1,1,2,1,2,1,1,1,2,2,1,0,1,0,2,1,3,network_engineer,,0.754,3,2,2,2,2,2,2,2,2,3,3,2
SYN-C3-2954,4,business_analyst|devops_engineer,1,0,1,0,1,0,1,0,0,0,1,1,0,1,1,1,1,0,0,0,0,1,0,2,0,3,business_analyst,devops_engineer,-0.6806,1,1,1,1,1,1,0,2,1,1,0,2
SYN-C3-2955,3,software_engineer,3,0,1,3,1,1,2,0,2,1,0,0,0,0,1,2,0,0,1,1,0,1,0,1,0,2,software_engineer,,0.5265,3,2,2,2,1,1,1,1,2,1,0,1
SYN-C3-2956,3,business_analyst,1,0,0,0,1,1,1,0,2,1,2,0,1,0,0,0,1,0,0,0,0,0,1,2,1,2,business_analyst,,0.66,1,1,1,1,0,2,1,2,2,0,0,1
SYN-C3-2957,4,devops_engineer,2,0,1,2,2,1,2,0,1,0,1,1,1,1,2,3,2,2,0,0,0,2,0,2,0,2,devops_engineer,,0.066,3,2,2,1,3,1,2,2,2,3,2,2
SYN-C3-2958,3,software_engineer,1,1,0,2,0,1,1,0,2,1,0,0,1,0,0,0,0,0,1,1,0,1,0,0,1,1,software_engineer,,-0.7284,2,1,1,1,0,2,1,1,1,0,1,1
SYN-C3-2959,3,network_engineer,1,1,1,1,1,1,1,0,1,0,1,0,1,0,1,0,0,2,0,1,0,1,0,0,0,2,network_engineer,frontend_engineer,0.3135,2,2,1,1,0,2,1,1,2,2,1,1
SYN-C3-2960,3,software_engineer,2,0,2,3,2,1,2,0,2,2,0,1,1,1,1,0,2,0,1,2,1,2,1,0,1,2,software_engineer,,0.8819,3,2,3,3,2,2,1,2,2,2,2,2
SYN-C3-2961,3,business_analyst,0,0,1,1,0,0,0,0,1,0,0,0,2,0,0,0,0,0,0,0,0,1,0,2,0,3,business_analyst,,-1.1289,0,1,1,0,0,2,1,2,1,0,0,2
SYN-C3-2962,3,data_scientist|software_engineer,1,2,2,3,1,1,1,1,3,2,3,2,2,2,0,1,1,1,1,1,2,1,0,1,1,2,data_scientist,software_engineer,0.7241,3,2,2,2,2,3,3,2,2,2,2,2
SYN-C3-2963,4,software_engineer|qa_engineer,2,1,2,1,2,0,1,0,2,1,0,0,1,2,1,1,0,0,1,2,1,2,0,0,1,3,software_engineer,qa_engineer,-0.9574,3,3,2,2,2,2,2,2,1,1,1,2
SYN-C3-2964,3,business_analyst|qa_engineer,2,1,1,1,1,1,0,0,3,1,0,0,0,0,1,2,0,0,0,2,0,3,0,1,0,3,business_analyst,qa_engineer,0.3143,2,3,1,2,1,2,1,2,2,0,0,2
SYN-C3-2965,3,project_coordinator,1,0,0,2,0,0,0,1,2,1,1,0,0,0,0,0,1,0,0,0,0,2,0,1,2,2,project_coordinator,,-0.0274,1,1,0,1,0,2,1,2,1,1,0,3
SYN-C3-2966,4,data_scientist,2,3,0,2,3,1,0,1,3,1,2,2,3,1,1,1,2,1,0,2,0,0,1,1,2,2,data_scientist,,1.2133,2,2,1,2,2,3,3,1,2,2,2,3
SYN-C3-2967,3,software_engineer,2,0,1,2,3,1,0,0,1,0,0,0,0,0,1,0,1,0,1,0,0,1,0,1,0,2,software_engineer,project_coordinator,-1.4527,2,1,2,2,1,1,0,1,2,1,1,2
SYN-C3-2968,3,software_engineer,3,0,0,2,3,2,2,1,3,1,1,1,1,1,0,1,1,1,1,1,2,2,1,1,0,2,software_engineer,,0.6453,3,3,2,2,2,3,2,2,2,2,1,2
SYN-C3-2969,4,devops_engineer,0,1,0,0,3,1,0,1,1,0,0,1,0,1,1,1,2,1,1,1,0,1,1,0,0,1,devops_engineer,,-0.2539,1,0,1,1,3,0,1,1,1,1,2,0
SYN-C3-2970,3,ui_ux_designer,2,0,0,0,0,1,0,0,0,0,1,0,1,1,0,1,1,0,0,0,0,1,1,1,0,1,ui_ux_designer,,-0.6008,1,0,0,1,0,0,0,1,2,0,0,0
SYN-C3-2971,3,data_analyst,2,1,1,1,2,0,0,0,2,1,1,0,2,0,0,0,1,1,0,0,0,0,0,0,0,3,data_analyst,,0.2578,2,1,0,2,1,3,2,1,1,1,1,1
SYN-C3-2972,4,network_engineer|business_analyst,1,0,2,2,2,2,0,1,2,2,1,0,1,0,1,0,1,0,0,1,1,2,2,2,1,2,frontend_engineer,business_analyst,-0.0227,3,3,3,2,0,2,1,3,3,0,0,3
SYN-C3-2973,4,mobile_developer,2,0,1,2,2,1,1,1,2,0,1,1,0,0,0,0,0,0,0,0,1,2,1,2,1,1,mobile_developer,,-0.9524,2,2,2,3,0,1,0,3,2,0,0,2
SYN-C3-2974,3,qa_engineer|frontend_engineer,2,0,1,1,3,2,2,0,1,0,0,0,0,0,1,0,1,2,0,3,2,2,1,1,1,3,qa_engineer,frontend_engineer,-0.1784,2,3,3,2,1,1,0,3,3,2,1,3
SYN-C3-2975,3,cybersecurity_analyst,2,1,1,2,0,0,1,1,1,0,0,1,0,1,0,0,1,2,1,2,0,0,1,0,0,3,cybersecurity_analyst,,0.1714,2,1,1,1,1,1,1,1,1,2,3,0
SYN-C3-2976,3,data_scientist,1,0,0,1,0,0,0,0,2,0,0,1,0,0,1,0,0,0,0,2,2,1,0,1,0,2,qa_engineer,,-0.2724,1,3,0,0,0,1,0,1,1,0,0,1
SYN-C3-2977,3,ui_ux_designer|data_scientist,2,2,1,3,1,1,0,1,1,0,1,1,1,0,0,1,1,0,0,1,1,2,1,0,1,2,ui_ux_designer,data_scientist,0.2671,2,2,2,2,1,2,2,2,3,0,1,2
SYN-C3-2978,4,data_scientist,3,1,2,2,1,2,0,1,2,0,1,1,0,0,1,0,1,2,1,2,2,3,1,1,1,3,qa_engineer,,1.7002,2,3,3,2,1,2,1,3,2,2,2,3
SYN-C3-2979,4,project_coordinator,2,3,1,2,2,1,0,0,3,1,2,2,3,2,1,2,1,1,2,1,1,2,1,1,1,3,data_scientist,,1.3188,3,3,2,2,3,3,3,3,2,2,3,3
SYN-C3-2980,4,data_analyst|network_engineer,1,1,1,3,2,1,1,1,3,1,2,1,2,0,0,1,2,3,1,1,1,0,2,1,1,3,data_analyst,network_engineer,0.9044,2,1,2,2,1,3,2,2,3,3,2,2
SYN-C3-2981,3,qa_engineer,1,2,1,0,0,1,0,0,1,0,0,1,0,0,0,0,0,0,0,1,0,0,0,0,0,2,qa_engineer,,-1.2301,0,1,0,0,0,0,1,0,1,0,0,0
SYN-C3-2982,3,ui_ux_designer|data_scientist,2,2,1,3,2,1,1,1,3,0,3,2,2,0,0,0,0,0,0,0,0,1,1,1,0,3,data_analyst,data_scientist,0.986,2,1,2,3,1,3,3,2,3,0,1,2
SYN-C3-2983,3,software_engineer|cybersecurity_analyst,2,1,1,1,1,1,1,1,2,0,0,0,1,1,1,0,0,0,0,0,0,2,0,1,0,3,software_engineer,cybersecurity_analyst,-0.683,2,2,1,2,1,2,2,1,2,1,1,2
SYN-C3-2984,4,project_coordinator,1,1,1,3,1,2,0,2,2,0,2,2,1,0,0,0,1,2,0,1,1,2,1,1,2,3,project_coordinator,,1.7782,1,3,2,2,0,3,2,3,3,1,1,3
SYN-C3-2985,4,data_analyst,1,1,1,1,0,1,0,0,3,0,2,0,1,0,0,1,0,0,0,0,0,1,0,0,0,2,data_analyst,,-0.1888,1,1,0,0,0,2,1,1,1,0,0,0
SYN-C3-2986,4,software_engineer,3,0,2,2,2,2,2,1,2,2,1,0,0,0,2,1,0,2,1,3,2,2,2,1,1,2,software_engineer,,1.3487,3,3,3,3,1,1,1,3,3,1,1,3
SYN-C3-2987,3,frontend_engineer,1,1,2,0,2,2,0,1,0,0,0,0,1,1,0,0,0,0,0,0,0,1,1,0,0,2,frontend_engineer,,-0.5488,1,1,3,2,1,1,1,1,2,0,0,0
SYN-C3-2988,3,software_engineer,2,0,2,2,1,0,2,0,1,0,0,0,1,0,0,0,0,1,0,0,0,1,0,0,1,3,software_engineer,,-0.6312,2,1,1,2,0,0,1,1,1,1,0,1
SYN-C3-2989,4,mobile_developer,2,1,1,1,2,1,0,2,3,0,1,2,0,0,2,0,0,1,0,1,2,1,1,0,1,2,mobile_developer,,0.56,2,3,2,3,2,2,2,2,2,1,1,2
SYN-C3-2990,3,network_engineer,0,2,0,1,1,1,0,0,1,0,0,0,1,0,0,0,1,2,2,1,1,1,0,0,0,2,network_engineer,qa_engineer,-1.0427,1,2,1,0,1,2,1,1,1,3,2,1
SYN-C3-2991,3,mobile_developer,2,3,3,2,2,0,0,2,3,2,1,2,2,0,0,2,1,1,0,0,2,2,2,0,0,2,mobile_developer,data_scientist,0.945,2,3,3,3,1,3,3,1,2,1,1,1
SYN-C3-2992,3,business_analyst,1,0,2,2,0,1,0,2,3,1,1,1,0,0,0,1,0,1,0,1,0,2,1,1,1,3,business_analyst,mobile_developer,0.5118,2,1,1,2,0,2,1,3,3,0,0,3
SYN-C3-2993,3,devops_engineer,1,0,1,0,1,0,0,0,0,0,0,0,0,2,1,0,0,0,0,0,0,1,0,0,0,2,devops_engineer,,-1.4191,0,1,0,0,1,0,0,0,1,0,0,0
SYN-C3-2994,4,project_coordinator,2,2,1,1,0,1,1,0,2,1,0,0,0,0,1,0,1,0,1,1,0,2,1,3,3,3,project_coordinator,,0.7797,2,2,1,2,0,2,0,3,3,1,1,3
SYN-C3-2995,3,devops_engineer,1,1,1,3,2,2,1,0,0,0,0,1,1,2,0,2,2,1,1,1,0,2,0,0,1,2,devops_engineer,,0.5867,2,1,2,1,3,1,1,1,2,2,2,2
SYN-C3-2996,4,data_analyst|qa_engineer,1,0,0,1,1,0,0,0,1,0,1,0,0,1,1,0,0,0,1,1,0,2,1,3,0,3,business_analyst,qa_engineer,-1.0808,1,2,1,1,0,1,0,3,2,1,1,3
SYN-C3-2997,3,qa_engineer,1,0,0,1,0,2,0,0,1,0,0,0,2,0,0,0,0,0,0,1,1,1,0,0,2,2,qa_engineer,project_coordinator,-1.4671,1,1,1,0,0,1,0,1,1,0,0,2
SYN-C3-2998,3,business_analyst,1,0,0,0,0,1,0,0,1,0,0,0,0,0,0,0,0,1,0,0,0,1,1,1,0,1,business_analyst,,-1.4063,0,0,0,0,0,0,0,2,2,0,0,0
SYN-C3-2999,3,data_analyst|network_engineer,2,2,2,2,2,2,2,1,2,2,2,1,1,0,1,0,1,2,1,1,0,1,0,2,0,3,data_analyst,network_engineer,1.8106,3,2,2,3,1,3,2,2,2,2,2,2
