student_id,monthly_household_income_lkr,household_size,dependents,siblings_in_education,guardian_employment,single_parent,has_education_loan,loan_amount_lkr,monthly_expenses_lkr,accommodation,rural_district,financial_shock_last_year,current_scholarship,gpa,year_of_study,latent_need,vulnerable
SYN-0000,30500.0,3,2,1,informal,0,0,0.0,31400.0,home,0,0,0,3.42,3,1.356,0
SYN-0001,203000.0,2,0,0,formal,0,0,0.0,28400.0,home,0,1,0,2.9,4,-5.8532,0
SYN-0002,126000.0,6,0,0,informal,0,0,0.0,41100.0,boarding,0,0,0,2.42,3,-2.9673,0
SYN-0003,106700.0,6,1,1,formal,0,0,0.0,35000.0,home,0,0,0,3.01,3,-2.0297,0
SYN-0004,54100.0,5,1,1,formal,1,0,0.0,44200.0,boarding,1,0,1,2.77,4,0.8264,0
SYN-0005,154200.0,2,1,1,informal,0,0,0.0,26100.0,home,0,0,0,3.44,4,-4.3944,0
SYN-0006,140500.0,4,3,0,informal,0,0,0.0,42800.0,boarding,0,0,0,2.87,3,-1.6284,0
SYN-0007,74300.0,4,3,1,retired,1,0,0.0,29700.0,home,0,0,0,2.86,3,0.7825,0
SYN-0008,39400.0,4,1,1,retired,1,0,0.0,44100.0,boarding,1,1,0,3.86,4,4.0628,1
SYN-0009,45000.0,4,0,0,retired,0,0,0.0,46200.0,hostel,0,0,0,3.39,4,-0.7833,0
SYN-0010,39800.0,5,0,0,unemployed,0,0,0.0,23400.0,home,1,0,1,3.5,3,-0.3886,0
SYN-0011,52400.0,4,0,0,unemployed,0,0,0.0,33700.0,home,0,0,0,2.83,3,-1.6605,0
SYN-0012,79200.0,3,1,0,formal,0,0,0.0,33000.0,home,0,0,0,2.59,4,-2.8309,0
SYN-0013,59500.0,5,3,1,informal,0,0,0.0,37800.0,home,0,0,1,3.5,3,0.219,0
SYN-0014,164100.0,4,0,0,formal,0,0,0.0,34300.0,boarding,0,0,0,3.68,3,-4.5426,0
SYN-0015,171400.0,3,0,0,formal,0,0,0.0,47600.0,hostel,1,0,0,2.51,4,-5.0985,0
SYN-0016,58300.0,5,1,1,formal,0,0,0.0,46700.0,hostel,0,0,0,2.83,4,0.206,0
SYN-0017,26500.0,7,2,0,retired,1,1,396000.0,39300.0,boarding,1,1,0,2.57,4,6.1215,1
SYN-0018,40600.0,4,1,1,unemployed,0,0,0.0,33000.0,boarding,0,0,0,3.25,3,0.8103,0
SYN-0019,63300.0,6,1,1,deceased,0,0,0.0,24100.0,home,0,0,0,3.51,3,0.2485,0
SYN-0020,36300.0,8,1,1,deceased,0,0,0.0,49500.0,hostel,0,0,0,2.9,4,2.0029,1
SYN-0021,119900.0,3,0,0,retired,0,1,229000.0,38800.0,boarding,1,0,0,2.89,4,-2.6847,0
SYN-0022,111000.0,4,0,0,formal,0,0,0.0,25500.0,home,0,0,0,2.23,4,-3.0452,0
SYN-0023,73100.0,3,2,2,retired,0,0,0.0,55900.0,hostel,0,0,0,2.65,3,-0.0219,0
SYN-0024,143600.0,6,1,1,retired,0,0,0.0,54600.0,boarding,0,0,0,3.68,4,-2.9373,0
SYN-0025,33200.0,4,2,1,retired,0,0,0.0,29700.0,home,1,0,0,3.26,3,0.9535,0
SYN-0026,83800.0,3,0,0,formal,0,1,384000.0,33200.0,boarding,0,0,1,3.44,4,-2.1409,0
SYN-0027,34500.0,4,1,0,formal,0,1,299000.0,32200.0,home,1,0,1,2.9,4,2.6026,1
SYN-0028,34300.0,2,0,0,deceased,0,0,0.0,18500.0,home,1,0,0,2.94,3,-0.7479,0
SYN-0029,38800.0,2,1,0,formal,0,1,444000.0,22600.0,home,0,0,0,3.06,3,1.1802,0
SYN-0030,108900.0,5,2,2,informal,0,0,0.0,43800.0,boarding,0,0,0,3.19,3,0.0145,0
SYN-0031,65500.0,5,2,1,informal,1,0,0.0,22400.0,home,0,0,0,3.63,4,0.3773,0
SYN-0032,58900.0,6,2,1,formal,0,0,0.0,28400.0,home,1,0,1,2.77,3,0.6834,0
SYN-0033,65000.0,5,2,0,formal,0,1,249000.0,21800.0,home,1,0,0,2.99,3,0.2401,0
SYN-0034,73600.0,5,0,0,deceased,0,0,0.0,30300.0,home,0,0,0,2.72,3,-1.6038,0
SYN-0035,22800.0,3,0,0,retired,0,0,0.0,47700.0,boarding,1,0,0,2.22,3,2.1029,1
SYN-0036,42200.0,3,2,1,deceased,0,1,267000.0,38100.0,boarding,1,0,0,3.44,4,2.2228,1
SYN-0037,93100.0,3,2,0,formal,1,0,0.0,29900.0,home,0,1,0,3.68,3,-0.8949,0
SYN-0038,25800.0,4,3,1,formal,0,1,213000.0,25500.0,home,1,1,0,3.27,3,4.4126,1
SYN-0039,105200.0,3,2,1,informal,0,0,0.0,25900.0,home,0,0,0,3.15,3,-2.5664,0
SYN-0040,28700.0,8,1,0,informal,0,1,353000.0,36900.0,boarding,0,0,0,3.83,4,4.4761,1
SYN-0041,82500.0,4,0,0,formal,0,0,0.0,52300.0,hostel,0,0,0,3.24,3,-2.4996,0
SYN-0042,28800.0,3,1,1,retired,0,1,251000.0,22200.0,home,0,0,0,3.39,3,2.5468,1
SYN-0043,82900.0,3,2,2,deceased,0,0,0.0,28200.0,home,1,0,0,3.11,3,-1.0542,0
SYN-0044,38200.0,5,2,1,informal,0,0,0.0,32300.0,home,0,0,0,3.17,3,2.2354,1
SYN-0045,29100.0,6,2,0,informal,0,1,225000.0,46500.0,boarding,0,0,0,2.99,4,3.4172,1
SYN-0046,60600.0,5,1,1,informal,0,0,0.0,32400.0,home,1,0,0,3.4,3,0.8322,0
SYN-0047,54700.0,3,1,1,formal,0,0,0.0,41100.0,boarding,1,0,0,2.59,4,-1.1636,0
SYN-0048,38500.0,7,0,0,formal,0,1,240000.0,38400.0,boarding,0,0,0,3.23,4,2.4515,1
SYN-0049,75200.0,2,1,1,informal,0,0,0.0,35100.0,home,1,0,0,2.69,4,-2.2584,0
SYN-0050,18800.0,8,2,0,informal,0,0,0.0,25200.0,home,1,0,0,3.26,3,3.9897,1
SYN-0051,22900.0,5,3,1,informal,1,0,0.0,43300.0,hostel,1,0,0,4.0,3,5.4261,1
SYN-0052,39800.0,6,1,1,retired,0,0,0.0,37400.0,home,0,0,0,3.34,3,1.8317,1
SYN-0053,136800.0,2,0,0,formal,0,0,0.0,43500.0,boarding,0,0,0,3.54,4,-5.5401,0
SYN-0054,179400.0,4,3,1,formal,0,1,534000.0,43700.0,boarding,0,0,0,3.43,4,-2.1057,0
SYN-0055,161400.0,2,1,0,formal,0,0,0.0,33300.0,home,0,0,0,2.07,3,-5.2454,0
SYN-0056,80900.0,4,0,0,formal,0,0,0.0,41000.0,boarding,0,0,0,2.99,4,-3.2963,0
SYN-0057,19000.0,5,2,2,informal,0,0,0.0,22100.0,home,0,0,0,3.24,4,3.2825,1
SYN-0058,52800.0,4,2,1,retired,0,0,0.0,31400.0,home,1,0,0,2.17,4,0.1341,0
SYN-0059,95600.0,3,0,0,retired,0,0,0.0,41400.0,boarding,1,1,1,2.83,4,-3.6286,0
SYN-0060,142200.0,3,1,1,informal,0,0,0.0,43300.0,hostel,0,1,0,2.92,4,-2.6074,0
SYN-0061,93100.0,4,0,0,informal,0,0,0.0,24000.0,home,0,0,0,2.53,4,-2.8821,0
SYN-0062,45700.0,3,2,1,formal,0,1,281000.0,41200.0,boarding,0,0,0,2.64,3,1.307,0
SYN-0063,54100.0,7,2,2,informal,0,0,0.0,22500.0,home,0,0,0,3.61,4,0.7611,0
SYN-0064,254900.0,2,0,0,formal,0,0,0.0,40700.0,boarding,0,0,1,1.6,3,-7.2378,0
SYN-0065,25000.0,6,2,1,retired,0,0,0.0,28500.0,home,0,0,0,3.16,3,2.7437,1
SYN-0066,38400.0,7,3,1,informal,0,1,614000.0,29300.0,home,0,0,0,3.54,4,4.7507,1
SYN-0067,115300.0,5,0,0,formal,0,0,0.0,50200.0,hostel,1,0,1,3.04,3,-3.0844,0
SYN-0068,54100.0,3,1,0,formal,0,1,415000.0,44900.0,boarding,1,0,0,3.64,3,-0.8191,0
SYN-0069,45900.0,3,1,1,formal,0,1,480000.0,26100.0,home,0,0,0,2.87,3,0.4307,0
SYN-0070,63000.0,3,2,0,deceased,1,0,0.0,52800.0,hostel,1,0,0,2.67,4,-0.0069,0
SYN-0071,88500.0,6,1,0,formal,0,0,0.0,28800.0,home,1,0,0,3.05,3,-2.0255,0
SYN-0072,71300.0,6,1,0,formal,0,1,415000.0,51100.0,boarding,0,0,0,2.89,4,0.3286,0
SYN-0073,36600.0,4,1,1,formal,0,0,0.0,38300.0,boarding,1,0,0,2.81,4,0.7723,0
SYN-0074,131200.0,5,1,0,retired,0,1,149000.0,39100.0,hostel,1,0,0,2.97,3,-2.2388,0
SYN-0075,55500.0,5,1,1,informal,0,0,0.0,34600.0,home,1,0,0,2.72,3,0.5285,0
SYN-0076,121400.0,4,3,1,informal,0,0,0.0,43800.0,boarding,1,0,0,2.7,3,-1.1099,0
SYN-0077,143900.0,3,2,2,formal,0,0,0.0,48100.0,boarding,0,0,0,2.58,3,-1.5786,0
SYN-0078,66100.0,4,1,0,formal,0,0,0.0,31700.0,home,0,0,0,3.22,3,-1.4926,0
SYN-0079,41100.0,5,0,0,retired,0,0,0.0,60900.0,hostel,0,0,0,2.63,3,0.454,0
SYN-0080,195000.0,3,1,1,formal,0,0,0.0,29000.0,home,0,0,0,2.53,3,-4.0939,0
SYN-0081,110500.0,7,2,1,formal,1,0,0.0,35800.0,home,1,0,0,2.6,3,-0.2422,0
SYN-0082,25700.0,5,0,0,informal,0,1,400000.0,38600.0,boarding,0,0,0,3.14,3,2.9468,1
SYN-0083,92900.0,4,0,0,formal,0,0,0.0,32700.0,home,1,0,0,3.33,4,-3.4689,0
SYN-0084,64200.0,6,2,1,formal,0,0,0.0,51700.0,hostel,1,0,0,3.37,4,1.4898,0
SYN-0085,24100.0,5,2,2,retired,0,0,0.0,34600.0,home,1,0,0,3.14,3,3.9335,1
SYN-0086,83300.0,3,1,0,informal,0,0,0.0,34300.0,home,0,0,0,3.27,4,-2.597,0
SYN-0087,41900.0,4,1,1,formal,0,0,0.0,23700.0,boarding,0,0,0,3.03,3,0.7631,0
SYN-0088,53100.0,7,2,1,formal,0,0,0.0,47600.0,hostel,1,0,0,3.24,4,3.1614,1
SYN-0089,21600.0,4,1,1,unemployed,0,0,0.0,38300.0,boarding,0,0,0,3.23,4,1.9985,1
SYN-0090,52100.0,2,1,1,formal,0,0,0.0,27900.0,home,1,0,0,2.74,4,-0.919,0
SYN-0091,84600.0,3,1,1,formal,0,0,0.0,28400.0,home,0,0,0,2.6,4,-1.5948,0
SYN-0092,41300.0,2,1,1,informal,0,1,351000.0,46900.0,boarding,0,0,0,3.62,4,-0.1451,0
SYN-0093,133700.0,6,2,0,informal,0,0,0.0,49100.0,hostel,1,0,0,3.1,3,-2.4177,0
SYN-0094,49500.0,5,0,0,deceased,0,1,308000.0,38700.0,boarding,1,0,1,3.49,4,1.1252,0
SYN-0095,139400.0,4,1,0,informal,1,0,0.0,33400.0,boarding,0,0,0,2.59,3,-2.7623,0
SYN-0096,45300.0,6,1,0,formal,1,0,0.0,38400.0,home,1,1,0,2.78,3,1.9074,1
SYN-0097,41600.0,2,0,0,informal,0,0,0.0,37900.0,boarding,1,0,0,2.47,4,-2.5572,0
SYN-0098,148100.0,3,1,1,informal,0,1,164000.0,29300.0,home,1,0,0,3.32,3,-2.7014,0
SYN-0099,64000.0,3,1,1,formal,0,1,165000.0,41800.0,home,0,0,0,2.79,3,-1.5601,0
SYN-0100,65400.0,6,2,2,informal,0,0,0.0,26600.0,home,0,0,0,2.82,3,0.0136,0
SYN-0101,130800.0,5,0,0,formal,0,0,0.0,40000.0,boarding,0,0,0,3.87,4,-3.5883,0
SYN-0102,21500.0,9,1,1,retired,0,0,0.0,42800.0,boarding,1,1,0,3.23,3,5.6137,1
SYN-0103,80700.0,4,1,1,retired,0,0,0.0,21200.0,home,0,0,0,3.32,3,-2.1279,0
SYN-0104,99500.0,4,1,1,informal,0,0,0.0,38500.0,hostel,0,0,0,2.55,3,-2.361,0
SYN-0105,97300.0,3,2,1,deceased,0,0,0.0,27400.0,home,0,0,0,2.27,4,-1.0125,0
SYN-0106,79000.0,6,4,1,deceased,0,0,0.0,39000.0,boarding,0,0,0,3.46,3,0.6889,0
SYN-0107,140300.0,5,0,0,formal,0,0,0.0,48700.0,hostel,1,0,0,2.11,3,-2.8604,0
SYN-0108,53000.0,3,0,0,informal,0,1,132000.0,42600.0,hostel,1,0,0,2.84,3,-0.9328,0
SYN-0109,44900.0,2,1,1,informal,0,1,520000.0,50400.0,hostel,0,0,0,2.71,4,0.2831,0
SYN-0110,280900.0,6,2,0,formal,0,0,0.0,36100.0,hostel,0,0,1,2.66,4,-3.847,0
SYN-0111,24300.0,4,1,1,informal,0,0,0.0,41100.0,boarding,1,0,1,2.86,3,2.6746,1
SYN-0112,31300.0,6,1,1,formal,0,0,0.0,43500.0,boarding,1,0,0,2.61,3,2.0444,1
SYN-0113,66000.0,7,2,1,deceased,0,0,0.0,49800.0,hostel,0,1,0,2.44,3,2.0574,1
SYN-0114,137600.0,4,2,0,informal,0,0,0.0,29100.0,home,1,0,0,3.16,3,-2.1381,0
SYN-0115,37100.0,4,3,0,unemployed,0,0,0.0,37900.0,boarding,0,0,1,3.5,4,1.4234,0
SYN-0116,125000.0,2,1,1,informal,0,0,0.0,28900.0,home,0,0,0,2.32,3,-2.4488,0
SYN-0117,29400.0,5,1,1,formal,0,0,0.0,48300.0,boarding,0,0,1,3.13,4,2.1092,1
SYN-0118,41500.0,3,1,0,retired,0,0,0.0,26700.0,home,0,0,0,3.28,3,-1.0916,0
SYN-0119,31400.0,4,0,0,formal,0,1,343000.0,46900.0,boarding,0,0,0,3.24,3,2.4107,1
SYN-0120,135200.0,2,1,1,formal,0,0,0.0,36300.0,home,0,0,0,2.96,4,-3.4859,0
SYN-0121,30800.0,7,2,1,informal,0,0,0.0,20500.0,home,0,0,0,2.8,4,1.5935,0
SYN-0122,12900.0,4,1,1,unemployed,0,1,542000.0,29300.0,home,1,1,1,3.27,3,7.237,1
SYN-0123,91100.0,5,0,0,formal,0,0,0.0,36100.0,boarding,1,0,0,3.19,4,-1.9388,0
SYN-0124,123100.0,4,2,0,formal,0,0,0.0,39700.0,hostel,1,0,0,2.25,3,-1.3989,0
SYN-0125,80600.0,2,1,1,formal,0,0,0.0,34400.0,home,0,0,0,2.96,4,-1.7102,0
SYN-0126,93900.0,5,3,1,formal,0,0,0.0,32600.0,home,1,0,0,3.07,3,-0.0076,0
SYN-0127,66400.0,5,1,1,formal,1,0,0.0,42900.0,boarding,1,0,0,2.59,3,1.2244,0
SYN-0128,50000.0,4,2,2,informal,0,1,300000.0,35500.0,boarding,1,1,0,2.85,4,3.5751,1
SYN-0129,48200.0,5,0,0,formal,0,0,0.0,31200.0,home,0,0,0,3.26,3,-0.7042,0
SYN-0130,93700.0,6,0,0,formal,0,0,0.0,34300.0,boarding,1,0,0,2.7,3,-1.495,0
SYN-0131,101100.0,3,1,0,informal,0,0,0.0,48400.0,hostel,0,0,0,3.15,4,-3.0434,0
SYN-0132,39400.0,6,2,2,unemployed,1,0,0.0,26400.0,home,0,1,0,2.53,3,2.6917,1
SYN-0133,58700.0,3,2,0,formal,1,0,0.0,47300.0,boarding,1,0,0,2.53,4,-0.1886,0
SYN-0134,46300.0,5,0,0,formal,0,1,481000.0,28000.0,home,0,0,0,3.31,3,0.759,0
SYN-0135,100300.0,4,0,0,formal,0,0,0.0,49300.0,hostel,1,1,0,3.44,3,-1.4057,0
SYN-0136,48400.0,2,0,0,deceased,0,0,0.0,49300.0,hostel,0,0,0,2.55,3,-2.9611,0
SYN-0137,48600.0,4,3,1,formal,1,0,0.0,41100.0,boarding,0,0,1,3.45,3,0.8582,0
SYN-0138,74800.0,5,1,1,formal,0,0,0.0,48600.0,hostel,0,0,0,3.04,3,-0.165,0
SYN-0139,38500.0,6,2,0,informal,0,0,0.0,31700.0,home,1,0,0,2.12,3,1.3332,0
SYN-0140,143500.0,4,0,0,formal,0,0,0.0,36600.0,boarding,0,0,0,2.45,4,-3.8938,0
SYN-0141,40300.0,6,1,0,formal,0,1,248000.0,43700.0,boarding,0,0,0,3.31,3,1.9622,1
SYN-0142,51000.0,2,1,0,formal,0,1,434000.0,52800.0,hostel,0,1,0,2.27,3,1.8674,1
SYN-0143,43400.0,4,3,1,informal,1,0,0.0,43700.0,boarding,0,0,0,2.79,4,2.4576,1
SYN-0144,175300.0,6,0,0,informal,0,0,0.0,28100.0,home,0,0,0,3.02,3,-3.3078,0
SYN-0145,100500.0,4,1,1,informal,0,0,0.0,31000.0,home,1,0,0,3.24,4,-1.5318,0
SYN-0146,17300.0,4,1,1,retired,0,0,0.0,28000.0,home,1,0,0,3.13,4,3.6603,1
SYN-0147,185000.0,4,1,1,formal,0,0,0.0,47300.0,hostel,0,0,0,3.71,4,-2.2715,0
SYN-0148,101700.0,5,2,2,deceased,0,0,0.0,23500.0,home,0,0,0,2.71,4,-0.9781,0
SYN-0149,13700.0,6,0,0,unemployed,0,0,0.0,49100.0,boarding,1,0,0,3.09,3,5.2674,1
SYN-0150,12000.0,5,1,1,retired,1,0,0.0,40600.0,home,0,0,0,3.24,4,6.1218,1
SYN-0151,32100.0,3,0,0,unemployed,0,1,510000.0,37600.0,boarding,0,0,0,3.35,3,2.3389,1
SYN-0152,127300.0,4,0,0,formal,0,1,198000.0,34300.0,home,1,0,0,3.49,3,-2.1241,0
SYN-0153,152000.0,4,2,2,formal,1,0,0.0,49500.0,boarding,0,0,0,2.87,3,-1.6692,0
SYN-0154,34900.0,7,4,1,informal,0,0,0.0,24700.0,home,1,0,0,3.32,3,3.2008,1
SYN-0155,230700.0,6,1,1,formal,0,0,0.0,18100.0,home,0,0,0,2.66,3,-3.177,0
SYN-0156,12000.0,7,1,1,informal,1,1,203000.0,38300.0,home,1,0,0,3.02,4,8.4411,1
SYN-0157,51700.0,5,3,1,formal,1,1,264000.0,47900.0,hostel,0,0,0,3.26,3,3.4055,1
SYN-0158,70000.0,5,1,0,formal,0,0,0.0,38600.0,boarding,0,0,0,3.46,4,-0.1563,0
SYN-0159,91200.0,3,1,1,deceased,0,0,0.0,41800.0,boarding,0,0,0,3.29,4,-1.5441,0
SYN-0160,53300.0,4,2,2,unemployed,0,1,378000.0,46000.0,hostel,1,1,0,2.99,3,3.2612,1
SYN-0161,122000.0,6,3,0,informal,0,0,0.0,57800.0,boarding,0,1,0,2.92,3,-1.3299,0
SYN-0162,32700.0,7,1,0,formal,0,1,105000.0,38600.0,boarding,1,1,0,3.18,4,4.3926,1
SYN-0163,90500.0,4,3,2,informal,0,0,0.0,43300.0,boarding,1,0,0,3.97,4,-0.217,0
SYN-0164,72200.0,5,0,0,retired,0,0,0.0,37100.0,home,0,0,0,3.41,4,-2.1282,0
SYN-0165,22400.0,3,0,0,informal,0,1,309000.0,37100.0,home,1,0,0,3.21,3,3.3111,1
SYN-0166,16700.0,6,1,0,informal,1,0,0.0,54000.0,hostel,0,0,1,2.48,4,5.3204,1
SYN-0167,127700.0,4,0,0,informal,0,0,0.0,27700.0,home,0,0,0,2.7,3,-3.761,0
SYN-0168,44800.0,4,2,2,formal,1,0,0.0,29200.0,home,1,0,0,2.91,3,1.7653,1
SYN-0169,16500.0,3,2,2,unemployed,0,1,238000.0,36000.0,hostel,0,0,0,3.43,3,6.5435,1
SYN-0170,33700.0,4,1,1,deceased,0,1,415000.0,29600.0,home,1,0,0,2.66,4,2.5246,1
SYN-0171,88200.0,4,0,0,informal,0,0,0.0,41700.0,boarding,0,0,0,3.32,3,-2.7379,0
SYN-0172,53800.0,5,1,0,informal,0,0,0.0,45600.0,boarding,1,0,0,3.1,4,-0.7436,0
SYN-0173,30700.0,6,1,0,informal,0,1,180000.0,39900.0,home,0,0,0,3.2,3,3.342,1
SYN-0174,158800.0,3,1,1,informal,0,1,212000.0,33900.0,home,1,0,0,2.96,3,-1.4566,0
SYN-0175,47200.0,5,3,1,deceased,1,0,0.0,35900.0,home,1,0,0,2.8,4,2.1728,1
SYN-0176,27800.0,4,1,1,unemployed,0,0,0.0,41400.0,boarding,0,1,0,2.54,4,3.702,1
SYN-0177,74800.0,3,1,1,formal,0,1,252000.0,55100.0,hostel,0,0,0,3.31,3,-1.0997,0
SYN-0178,63300.0,3,1,1,informal,1,0,0.0,48100.0,hostel,0,0,0,3.02,4,-1.2316,0
SYN-0179,38800.0,5,2,0,informal,0,1,302000.0,36300.0,home,0,0,0,2.6,3,3.6557,1
SYN-0180,105100.0,2,1,1,formal,0,0,0.0,34400.0,home,0,1,0,3.04,3,-2.764,0
SYN-0181,34700.0,3,1,0,informal,0,0,0.0,43700.0,boarding,0,0,0,4.0,3,0.9494,0
SYN-0182,52500.0,5,1,1,retired,0,1,111000.0,33000.0,boarding,0,0,0,2.97,4,0.9985,0
SYN-0183,29600.0,6,1,1,informal,0,0,0.0,36000.0,home,1,0,0,3.74,3,3.2004,1
SYN-0184,34300.0,7,2,1,formal,1,1,187000.0,32100.0,home,0,0,0,1.96,3,3.7249,1
SYN-0185,59500.0,6,3,1,unemployed,1,0,0.0,33900.0,home,0,0,0,2.94,4,0.6647,0
SYN-0186,26900.0,4,3,1,unemployed,0,0,0.0,31700.0,home,1,0,0,3.45,3,2.854,1
SYN-0187,76900.0,3,0,0,formal,0,0,0.0,44200.0,boarding,1,0,0,3.06,3,-1.1495,0
SYN-0188,23900.0,5,2,1,informal,0,1,455000.0,55200.0,hostel,0,0,0,2.78,3,6.5925,1
SYN-0189,40500.0,3,0,0,informal,0,1,428000.0,27400.0,home,1,0,0,3.04,4,1.8126,1
SYN-0190,70300.0,5,1,1,retired,0,0,0.0,44100.0,boarding,0,0,0,3.46,3,-0.7016,0
SYN-0191,55000.0,3,2,1,formal,1,0,0.0,25700.0,home,1,0,0,3.95,3,0.9803,0
SYN-0192,21000.0,2,1,1,formal,0,1,250000.0,33200.0,home,1,0,0,3.5,3,3.1232,1
SYN-0193,80900.0,4,1,1,informal,0,0,0.0,31400.0,home,0,0,1,2.84,3,-1.7323,0
SYN-0194,84000.0,7,2,1,formal,0,0,0.0,26500.0,home,1,0,0,2.95,3,1.2396,0
SYN-0195,114000.0,6,2,2,informal,0,0,0.0,30500.0,home,1,0,0,2.96,4,-0.878,0
SYN-0196,38100.0,6,1,1,retired,0,0,0.0,38400.0,boarding,0,1,0,2.59,4,2.1686,1
SYN-0197,18500.0,5,1,0,formal,1,1,145000.0,39400.0,boarding,0,0,1,2.98,4,5.2761,1
SYN-0198,32500.0,5,1,0,informal,0,1,442000.0,43500.0,boarding,1,0,0,2.94,3,3.6761,1
SYN-0199,20600.0,4,3,2,deceased,0,0,0.0,43000.0,boarding,1,0,0,2.55,3,6.2099,1
SYN-0200,108200.0,5,3,1,informal,0,0,0.0,19400.0,home,0,0,1,3.4,3,-1.4185,0
SYN-0201,16200.0,4,1,1,informal,0,0,0.0,32000.0,home,0,0,0,3.23,4,3.6788,1
SYN-0202,56400.0,6,1,1,informal,0,0,0.0,28300.0,home,0,0,0,2.78,4,0.3211,0
SYN-0203,150400.0,3,0,0,formal,0,0,0.0,27700.0,home,1,0,0,3.11,3,-4.858,0
SYN-0204,68900.0,4,1,1,formal,0,0,0.0,23800.0,home,1,0,0,2.64,4,-1.5164,0
SYN-0205,92100.0,5,0,0,informal,0,0,0.0,47800.0,hostel,1,1,0,2.72,3,-1.9644,0
SYN-0206,16400.0,3,2,1,informal,1,0,0.0,45100.0,hostel,1,0,0,3.34,4,3.6788,1
SYN-0207,26300.0,3,2,2,formal,1,1,503000.0,48500.0,boarding,0,0,0,3.25,4,6.1077,1
SYN-0208,108900.0,4,2,1,formal,1,0,0.0,31900.0,boarding,1,1,1,2.73,3,-1.2857,0
SYN-0209,41500.0,6,3,1,retired,1,0,0.0,36200.0,boarding,0,1,0,3.08,3,3.1329,1
SYN-0210,93100.0,6,4,2,formal,0,0,0.0,35800.0,boarding,0,0,0,3.02,3,1.1452,0
SYN-0211,18100.0,3,1,1,unemployed,0,1,114000.0,42900.0,boarding,0,0,0,2.63,3,4.0496,1
SYN-0212,59500.0,2,0,0,informal,0,0,0.0,36500.0,home,1,0,0,2.98,3,-2.3397,0
SYN-0213,38400.0,5,0,0,informal,0,1,303000.0,50800.0,hostel,0,0,0,3.23,3,1.0411,0
SYN-0214,169000.0,6,2,1,formal,0,0,0.0,35500.0,boarding,0,0,0,3.18,4,-2.465,0
SYN-0215,394500.0,4,2,1,formal,0,0,0.0,27600.0,home,0,0,0,2.34,3,-3.5402,0
SYN-0216,73400.0,8,0,0,informal,0,0,0.0,37000.0,boarding,1,0,0,3.12,3,-0.5734,0
SYN-0217,13200.0,3,2,1,unemployed,1,0,0.0,50800.0,hostel,1,0,0,3.06,3,6.9234,1
SYN-0218,21800.0,5,0,0,formal,0,0,0.0,45500.0,hostel,0,0,0,2.25,3,3.8611,1
SYN-0219,22300.0,4,1,1,informal,0,0,0.0,22200.0,home,1,0,0,2.71,3,2.0265,1
SYN-0220,132400.0,2,1,1,informal,0,0,0.0,44700.0,boarding,1,0,0,3.26,4,-3.444,0
SYN-0221,50000.0,6,1,0,formal,0,0,0.0,36900.0,home,0,0,0,3.63,3,-0.9911,0
SYN-0222,58800.0,4,1,0,informal,0,0,0.0,29000.0,home,0,0,0,2.36,3,-0.9017,0
SYN-0223,126200.0,3,0,0,formal,0,0,0.0,30700.0,home,0,0,0,3.46,4,-3.9252,0
SYN-0224,91600.0,3,1,1,informal,1,0,0.0,21700.0,home,1,0,0,2.26,3,-1.0878,0
SYN-0225,78900.0,4,0,0,formal,0,0,0.0,18700.0,home,0,0,0,3.64,3,-1.7696,0
SYN-0226,45100.0,7,1,0,informal,0,1,223000.0,31300.0,boarding,1,0,0,2.95,3,1.4158,0
SYN-0227,91500.0,4,0,0,formal,0,0,0.0,41300.0,boarding,0,1,0,2.65,3,-0.9996,0
SYN-0228,51100.0,3,0,0,informal,0,0,0.0,39800.0,boarding,0,0,0,3.2,4,-1.8221,0
SYN-0229,41100.0,5,2,2,informal,0,0,0.0,33000.0,home,1,0,0,2.65,4,2.2356,1
SYN-0230,53400.0,5,1,1,retired,0,1,303000.0,40400.0,boarding,1,0,0,3.27,3,1.59,0
SYN-0231,44900.0,2,1,1,informal,1,0,0.0,53400.0,hostel,1,0,0,3.0,3,0.0852,0
SYN-0232,176200.0,6,1,1,retired,0,1,798000.0,46300.0,boarding,0,0,0,1.6,3,-2.725,0
SYN-0233,80700.0,4,2,2,formal,1,0,0.0,39700.0,boarding,0,0,1,2.71,3,-0.067,0
SYN-0234,165700.0,4,2,2,formal,0,1,127000.0,24500.0,home,0,0,0,3.13,4,-2.5858,0
SYN-0235,35200.0,4,2,0,formal,1,0,0.0,19500.0,home,0,0,0,3.5,3,0.9727,0
SYN-0236,96300.0,2,0,0,informal,0,0,0.0,55900.0,hostel,0,0,0,3.19,4,-4.3003,0
SYN-0237,48500.0,5,0,0,informal,0,1,195000.0,24800.0,home,0,0,0,3.49,3,-0.0004,0
SYN-0238,52900.0,4,1,0,retired,0,1,238000.0,21800.0,home,1,0,0,2.67,4,-0.6164,0
SYN-0239,82200.0,3,2,0,informal,0,0,0.0,30700.0,home,1,0,0,3.36,3,-2.9701,0
SYN-0240,74200.0,6,1,0,informal,0,0,0.0,33300.0,boarding,0,0,0,3.36,4,-0.4754,0
SYN-0241,330800.0,5,1,1,formal,0,0,0.0,42200.0,boarding,0,0,0,2.36,4,-3.6767,0
SYN-0242,150500.0,4,1,0,formal,0,0,0.0,39700.0,boarding,1,0,0,3.51,4,-4.399,0
SYN-0243,104200.0,5,2,0,retired,0,0,0.0,53100.0,hostel,0,1,0,3.09,3,-0.6035,0
SYN-0244,96500.0,4,2,0,formal,1,0,0.0,34600.0,home,0,1,0,2.83,3,-0.525,0
SYN-0245,232100.0,5,1,0,formal,0,0,0.0,36100.0,home,0,0,1,2.92,4,-5.042,0
SYN-0246,22000.0,6,1,1,deceased,0,0,0.0,49100.0,hostel,0,0,0,2.61,3,4.4138,1
SYN-0247,80200.0,4,0,0,deceased,0,0,0.0,36800.0,boarding,1,0,0,3.31,4,-1.4156,0
SYN-0248,32600.0,5,0,0,informal,0,1,234000.0,42300.0,hostel,1,0,1,3.18,3,2.6934,1
SYN-0249,52900.0,5,0,0,informal,0,1,137000.0,38600.0,boarding,0,0,0,3.29,4,1.0574,0
SYN-0250,74300.0,4,2,1,retired,0,0,0.0,41000.0,home,0,0,0,3.08,3,0.0861,0
SYN-0251,173400.0,4,1,1,formal,0,0,0.0,46600.0,hostel,0,0,0,3.14,4,-3.5946,0
SYN-0252,38300.0,2,1,0,informal,0,0,0.0,30900.0,home,0,0,0,2.93,3,-0.7049,0
SYN-0253,51800.0,2,1,1,formal,0,0,0.0,49900.0,boarding,1,0,0,3.5,3,-0.2337,0
SYN-0254,28700.0,5,2,1,deceased,1,0,0.0,31400.0,home,1,0,0,3.3,4,3.9035,1
SYN-0255,43700.0,5,1,1,deceased,0,0,0.0,37400.0,boarding,0,1,0,3.02,3,1.655,0
SYN-0256,83100.0,4,2,2,informal,1,0,0.0,45500.0,boarding,0,0,0,2.99,4,-0.1855,0
SYN-0257,454200.0,6,1,1,formal,0,0,0.0,27600.0,home,1,0,0,2.31,4,-5.3377,0
SYN-0258,70900.0,4,1,0,informal,0,0,0.0,49600.0,hostel,1,0,0,2.22,3,-0.4666,0
SYN-0259,42300.0,4,2,0,formal,1,0,0.0,32800.0,home,0,0,0,2.9,3,1.0471,0
SYN-0260,15000.0,3,1,1,retired,1,0,0.0,27300.0,home,1,1,0,3.48,4,4.5236,1
SYN-0261,73600.0,5,1,1,formal,0,1,544000.0,31000.0,home,0,0,0,2.75,4,0.3459,0
SYN-0262,29500.0,5,2,1,formal,1,0,0.0,50300.0,boarding,1,1,0,2.67,3,4.5005,1
SYN-0263,33700.0,7,0,0,unemployed,0,0,0.0,38100.0,boarding,1,0,0,2.64,4,0.944,0
SYN-0264,92500.0,3,2,1,informal,0,0,0.0,48700.0,boarding,0,0,0,2.51,3,-0.4414,0
SYN-0265,33000.0,3,1,0,retired,0,0,0.0,38300.0,boarding,1,0,0,2.67,3,-0.4012,0
SYN-0266,204500.0,5,0,0,formal,0,0,0.0,51400.0,boarding,1,0,0,3.17,4,-3.6868,0
SYN-0267,28400.0,2,1,0,retired,0,1,350000.0,43300.0,hostel,1,0,0,2.84,3,2.1143,1
SYN-0268,64300.0,4,2,1,formal,0,0,0.0,45800.0,hostel,1,0,0,2.82,4,-0.594,0
SYN-0269,97600.0,4,0,0,formal,0,0,0.0,38300.0,home,1,0,0,2.79,3,-2.3471,0
SYN-0270,91900.0,7,1,0,informal,0,0,0.0,50000.0,boarding,1,0,0,3.15,3,-1.1029,0
SYN-0271,138600.0,4,1,0,formal,0,0,0.0,34500.0,home,1,0,0,3.21,4,-1.9048,0
SYN-0272,71200.0,4,1,1,informal,0,0,0.0,24000.0,home,1,0,0,2.27,3,-0.3282,0
SYN-0273,156900.0,6,1,1,formal,0,1,108000.0,42000.0,boarding,0,0,0,2.73,4,-2.0727,0
SYN-0274,61000.0,6,0,0,formal,0,0,0.0,41500.0,boarding,0,0,0,3.01,4,-2.045,0
SYN-0275,43200.0,5,2,0,unemployed,0,0,0.0,36800.0,boarding,1,1,0,3.13,4,1.8288,1
SYN-0276,112900.0,5,1,1,formal,0,0,0.0,45300.0,boarding,1,0,0,3.1,4,-1.7839,0
SYN-0277,165800.0,4,0,0,informal,0,0,0.0,37200.0,boarding,0,0,0,3.4,4,-3.4562,0
SYN-0278,13400.0,4,0,0,unemployed,0,0,0.0,40900.0,hostel,0,0,0,2.46,3,4.16,1
SYN-0279,38500.0,3,1,1,formal,1,0,0.0,21100.0,home,0,0,0,3.22,4,0.5195,0
SYN-0280,41000.0,5,2,1,unemployed,0,0,0.0,39400.0,home,1,0,0,3.91,3,2.3148,1
SYN-0281,12000.0,3,2,1,formal,1,1,127000.0,27200.0,home,1,0,0,3.07,4,8.1566,1
SYN-0282,73800.0,4,0,0,informal,0,0,0.0,27300.0,home,1,0,0,3.09,4,-1.1543,0
SYN-0283,88500.0,3,2,0,formal,1,0,0.0,42300.0,hostel,1,0,0,3.27,3,-0.557,0
SYN-0284,39700.0,3,1,0,retired,0,0,0.0,37500.0,home,0,1,0,2.72,4,0.7202,0
SYN-0285,44400.0,3,2,2,informal,0,1,454000.0,22400.0,home,1,0,0,2.65,3,2.3576,1
SYN-0286,31200.0,5,2,1,informal,0,1,223000.0,23400.0,home,1,0,0,3.07,4,3.3558,1
SYN-0287,28300.0,5,1,0,deceased,0,0,0.0,28200.0,home,1,0,1,2.36,3,1.743,1
SYN-0288,48300.0,8,1,1,formal,1,1,212000.0,41400.0,boarding,0,0,0,3.22,3,2.4443,1
SYN-0289,29200.0,4,0,0,retired,0,0,0.0,51600.0,hostel,1,0,0,3.29,4,1.9412,1
SYN-0290,22300.0,4,2,1,unemployed,0,1,371000.0,37800.0,boarding,0,1,0,2.28,3,6.5318,1
SYN-0291,32500.0,2,1,1,deceased,0,0,0.0,38500.0,home,1,0,0,3.12,4,0.9821,0
SYN-0292,46700.0,5,0,0,retired,0,0,0.0,37800.0,boarding,0,0,0,2.96,4,-1.0201,0
SYN-0293,105800.0,6,1,1,deceased,0,0,0.0,42500.0,hostel,1,1,0,3.57,4,-0.5399,0
SYN-0294,70800.0,4,2,2,formal,0,0,0.0,23900.0,home,0,0,0,3.6,4,0.1117,0
SYN-0295,65900.0,4,1,0,retired,0,0,0.0,37200.0,boarding,0,0,0,3.4,4,-1.3309,0
SYN-0296,39700.0,4,1,1,retired,0,0,0.0,35100.0,boarding,0,0,0,3.56,3,-0.6708,0
SYN-0297,52200.0,8,3,2,informal,0,0,0.0,45600.0,boarding,0,0,0,2.9,4,1.5603,0
SYN-0298,34500.0,4,1,1,formal,0,0,0.0,24500.0,home,0,1,0,3.06,3,1.9767,1
SYN-0299,14700.0,4,2,2,deceased,1,0,0.0,40800.0,boarding,0,0,0,2.94,3,6.9505,1
SYN-0300,45300.0,6,3,2,formal,0,0,0.0,42300.0,hostel,0,0,0,2.63,4,2.1567,1
SYN-0301,62300.0,5,1,1,informal,0,0,0.0,35000.0,boarding,1,0,0,3.08,4,-0.2796,0
SYN-0302,130400.0,4,1,0,informal,0,0,0.0,36100.0,home,0,0,0,3.02,4,-2.394,0
SYN-0303,32900.0,2,1,1,formal,0,1,498000.0,38800.0,home,0,1,0,2.87,4,2.9905,1
SYN-0304,24700.0,3,2,2,unemployed,0,0,0.0,48500.0,boarding,0,0,0,3.03,3,3.9586,1
SYN-0305,29900.0,6,2,2,formal,1,0,0.0,33400.0,boarding,0,0,1,3.08,4,2.8702,1
SYN-0306,16200.0,4,1,0,unemployed,1,1,575000.0,40700.0,hostel,1,0,0,3.42,3,7.1638,1
SYN-0307,71000.0,3,1,1,retired,1,0,0.0,52400.0,boarding,0,0,0,2.8,3,-0.3048,0
SYN-0308,53700.0,2,1,0,formal,0,0,0.0,28600.0,home,1,0,0,2.51,3,-1.0427,0
SYN-0309,18300.0,3,2,1,unemployed,1,1,180000.0,33900.0,boarding,1,1,0,3.23,4,6.7393,1
SYN-0310,195900.0,6,4,2,formal,0,0,0.0,47500.0,boarding,0,0,0,3.41,3,-1.757,0
SYN-0311,54700.0,6,1,1,retired,0,0,0.0,41900.0,boarding,1,0,0,3.2,3,-0.1348,0
SYN-0312,24900.0,5,1,1,deceased,0,0,0.0,44600.0,boarding,1,0,0,2.57,3,2.3508,1
SYN-0313,74900.0,6,0,0,formal,0,1,211000.0,17700.0,home,1,1,0,2.89,3,-0.1857,0
SYN-0314,16500.0,4,2,1,unemployed,0,1,233000.0,28200.0,home,1,0,0,3.17,3,6.3346,1
SYN-0315,51100.0,5,2,2,informal,1,0,0.0,35200.0,home,1,0,0,2.6,3,0.9606,0
SYN-0316,74700.0,4,1,0,informal,0,0,0.0,26500.0,home,1,0,0,2.73,3,-2.292,0
SYN-0317,12000.0,2,1,0,unemployed,1,0,0.0,48300.0,boarding,0,1,0,2.89,3,5.6767,1
SYN-0318,44600.0,4,2,2,informal,1,0,0.0,22800.0,home,1,0,0,3.55,3,2.6069,1
SYN-0319,67600.0,5,2,1,informal,0,0,0.0,47400.0,hostel,0,0,0,3.14,3,0.7272,0
SYN-0320,85500.0,6,2,1,formal,1,0,0.0,39000.0,home,0,0,0,2.81,3,-0.9841,0
SYN-0321,114000.0,3,0,0,informal,0,0,0.0,35200.0,boarding,0,1,0,2.87,4,-3.0355,0
SYN-0322,55300.0,2,1,1,retired,0,0,0.0,43000.0,boarding,1,0,0,2.77,3,-0.2495,0
SYN-0323,74500.0,4,1,0,formal,0,0,0.0,33200.0,home,0,0,0,2.88,3,-1.8851,0
SYN-0324,120600.0,4,0,0,informal,0,0,0.0,42000.0,boarding,0,0,0,3.35,3,-3.4502,0
SYN-0325,54400.0,4,0,0,formal,0,0,0.0,46600.0,hostel,0,0,0,2.24,4,-0.9267,0
SYN-0326,26400.0,5,0,0,retired,0,0,0.0,43200.0,hostel,0,0,0,3.6,4,1.9649,1
SYN-0327,12400.0,3,1,1,informal,0,1,365000.0,31100.0,home,0,0,0,3.97,3,7.4703,1
SYN-0328,69400.0,4,1,1,informal,0,0,0.0,40900.0,boarding,0,0,0,3.12,3,-0.4685,0
SYN-0329,43700.0,5,0,0,formal,0,0,0.0,22100.0,home,1,0,0,2.7,3,-0.1148,0
SYN-0330,89800.0,4,2,2,informal,0,0,0.0,47500.0,boarding,0,0,1,3.54,3,-1.1354,0
SYN-0331,12800.0,3,1,1,deceased,0,1,578000.0,25000.0,home,1,0,0,3.17,3,6.6799,1
SYN-0332,36400.0,2,1,0,informal,1,0,0.0,40200.0,hostel,0,1,0,2.73,3,0.7407,0
SYN-0333,93500.0,5,2,2,informal,0,0,0.0,38200.0,boarding,0,0,0,2.64,3,-0.6655,0
SYN-0334,14800.0,4,0,0,unemployed,0,0,0.0,25100.0,home,1,1,0,2.78,3,4.1705,1
SYN-0335,90400.0,4,1,1,informal,0,0,0.0,46600.0,hostel,0,0,0,3.13,3,-1.9282,0
SYN-0336,41400.0,4,0,0,informal,0,0,0.0,34700.0,boarding,1,0,0,3.43,3,0.3383,0
SYN-0337,86400.0,4,3,1,formal,0,0,0.0,32500.0,home,0,0,0,3.17,3,-0.9216,0
SYN-0338,95200.0,5,1,1,formal,0,0,0.0,55600.0,hostel,1,0,0,3.24,4,-0.7748,0
SYN-0339,56500.0,6,1,1,unemployed,0,0,0.0,42100.0,boarding,0,1,0,2.81,3,1.9028,1
SYN-0340,44800.0,5,0,0,retired,0,1,853000.0,22100.0,home,1,0,0,3.41,3,2.3799,1
SYN-0341,34900.0,6,0,0,retired,0,0,0.0,25000.0,home,0,0,0,2.96,4,-0.47,0
SYN-0342,42400.0,4,2,2,retired,0,1,285000.0,31200.0,home,0,0,0,3.82,3,2.6498,1
SYN-0343,73800.0,4,3,1,informal,1,0,0.0,19200.0,home,0,0,0,2.78,3,-0.1489,0
SYN-0344,50200.0,6,1,1,formal,0,0,0.0,41200.0,hostel,0,0,0,3.22,4,-0.0058,0
SYN-0345,65400.0,4,1,1,informal,0,0,0.0,20900.0,home,0,0,0,3.97,3,-0.8957,0
SYN-0346,39100.0,4,0,0,deceased,0,1,173000.0,42100.0,boarding,0,0,0,3.49,3,0.1165,0
SYN-0347,24600.0,3,2,0,unemployed,0,0,0.0,59900.0,hostel,1,0,0,3.36,4,3.5818,1
SYN-0348,41400.0,4,1,1,informal,0,0,0.0,41100.0,hostel,0,0,0,3.17,4,1.4434,0
SYN-0349,12000.0,6,1,1,unemployed,0,0,0.0,52500.0,hostel,1,0,1,3.07,4,6.1103,1
SYN-0350,52300.0,3,1,1,retired,1,0,0.0,44900.0,hostel,0,0,0,2.98,3,-0.1131,0
SYN-0351,46200.0,4,1,1,deceased,1,1,372000.0,40700.0,hostel,1,1,0,2.71,3,3.3227,1
SYN-0352,12000.0,2,1,1,unemployed,1,1,100000.0,56600.0,hostel,0,0,0,2.4,3,6.7433,1
SYN-0353,88400.0,4,1,0,informal,0,0,0.0,53400.0,boarding,0,0,0,3.32,3,-1.9806,0
SYN-0354,159700.0,4,0,0,formal,0,0,0.0,32300.0,home,0,0,0,2.4,4,-4.3211,0
SYN-0355,100100.0,3,1,1,informal,0,0,0.0,32000.0,home,0,0,0,3.32,4,-2.847,0
SYN-0356,70000.0,4,0,0,formal,0,0,0.0,30300.0,home,0,1,0,2.82,3,-1.9717,0
SYN-0357,28800.0,5,1,1,deceased,0,0,0.0,29200.0,home,0,0,0,2.65,4,2.2806,1
SYN-0358,75400.0,5,2,1,informal,0,0,0.0,31900.0,home,0,0,0,3.64,3,-0.6561,0
SYN-0359,82700.0,6,2,1,informal,0,0,0.0,33700.0,home,0,0,0,2.44,4,-0.0652,0
SYN-0360,92800.0,3,1,1,formal,0,0,0.0,50600.0,boarding,0,0,0,2.77,3,-1.5927,0
SYN-0361,51000.0,8,2,2,informal,0,1,355000.0,27100.0,home,1,0,0,2.81,4,2.6558,1
SYN-0362,31000.0,6,0,0,informal,0,0,0.0,30700.0,home,1,0,0,3.11,4,0.9415,0
SYN-0363,86600.0,2,1,1,formal,0,0,0.0,41000.0,boarding,1,0,0,2.79,4,-1.7209,0
SYN-0364,70700.0,4,0,0,retired,0,0,0.0,35600.0,home,0,0,0,3.66,4,-1.9512,0
SYN-0365,76700.0,9,3,2,formal,0,0,0.0,54700.0,boarding,1,0,0,2.47,4,1.6121,0
SYN-0366,76700.0,4,1,0,informal,0,0,0.0,35800.0,home,0,0,0,4.0,4,-1.3988,0
SYN-0367,221600.0,5,1,0,formal,0,0,0.0,45900.0,boarding,0,0,0,2.61,4,-3.2558,0
SYN-0368,28700.0,4,1,1,informal,1,0,0.0,53000.0,hostel,1,0,0,4.0,3,2.9952,1
SYN-0369,67700.0,4,0,0,unemployed,0,0,0.0,37000.0,home,0,1,1,3.41,3,-1.9552,0
SYN-0370,36400.0,2,0,0,retired,0,0,0.0,61300.0,hostel,0,0,0,3.0,4,-0.813,0
SYN-0371,90900.0,3,2,1,formal,1,1,144000.0,38700.0,hostel,1,0,0,3.15,3,-0.8059,0
SYN-0372,74400.0,7,1,1,deceased,0,0,0.0,51300.0,hostel,1,0,0,2.89,3,0.4021,0
SYN-0373,22200.0,2,0,0,unemployed,0,0,0.0,33800.0,hostel,1,0,0,3.2,3,0.3057,0
SYN-0374,171100.0,4,2,2,formal,0,0,0.0,46700.0,boarding,1,0,0,2.74,3,-2.2194,0
SYN-0375,88800.0,4,3,1,formal,0,0,0.0,33000.0,home,1,0,1,3.35,4,-0.7134,0
SYN-0376,39100.0,3,2,2,formal,1,0,0.0,27000.0,home,0,0,0,3.13,4,1.5099,0
SYN-0377,44400.0,4,1,1,retired,0,0,0.0,15300.0,home,0,0,0,2.63,3,0.2316,0
SYN-0378,128000.0,3,2,1,formal,0,0,0.0,29900.0,home,1,1,0,3.13,3,-1.7441,0
SYN-0379,119900.0,2,1,0,informal,0,0,0.0,49200.0,hostel,0,0,0,3.2,3,-3.9859,0
SYN-0380,18700.0,2,0,0,unemployed,0,1,503000.0,29700.0,home,0,0,0,2.75,4,3.1526,1
SYN-0381,50500.0,5,1,0,retired,0,0,0.0,38100.0,boarding,0,0,0,2.87,4,0.1947,0
SYN-0382,80700.0,9,1,1,informal,0,0,0.0,43100.0,hostel,0,0,0,3.27,3,0.5498,0
SYN-0383,25300.0,3,0,0,unemployed,0,0,0.0,29700.0,home,0,0,0,3.51,3,0.3729,0
SYN-0384,251100.0,3,0,0,formal,0,0,0.0,25600.0,home,1,0,0,2.99,4,-5.0441,0
SYN-0385,62000.0,3,0,0,retired,0,0,0.0,34500.0,home,0,0,0,3.44,4,-1.6663,0
SYN-0386,85100.0,5,1,0,formal,0,0,0.0,29600.0,home,0,0,0,3.54,3,-1.5528,0
SYN-0387,169400.0,4,0,0,formal,0,0,0.0,32000.0,boarding,0,1,0,3.5,4,-4.0448,0
SYN-0388,30900.0,3,2,0,deceased,0,0,0.0,31000.0,home,1,0,0,3.23,3,1.4501,0
SYN-0389,153200.0,3,1,1,formal,0,0,0.0,43800.0,boarding,0,0,0,2.67,4,-4.0205,0
SYN-0390,25300.0,6,5,0,formal,1,0,0.0,38900.0,home,0,1,0,3.32,4,5.7127,1
SYN-0391,43900.0,5,1,0,informal,0,0,0.0,46600.0,boarding,1,0,0,2.97,3,0.5265,0
SYN-0392,156700.0,3,1,0,formal,0,0,0.0,25100.0,home,0,0,0,3.26,4,-3.8348,0
SYN-0393,150300.0,4,3,1,formal,1,0,0.0,49300.0,boarding,0,0,0,2.79,4,-1.2278,0
SYN-0394,36800.0,8,1,1,informal,0,0,0.0,22400.0,home,1,0,0,2.8,3,1.7632,1
SYN-0395,20500.0,2,1,0,unemployed,0,0,0.0,48200.0,hostel,0,0,0,2.76,4,2.3213,1
SYN-0396,53700.0,4,2,2,retired,1,1,330000.0,45600.0,boarding,0,0,0,2.49,3,2.4865,1
SYN-0397,35100.0,4,2,2,formal,1,0,0.0,38000.0,home,1,0,0,2.8,3,2.4921,1
SYN-0398,62300.0,5,2,1,informal,0,0,0.0,51900.0,boarding,0,0,0,2.62,4,-0.1669,0
SYN-0399,88400.0,3,2,2,retired,0,0,0.0,37000.0,home,0,0,0,3.29,4,-0.5445,0
SYN-0400,36600.0,3,2,2,formal,1,1,493000.0,47200.0,hostel,1,0,0,2.6,3,3.9618,1
SYN-0401,29900.0,4,0,0,formal,0,0,0.0,51200.0,hostel,0,0,0,2.77,3,2.025,1
SYN-0402,43000.0,4,1,0,formal,0,0,0.0,31200.0,home,0,0,0,3.05,4,0.5478,0
SYN-0403,56600.0,5,2,2,informal,0,0,0.0,37600.0,boarding,1,0,0,3.81,4,0.3404,0
SYN-0404,31600.0,6,3,1,formal,0,1,476000.0,29400.0,home,0,0,1,2.76,3,4.6307,1
SYN-0405,28400.0,5,0,0,unemployed,0,1,259000.0,51400.0,boarding,0,0,0,2.47,4,3.7975,1
SYN-0406,17600.0,5,3,2,deceased,0,0,0.0,33600.0,home,1,0,0,2.5,4,5.1164,1
SYN-0407,216900.0,6,1,1,formal,0,0,0.0,52800.0,boarding,0,0,0,2.69,4,-2.7806,0
SYN-0408,185200.0,4,2,2,informal,0,0,0.0,42000.0,hostel,1,0,0,2.77,3,-2.0548,0
SYN-0409,35400.0,3,1,1,formal,1,1,393000.0,27900.0,home,0,0,0,4.0,4,2.7922,1
SYN-0410,101300.0,5,0,0,formal,0,0,0.0,50300.0,hostel,0,0,0,3.46,3,-2.5704,0
SYN-0411,14200.0,5,1,0,unemployed,1,0,0.0,34100.0,home,0,0,0,2.92,4,5.2437,1
SYN-0412,47500.0,5,0,0,informal,0,0,0.0,47400.0,hostel,1,0,0,3.83,3,0.0167,0
SYN-0413,94000.0,4,1,0,deceased,1,0,0.0,52400.0,hostel,0,0,0,2.79,4,-1.745,0
SYN-0414,43500.0,5,1,1,informal,0,0,0.0,34400.0,home,1,0,0,2.88,4,1.3427,0
SYN-0415,58600.0,4,1,1,formal,0,0,0.0,22400.0,home,1,0,0,2.85,4,0.0743,0
SYN-0416,33500.0,3,0,0,informal,0,1,526000.0,45600.0,boarding,1,0,0,3.48,3,0.9432,0
SYN-0417,165300.0,4,1,1,formal,0,0,0.0,47400.0,boarding,0,0,0,3.02,4,-4.6146,0
SYN-0418,12000.0,5,1,1,retired,1,0,0.0,31600.0,home,1,0,0,3.68,3,6.2169,1
SYN-0419,26200.0,3,2,2,unemployed,0,0,0.0,37900.0,hostel,0,0,0,3.23,3,2.5296,1
SYN-0420,85800.0,7,1,0,formal,0,0,0.0,40000.0,boarding,0,0,0,3.43,4,-1.6825,0
SYN-0421,39100.0,3,0,0,informal,0,0,0.0,50400.0,hostel,1,0,0,2.29,4,-0.4813,0
SYN-0422,90500.0,3,0,0,informal,0,0,0.0,25200.0,home,1,0,0,2.34,4,-1.4917,0
SYN-0423,82400.0,4,2,2,retired,0,0,0.0,35100.0,home,1,0,0,2.35,3,-0.7962,0
SYN-0424,40500.0,5,2,0,formal,0,1,655000.0,34000.0,home,0,0,0,2.87,3,3.5442,1
SYN-0425,278300.0,5,1,0,formal,0,0,0.0,30700.0,home,0,1,0,2.3,3,-4.2138,0
SYN-0426,22600.0,4,3,1,formal,1,0,0.0,30100.0,home,1,0,0,3.57,3,3.3678,1
SYN-0427,146600.0,6,0,0,informal,0,0,0.0,31100.0,home,0,0,0,2.97,4,-3.3507,0
SYN-0428,61100.0,3,1,1,informal,0,0,0.0,41500.0,boarding,1,0,0,3.31,4,-1.4007,0
SYN-0429,66700.0,4,0,0,formal,0,0,0.0,22900.0,home,0,0,0,2.84,3,-2.932,0
SYN-0430,57600.0,5,1,0,informal,0,0,0.0,27600.0,home,0,0,0,3.4,3,-1.0759,0
SYN-0431,70800.0,4,0,0,informal,0,0,0.0,41900.0,boarding,0,1,0,2.12,3,-1.9403,0
SYN-0432,98700.0,3,1,1,formal,0,0,0.0,49300.0,boarding,0,0,0,3.03,3,-2.2005,0
SYN-0433,29200.0,6,2,2,deceased,0,1,161000.0,45300.0,boarding,0,0,0,3.26,4,4.647,1
SYN-0434,35600.0,3,1,1,informal,1,1,312000.0,49600.0,boarding,1,0,0,3.3,3,2.662,1
SYN-0435,36800.0,3,1,0,informal,0,0,0.0,22300.0,home,1,0,0,2.92,3,0.2789,0
SYN-0436,28900.0,3,2,1,informal,0,1,302000.0,39500.0,boarding,1,0,0,2.33,3,3.6736,1
SYN-0437,56100.0,4,0,0,formal,0,0,0.0,52900.0,boarding,0,0,0,3.47,4,-1.1711,0
SYN-0438,20900.0,5,2,1,retired,1,0,0.0,25900.0,home,0,0,0,2.89,3,2.3963,1
SYN-0439,57300.0,6,0,0,informal,0,0,0.0,25800.0,home,0,0,0,2.92,3,-0.7331,0
SYN-0440,91500.0,4,3,1,informal,0,0,0.0,46500.0,hostel,0,0,0,3.98,4,0.8747,0
SYN-0441,40300.0,3,2,2,deceased,0,0,0.0,41100.0,home,1,0,0,3.09,4,2.2798,1
SYN-0442,116400.0,5,2,0,retired,1,0,0.0,26300.0,home,0,0,0,2.83,3,-1.6346,0
SYN-0443,12600.0,4,1,1,retired,0,0,0.0,33100.0,home,1,0,0,2.81,4,4.5064,1
SYN-0444,88900.0,5,0,0,formal,0,1,433000.0,50200.0,hostel,1,0,0,3.32,3,-0.2991,0
SYN-0445,88300.0,5,1,1,formal,0,0,0.0,30900.0,boarding,0,0,0,2.71,4,-1.3562,0
SYN-0446,52400.0,2,0,0,unemployed,0,0,0.0,47900.0,hostel,0,0,1,3.26,3,-3.1613,0
SYN-0447,107000.0,6,0,0,informal,0,0,0.0,45000.0,hostel,0,0,0,3.51,3,-2.4892,0
SYN-0448,23800.0,3,1,1,unemployed,0,1,199000.0,45200.0,boarding,1,0,0,3.01,3,5.1496,1
SYN-0449,36800.0,4,2,0,unemployed,0,1,170000.0,39600.0,home,0,0,0,3.46,3,2.0578,1
SYN-0450,45600.0,9,1,1,formal,0,1,286000.0,28100.0,home,1,0,0,3.02,3,3.1619,1
SYN-0451,123300.0,4,3,2,formal,0,0,0.0,46100.0,hostel,0,0,0,2.76,3,-0.7981,0
SYN-0452,18500.0,7,2,0,informal,1,1,360000.0,61800.0,hostel,0,0,0,2.35,3,8.0921,1
SYN-0453,75800.0,3,1,1,formal,1,1,324000.0,44100.0,hostel,1,1,0,3.07,3,0.0328,0
SYN-0454,55600.0,4,1,1,informal,0,0,0.0,40600.0,hostel,1,1,0,3.07,3,1.8801,1
SYN-0455,20000.0,6,1,1,unemployed,0,1,1162000.0,49100.0,boarding,1,0,0,3.46,3,7.5977,1
SYN-0456,63500.0,4,2,2,informal,0,0,0.0,41200.0,boarding,0,0,0,3.42,4,-0.3578,0
SYN-0457,30600.0,4,0,0,unemployed,0,1,340000.0,43100.0,boarding,0,1,0,3.82,4,3.5915,1
SYN-0458,106000.0,3,2,0,informal,1,0,0.0,53800.0,boarding,0,0,0,2.81,4,-1.5726,0
SYN-0459,198000.0,6,0,0,unemployed,0,0,0.0,22300.0,home,0,0,0,3.2,3,-3.5439,0
SYN-0460,172100.0,5,1,1,formal,0,0,0.0,28900.0,home,0,0,0,2.76,3,-3.0516,0
SYN-0461,19100.0,2,1,1,unemployed,0,0,0.0,23200.0,home,1,1,1,3.34,3,2.3297,1
SYN-0462,34000.0,3,2,2,unemployed,1,0,0.0,31800.0,home,0,0,0,2.66,4,2.7278,1
SYN-0463,99400.0,7,0,0,formal,0,0,0.0,27000.0,home,1,0,0,3.43,3,-0.4802,0
SYN-0464,43400.0,6,1,1,informal,0,0,0.0,35000.0,boarding,0,0,0,2.74,4,-0.0071,0
SYN-0465,27300.0,5,0,0,retired,0,0,0.0,45500.0,boarding,0,0,0,3.37,4,1.7018,0
SYN-0466,85000.0,4,1,1,formal,0,0,0.0,41600.0,boarding,0,1,0,3.46,3,-1.0964,0
SYN-0467,52100.0,4,1,1,unemployed,0,1,180000.0,34600.0,boarding,0,0,0,2.4,3,0.2076,0
SYN-0468,15600.0,4,1,1,deceased,0,0,0.0,23500.0,home,1,0,0,2.48,3,2.3531,1
SYN-0469,36700.0,3,1,1,retired,0,0,0.0,31100.0,home,0,0,0,3.15,4,0.5328,0
SYN-0470,77100.0,5,2,2,informal,0,0,0.0,32300.0,boarding,1,0,0,3.1,4,0.0416,0
SYN-0471,73800.0,5,1,1,informal,0,0,0.0,31300.0,home,0,0,0,2.93,3,-1.1099,0
SYN-0472,82300.0,4,3,1,deceased,0,0,0.0,48900.0,boarding,1,0,0,2.85,3,0.9105,0
SYN-0473,25900.0,5,1,1,informal,0,1,1044000.0,45200.0,boarding,1,0,0,2.69,4,5.7462,1
SYN-0474,250300.0,7,1,1,formal,0,0,0.0,26600.0,home,1,0,0,3.19,3,-3.1123,0
SYN-0475,29500.0,8,0,0,formal,0,1,700000.0,49500.0,hostel,1,0,0,2.64,4,4.9609,1
SYN-0476,17900.0,5,1,0,retired,0,0,0.0,23100.0,home,0,0,0,3.2,3,2.1344,1
SYN-0477,69900.0,4,1,1,informal,0,1,225000.0,42200.0,boarding,0,0,0,2.81,3,0.2574,0
SYN-0478,47200.0,3,0,0,formal,0,0,0.0,46200.0,hostel,0,0,1,2.87,3,-1.307,0
SYN-0479,67200.0,2,1,1,formal,0,0,0.0,35800.0,boarding,1,0,0,3.56,4,-0.7317,0
SYN-0480,25000.0,4,0,0,unemployed,0,1,424000.0,44900.0,boarding,1,0,0,3.45,3,3.5672,1
SYN-0481,50500.0,4,0,0,informal,0,0,0.0,30600.0,boarding,1,0,0,2.63,3,-0.7113,0
SYN-0482,34300.0,3,0,0,retired,0,1,345000.0,23500.0,home,0,0,1,2.68,3,0.852,0
SYN-0483,33100.0,3,1,1,unemployed,0,1,237000.0,35600.0,boarding,1,0,0,3.38,4,2.6639,1
SYN-0484,31700.0,3,1,1,deceased,0,0,0.0,38700.0,boarding,1,0,0,2.45,3,2.1976,1
SYN-0485,78100.0,3,2,0,retired,0,0,0.0,37100.0,home,1,0,0,3.66,4,-0.7943,0
SYN-0486,79700.0,3,0,0,formal,0,0,0.0,34100.0,home,0,1,0,3.01,4,-2.371,0
SYN-0487,33100.0,2,1,1,informal,0,0,0.0,48600.0,hostel,1,0,0,2.81,3,-0.2725,0
SYN-0488,34800.0,4,1,1,formal,0,0,0.0,30300.0,home,0,0,0,3.05,4,1.1146,0
SYN-0489,44000.0,3,0,0,deceased,0,0,0.0,47900.0,hostel,0,0,0,3.62,3,-0.7031,0
SYN-0490,43800.0,3,1,1,formal,0,0,0.0,37500.0,home,0,0,0,2.15,4,0.5996,0
SYN-0491,24700.0,4,1,1,informal,1,0,0.0,20000.0,home,0,0,0,3.48,3,1.5323,0
SYN-0492,72900.0,5,1,1,retired,0,0,0.0,45700.0,boarding,0,0,0,3.55,4,-0.5953,0
SYN-0493,25800.0,4,1,0,formal,0,0,0.0,38700.0,boarding,1,0,0,2.92,4,1.1439,0
SYN-0494,85400.0,4,3,0,retired,1,0,0.0,44300.0,boarding,0,0,0,3.02,3,-1.122,0
SYN-0495,96100.0,4,0,0,formal,0,0,0.0,32800.0,home,0,0,0,3.11,3,-2.5636,0
SYN-0496,70400.0,7,1,1,informal,0,0,0.0,45500.0,boarding,0,0,1,3.36,3,0.4429,0
SYN-0497,40800.0,6,0,0,informal,0,0,0.0,50200.0,boarding,0,1,0,2.64,3,2.5091,1
SYN-0498,85700.0,7,1,1,informal,0,0,0.0,22500.0,home,1,1,0,2.94,4,0.4263,0
SYN-0499,72000.0,6,0,0,informal,0,0,0.0,47000.0,boarding,0,1,0,2.91,4,1.121,0
SYN-0500,33200.0,5,1,0,deceased,0,0,0.0,29600.0,home,0,0,0,3.34,3,0.6985,0
SYN-0501,98200.0,6,1,1,formal,0,0,0.0,27500.0,home,0,0,0,4.0,3,-0.7624,0
SYN-0502,20600.0,6,2,0,informal,1,1,651000.0,41200.0,home,0,1,0,2.64,4,7.4314,1
SYN-0503,22200.0,5,3,2,retired,0,0,0.0,33900.0,home,0,0,0,3.08,3,2.5251,1
SYN-0504,29500.0,5,1,1,retired,0,1,612000.0,39200.0,boarding,0,0,0,2.73,4,4.3978,1
SYN-0505,106700.0,4,0,0,formal,0,0,0.0,53300.0,hostel,0,1,0,2.74,3,-2.3713,0
SYN-0506,37700.0,7,2,1,deceased,0,1,212000.0,29700.0,home,1,0,0,2.6,4,3.4352,1
SYN-0507,156700.0,4,0,0,formal,0,0,0.0,27600.0,home,0,0,0,2.41,4,-4.1542,0
SYN-0508,43500.0,6,0,0,informal,0,1,294000.0,44700.0,hostel,0,0,0,3.55,3,1.8158,1
SYN-0509,77200.0,5,0,0,informal,0,1,337000.0,31700.0,home,1,0,0,3.2,3,-0.1487,0
SYN-0510,40000.0,4,0,0,retired,0,1,384000.0,26600.0,home,1,0,0,3.09,3,1.5495,0
SYN-0511,52400.0,5,1,0,formal,0,1,320000.0,42400.0,boarding,0,0,0,2.68,3,0.595,0
SYN-0512,84800.0,3,2,1,formal,0,0,0.0,34900.0,home,1,0,0,3.02,4,-2.1892,0
SYN-0513,25200.0,3,1,1,unemployed,0,1,629000.0,42100.0,boarding,1,0,0,2.56,4,4.6078,1
SYN-0514,48600.0,5,0,0,formal,0,1,302000.0,58900.0,hostel,1,0,0,3.04,4,2.1698,1
SYN-0515,57600.0,4,2,1,informal,0,0,0.0,41600.0,boarding,1,0,0,3.19,3,0.2738,0
SYN-0516,24300.0,2,1,0,unemployed,0,1,287000.0,48900.0,boarding,1,1,0,2.72,3,4.9293,1
SYN-0517,66300.0,5,0,0,informal,0,0,0.0,35400.0,home,0,0,0,2.73,3,-1.0358,0
SYN-0518,54700.0,7,1,1,formal,0,1,162000.0,38400.0,home,1,0,0,2.84,3,1.8005,1
SYN-0519,42900.0,7,0,0,formal,0,0,0.0,58800.0,hostel,0,0,0,3.39,3,1.0599,0
SYN-0520,50400.0,3,0,0,deceased,0,0,0.0,38300.0,hostel,0,0,0,3.13,3,-2.0227,0
SYN-0521,36200.0,5,0,0,informal,0,1,140000.0,49500.0,hostel,1,0,0,2.38,4,3.2083,1
SYN-0522,28200.0,2,1,1,formal,1,0,0.0,29400.0,home,1,0,0,3.35,3,0.8188,0
SYN-0523,77100.0,3,1,1,formal,0,0,0.0,48600.0,hostel,0,0,0,3.28,3,-0.8457,0
SYN-0524,102800.0,7,0,0,formal,0,0,0.0,27800.0,home,1,0,0,3.13,3,-1.1183,0
SYN-0525,41800.0,4,2,1,deceased,0,1,384000.0,38500.0,boarding,1,0,0,3.74,4,3.2311,1
SYN-0526,47300.0,6,2,1,formal,1,0,0.0,35500.0,boarding,0,0,0,3.06,4,1.5202,0
SYN-0527,64300.0,5,3,1,formal,0,0,0.0,30500.0,home,0,0,0,3.23,4,-0.3436,0
SYN-0528,102400.0,4,1,1,informal,0,0,0.0,46600.0,boarding,0,0,0,3.25,3,-2.4608,0
SYN-0529,18400.0,3,0,0,formal,0,0,0.0,38800.0,boarding,1,0,0,3.42,3,1.7382,1
SYN-0530,98200.0,5,1,1,formal,1,1,692000.0,46200.0,hostel,0,0,0,2.96,4,-0.0492,0
SYN-0531,12400.0,6,2,1,deceased,1,0,0.0,26200.0,home,0,0,0,2.78,4,6.3137,1
SYN-0532,12000.0,3,1,1,unemployed,0,1,390000.0,24500.0,home,1,0,0,3.46,4,7.3258,1
SYN-0533,66300.0,4,1,1,formal,0,0,0.0,40200.0,boarding,0,0,0,3.44,4,-0.6097,0
SYN-0534,185700.0,7,0,0,informal,0,0,0.0,31900.0,home,1,0,1,3.59,3,-2.7067,0
SYN-0535,172700.0,3,2,2,formal,0,0,0.0,36900.0,home,1,1,0,3.12,3,-2.6198,0
SYN-0536,129800.0,4,2,1,formal,0,0,0.0,23400.0,home,0,0,1,2.36,4,-3.592,0
SYN-0537,68500.0,4,1,1,informal,0,0,0.0,29800.0,home,1,0,0,3.12,4,-1.549,0
SYN-0538,20200.0,6,2,1,informal,0,0,0.0,48000.0,boarding,1,0,0,3.06,3,5.4491,1
SYN-0539,36500.0,5,2,0,unemployed,0,0,0.0,41500.0,hostel,0,1,1,3.47,4,1.0295,0
SYN-0540,40300.0,4,0,0,retired,0,0,0.0,55000.0,hostel,0,0,0,3.49,4,0.0425,0
SYN-0541,56200.0,5,3,1,formal,0,0,0.0,39100.0,boarding,0,0,0,3.31,3,0.4825,0
SYN-0542,52700.0,5,4,1,deceased,0,1,626000.0,33900.0,home,0,0,1,2.18,3,2.994,1
SYN-0543,55700.0,3,2,0,informal,0,0,0.0,40300.0,boarding,0,1,0,2.6,3,0.6284,0
SYN-0544,110700.0,5,0,0,formal,0,0,0.0,44000.0,boarding,1,0,0,2.9,3,-2.1771,0
SYN-0545,18800.0,4,1,1,retired,0,0,0.0,50300.0,boarding,0,0,1,2.91,4,3.4754,1
SYN-0546,71500.0,3,1,0,formal,0,1,576000.0,40800.0,boarding,1,0,1,3.12,4,-0.6762,0
SYN-0547,34700.0,4,2,2,informal,0,0,0.0,47000.0,boarding,1,0,0,3.67,3,3.5274,1
SYN-0548,19200.0,6,1,1,unemployed,1,1,265000.0,31500.0,home,0,0,0,3.38,4,6.6309,1
SYN-0549,104100.0,6,0,0,formal,0,0,0.0,43700.0,hostel,0,0,0,2.66,3,-2.2744,0
SYN-0550,29500.0,6,0,0,retired,0,0,0.0,40700.0,boarding,0,1,0,2.6,4,2.1582,1
SYN-0551,75100.0,5,1,0,formal,0,0,0.0,28900.0,home,1,0,0,2.66,4,-0.9289,0
SYN-0552,37900.0,7,0,0,retired,0,0,0.0,40200.0,hostel,1,0,1,3.0,4,2.0883,1
SYN-0553,61200.0,4,1,1,formal,0,0,0.0,32500.0,home,0,0,0,3.39,3,-0.6895,0
SYN-0554,53000.0,4,0,0,formal,0,0,0.0,33600.0,home,1,1,1,3.35,4,0.1777,0
SYN-0555,51700.0,9,1,1,informal,0,0,0.0,46000.0,boarding,1,0,0,2.89,4,2.1902,1
SYN-0556,27900.0,4,0,0,retired,0,0,0.0,49400.0,boarding,1,0,0,3.04,4,1.969,1
SYN-0557,88300.0,5,4,2,formal,0,0,0.0,35200.0,home,0,0,0,3.75,4,1.3371,0
SYN-0558,46800.0,6,2,2,retired,0,0,0.0,26700.0,home,0,0,0,2.43,4,0.7274,0
SYN-0559,62900.0,5,0,0,formal,0,1,302000.0,27900.0,home,0,0,0,3.32,3,-0.8745,0
SYN-0560,134900.0,3,1,1,informal,0,0,0.0,34600.0,home,1,0,1,3.27,3,-3.056,0
SYN-0561,86300.0,8,0,0,formal,0,0,0.0,43600.0,boarding,1,0,0,2.93,3,-0.0034,0
SYN-0562,71300.0,6,1,0,formal,0,0,0.0,29900.0,home,0,1,0,2.94,3,0.3928,0
SYN-0563,52400.0,6,0,0,deceased,0,0,0.0,36700.0,boarding,0,0,1,3.23,4,-0.7071,0
SYN-0564,41000.0,4,1,0,informal,0,1,165000.0,38600.0,boarding,0,0,1,2.93,3,1.3094,0
SYN-0565,26300.0,3,1,0,unemployed,0,1,216000.0,44700.0,boarding,0,0,0,2.78,3,2.5983,1
SYN-0566,60500.0,4,1,1,informal,0,0,0.0,37300.0,hostel,0,0,0,2.75,4,-1.0026,0
SYN-0567,28400.0,5,1,1,informal,0,1,271000.0,17100.0,home,1,0,0,3.83,3,2.4581,1
SYN-0568,69600.0,2,1,1,informal,0,1,804000.0,33800.0,home,1,0,0,2.87,3,-0.4963,0
SYN-0569,41300.0,9,1,0,retired,0,0,0.0,27100.0,home,0,0,0,3.13,4,1.0567,0
SYN-0570,21500.0,4,3,2,unemployed,0,0,0.0,32600.0,home,1,0,0,3.38,4,5.0415,1
SYN-0571,52800.0,6,1,0,informal,0,0,0.0,50200.0,boarding,0,0,0,2.96,3,0.6097,0
SYN-0572,367400.0,5,1,0,informal,0,0,0.0,24400.0,home,0,0,0,3.07,4,-4.999,0
SYN-0573,50100.0,6,1,1,informal,0,1,474000.0,32300.0,boarding,0,0,0,3.26,3,2.062,1
SYN-0574,23100.0,6,3,0,informal,0,0,0.0,46500.0,hostel,0,0,0,2.69,3,3.6948,1
SYN-0575,29900.0,6,4,2,informal,0,1,403000.0,26200.0,home,0,0,0,2.4,3,4.4006,1
SYN-0576,109600.0,7,3,1,informal,0,0,0.0,29900.0,home,0,0,0,2.74,3,-1.2062,0
SYN-0577,69700.0,2,0,0,unemployed,0,0,0.0,44500.0,boarding,0,0,0,3.78,4,-2.8962,0
SYN-0578,33300.0,6,0,0,deceased,0,1,357000.0,43300.0,boarding,0,0,0,2.81,4,2.7791,1
SYN-0579,54900.0,2,1,1,deceased,1,0,0.0,30300.0,home,1,1,0,3.0,3,-0.6932,0
SYN-0580,82000.0,4,1,1,retired,0,0,0.0,47300.0,boarding,0,0,0,2.49,3,-0.4815,0
SYN-0581,65000.0,3,0,0,informal,0,0,0.0,33700.0,home,0,0,0,3.61,3,-1.5107,0
SYN-0582,22600.0,4,0,0,unemployed,0,1,460000.0,40500.0,boarding,1,0,0,2.92,4,5.2373,1
SYN-0583,75800.0,8,0,0,formal,0,0,0.0,45000.0,boarding,1,0,0,2.86,4,-0.081,0
SYN-0584,116900.0,5,1,1,informal,0,0,0.0,21500.0,home,0,0,0,2.99,4,-1.8756,0
SYN-0585,109500.0,4,1,0,formal,0,0,0.0,35900.0,home,0,0,1,4.0,3,-2.9136,0
SYN-0586,47300.0,5,0,0,formal,0,0,0.0,41600.0,boarding,1,0,0,3.24,4,0.0727,0
SYN-0587,34300.0,4,1,1,deceased,0,1,512000.0,34900.0,boarding,1,0,0,2.98,4,3.7381,1
SYN-0588,126500.0,3,2,0,retired,0,0,0.0,45700.0,hostel,1,0,0,1.84,3,-1.7654,0
SYN-0589,64600.0,2,1,0,informal,0,0,0.0,47200.0,boarding,1,0,0,3.62,3,-1.351,0
SYN-0590,141900.0,4,1,1,formal,0,0,0.0,43800.0,hostel,0,0,0,2.76,3,-4.4737,0
SYN-0591,45000.0,5,0,0,unemployed,0,0,0.0,43800.0,boarding,0,1,0,2.59,3,1.5681,0
SYN-0592,65400.0,4,1,1,informal,0,1,296000.0,46300.0,boarding,1,1,0,2.63,3,1.2879,0
SYN-0593,41700.0,4,1,1,retired,1,1,560000.0,30100.0,home,0,0,0,3.67,3,1.8997,1
SYN-0594,44500.0,6,1,1,deceased,1,0,0.0,25200.0,home,1,0,1,3.03,4,1.1944,0
SYN-0595,101900.0,4,2,1,formal,0,0,0.0,41100.0,boarding,1,0,0,2.41,3,-0.8197,0
SYN-0596,101700.0,6,1,1,formal,0,0,0.0,22200.0,home,0,0,0,2.96,3,-2.258,0
SYN-0597,60100.0,3,1,1,formal,0,0,0.0,27300.0,home,0,0,0,2.7,4,-1.4686,0
SYN-0598,108800.0,3,1,1,formal,0,0,0.0,23900.0,home,0,1,0,3.1,3,-2.6224,0
SYN-0599,69500.0,4,3,2,informal,0,0,0.0,47700.0,hostel,0,0,0,2.89,3,0.3144,0
SYN-0600,74300.0,4,0,0,formal,0,0,0.0,34500.0,boarding,0,0,0,2.39,4,-1.8603,0
SYN-0601,276500.0,7,3,0,formal,1,0,0.0,48500.0,hostel,0,0,0,3.02,3,-2.9875,0
SYN-0602,37700.0,8,1,1,formal,0,0,0.0,54200.0,hostel,0,0,0,3.03,3,2.5257,1
SYN-0603,149100.0,6,0,0,formal,0,0,0.0,48100.0,boarding,0,0,0,2.52,3,-2.5308,0
SYN-0604,20800.0,6,0,0,unemployed,0,0,0.0,34700.0,boarding,0,0,0,2.23,3,2.3825,1
SYN-0605,68100.0,6,4,1,formal,1,0,0.0,37800.0,boarding,0,0,0,3.17,3,1.822,1
SYN-0606,224100.0,3,1,0,retired,0,0,0.0,46200.0,boarding,0,0,0,2.93,4,-3.8622,0
SYN-0607,40400.0,8,0,0,formal,0,0,0.0,51900.0,hostel,1,0,0,2.96,4,2.195,1
SYN-0608,59100.0,5,0,0,formal,0,0,0.0,44600.0,hostel,0,1,0,3.26,3,0.4624,0
SYN-0609,87200.0,5,1,0,formal,0,0,0.0,38800.0,boarding,0,0,0,2.24,3,-1.1214,0
SYN-0610,21000.0,6,1,1,unemployed,0,0,0.0,42000.0,boarding,0,0,1,3.08,3,3.6476,1
SYN-0611,143100.0,4,1,1,formal,0,0,0.0,31400.0,boarding,0,0,0,3.33,4,-2.314,0
SYN-0612,53800.0,4,1,1,informal,0,0,0.0,32900.0,home,0,0,0,2.97,4,-0.95,0
SYN-0613,126100.0,5,2,1,formal,0,0,0.0,36000.0,home,0,0,0,2.46,3,-1.6612,0
SYN-0614,18200.0,4,2,2,deceased,0,0,0.0,27900.0,home,1,1,0,2.67,4,5.5394,1
SYN-0615,32600.0,5,2,2,formal,0,0,0.0,22200.0,home,0,0,0,2.86,3,2.0601,1
SYN-0616,63600.0,7,2,1,informal,0,1,229000.0,49300.0,boarding,0,0,0,2.39,4,3.0612,1
SYN-0617,18000.0,6,0,0,retired,0,0,0.0,31200.0,home,1,0,1,3.21,3,2.8392,1
SYN-0618,158200.0,5,0,0,formal,0,0,0.0,51900.0,hostel,1,0,0,3.05,4,-4.1233,0
SYN-0619,29600.0,4,1,1,formal,0,0,0.0,22700.0,home,1,0,0,2.78,4,1.452,0
SYN-0620,30800.0,5,0,0,retired,0,0,0.0,22800.0,home,0,0,0,3.46,4,0.9047,0
SYN-0621,110500.0,3,1,1,formal,0,1,267000.0,43800.0,boarding,0,0,0,2.83,4,-2.7067,0
SYN-0622,63700.0,6,0,0,formal,0,0,0.0,35700.0,home,0,0,0,3.67,3,-0.9097,0
SYN-0623,31300.0,6,3,3,informal,0,1,645000.0,23800.0,home,0,0,0,2.94,3,5.8846,1
SYN-0624,270200.0,3,2,0,formal,0,0,0.0,29400.0,home,0,0,1,2.65,4,-4.7053,0
SYN-0625,24500.0,5,0,0,retired,0,0,0.0,32800.0,boarding,1,0,0,2.66,4,1.5201,0
SYN-0626,64800.0,4,0,0,informal,0,0,0.0,26100.0,home,0,0,0,3.09,4,-1.3439,0
SYN-0627,50200.0,3,1,1,informal,0,0,0.0,40100.0,boarding,1,1,0,2.5,4,2.1625,1
SYN-0628,130100.0,5,1,1,formal,0,0,0.0,32700.0,home,0,0,0,3.11,3,-2.6522,0
SYN-0629,43100.0,2,1,0,unemployed,0,1,477000.0,18400.0,home,0,0,1,2.88,3,-1.3299,0
SYN-0630,33000.0,2,1,0,informal,1,0,0.0,37300.0,home,0,1,0,2.77,4,1.1631,0
SYN-0631,73600.0,4,1,1,formal,0,0,0.0,29100.0,home,0,0,0,3.03,3,-0.4169,0
SYN-0632,37600.0,5,0,0,retired,0,0,0.0,55100.0,hostel,1,0,0,3.47,3,0.9294,0
SYN-0633,85000.0,4,0,0,informal,0,0,0.0,33800.0,home,1,0,0,2.82,3,-2.0262,0
SYN-0634,22400.0,3,0,0,retired,0,1,668000.0,46200.0,boarding,1,0,0,3.13,3,4.1204,1
SYN-0635,150000.0,4,1,1,formal,1,1,446000.0,59100.0,hostel,1,0,0,3.24,4,-0.7063,0
SYN-0636,58000.0,5,2,0,formal,0,0,0.0,25700.0,home,0,1,0,2.44,3,0.1775,0
SYN-0637,33300.0,4,2,1,unemployed,0,0,0.0,48700.0,hostel,0,1,0,3.17,4,3.3601,1
SYN-0638,28800.0,9,0,0,retired,0,0,0.0,36100.0,boarding,0,0,0,3.39,4,1.9268,1
SYN-0639,35300.0,7,0,0,informal,0,1,458000.0,40900.0,boarding,0,0,0,3.46,4,2.6449,1
SYN-0640,54400.0,5,3,0,formal,0,0,0.0,52000.0,hostel,0,0,0,2.58,4,0.8696,0
SYN-0641,23000.0,5,3,1,retired,1,0,0.0,36200.0,home,0,0,0,2.61,3,4.2565,1
SYN-0642,54700.0,3,0,0,formal,0,0,0.0,39400.0,boarding,1,0,0,3.03,3,-1.0971,0
SYN-0643,40100.0,5,0,0,formal,0,1,769000.0,34900.0,boarding,1,1,0,2.9,4,2.8907,1
SYN-0644,76200.0,6,3,0,informal,1,0,0.0,41900.0,boarding,0,0,0,3.06,3,-0.2109,0
SYN-0645,57200.0,3,2,2,formal,0,0,0.0,25300.0,home,0,0,0,2.9,3,-0.1712,0
SYN-0646,42000.0,6,2,1,formal,0,0,0.0,26800.0,home,1,0,0,3.13,4,1.6686,0
SYN-0647,70900.0,6,0,0,formal,0,0,0.0,51700.0,hostel,0,0,0,1.98,4,-1.5643,0
SYN-0648,83600.0,3,2,0,deceased,0,0,0.0,44200.0,boarding,0,0,0,3.33,3,-1.457,0
SYN-0649,77300.0,4,1,1,formal,0,0,0.0,34600.0,home,1,0,0,3.67,4,-1.2951,0
SYN-0650,53300.0,3,0,0,informal,0,1,159000.0,28100.0,home,1,0,0,2.82,4,-1.4948,0
SYN-0651,22000.0,6,1,0,deceased,0,1,348000.0,47000.0,boarding,0,0,0,3.13,4,5.0615,1
SYN-0652,38500.0,6,0,0,informal,0,1,473000.0,30100.0,home,0,0,0,3.76,4,1.6133,0
SYN-0653,27900.0,3,2,2,informal,0,0,0.0,28400.0,home,1,1,0,2.96,3,3.8268,1
SYN-0654,148100.0,4,0,0,informal,0,0,0.0,42000.0,hostel,0,0,0,3.18,4,-3.2096,0
SYN-0655,54300.0,3,2,2,informal,1,0,0.0,18500.0,home,1,0,0,3.82,4,1.3801,0
SYN-0656,44900.0,2,0,0,informal,0,0,0.0,21400.0,home,0,1,0,3.81,3,-1.351,0
SYN-0657,27700.0,2,0,0,deceased,0,1,301000.0,42700.0,boarding,1,0,1,2.6,4,1.8056,1
SYN-0658,34700.0,3,0,0,retired,0,1,237000.0,25000.0,home,0,0,0,2.88,3,0.23,0
SYN-0659,24900.0,5,2,1,informal,1,1,419000.0,21000.0,home,1,0,0,3.43,4,6.3537,1
SYN-0660,88400.0,4,1,1,formal,0,0,0.0,39200.0,boarding,1,0,0,3.26,4,-0.8139,0
SYN-0661,46600.0,4,0,0,retired,0,0,0.0,43000.0,boarding,0,0,0,3.35,3,-1.2365,0
SYN-0662,215600.0,5,0,0,formal,0,0,0.0,32300.0,home,1,0,0,1.95,3,-4.35,0
SYN-0663,84700.0,4,3,1,retired,0,0,0.0,47800.0,hostel,1,0,0,2.23,3,0.2404,0
SYN-0664,141000.0,6,1,1,formal,0,0,0.0,47700.0,hostel,1,0,0,3.8,3,-1.1791,0
SYN-0665,48400.0,3,0,0,unemployed,0,0,0.0,38500.0,boarding,0,0,0,3.38,3,-1.6609,0
SYN-0666,43200.0,4,1,1,retired,0,1,507000.0,45000.0,boarding,0,0,0,3.2,3,1.7786,1
SYN-0667,72200.0,8,2,0,informal,1,0,0.0,47000.0,hostel,0,0,0,2.53,3,0.9887,0
SYN-0668,56700.0,4,1,0,formal,0,0,0.0,29600.0,home,1,0,0,2.88,4,-1.2698,0
SYN-0669,104300.0,3,1,1,retired,0,0,0.0,47200.0,boarding,1,0,0,3.29,3,-1.8182,0
SYN-0670,70300.0,5,0,0,informal,0,0,0.0,34400.0,home,1,0,0,2.47,3,-1.2343,0
SYN-0671,101700.0,5,0,0,formal,0,0,0.0,29000.0,home,0,0,0,2.75,3,-3.2888,0
SYN-0672,77400.0,2,1,1,informal,0,0,0.0,46200.0,hostel,0,0,0,3.21,3,-0.996,0
SYN-0673,187900.0,5,1,1,informal,0,0,0.0,28200.0,home,0,0,0,3.3,3,-3.0645,0
SYN-0674,15200.0,2,1,1,unemployed,0,0,0.0,18900.0,home,0,0,0,2.83,4,1.4887,0
SYN-0675,188700.0,6,1,1,formal,0,0,0.0,36000.0,home,1,0,0,3.46,3,-2.4059,0
SYN-0676,65100.0,4,0,0,informal,0,0,0.0,37700.0,boarding,0,0,0,3.45,4,-2.7274,0
SYN-0677,25200.0,4,1,1,retired,0,1,281000.0,52700.0,hostel,0,0,0,2.3,3,4.6744,1
SYN-0678,45400.0,7,1,0,formal,0,0,0.0,30200.0,home,1,0,0,3.74,3,1.3713,0
SYN-0679,16300.0,5,2,1,informal,1,1,400000.0,55700.0,hostel,1,1,0,3.44,4,11.6838,1
SYN-0680,80600.0,2,0,0,informal,0,0,0.0,32900.0,home,1,0,0,3.14,3,-3.5196,0
SYN-0681,24000.0,3,1,1,retired,0,1,278000.0,53000.0,hostel,1,0,0,2.99,3,4.2654,1
SYN-0682,61800.0,2,1,1,informal,0,0,0.0,44700.0,hostel,1,0,0,3.38,3,-0.9528,0
SYN-0683,101800.0,6,1,1,retired,0,0,0.0,22900.0,home,0,0,0,3.27,4,-0.5971,0
SYN-0684,60800.0,6,0,0,formal,0,1,424000.0,48800.0,hostel,0,0,0,2.94,3,0.9729,0
SYN-0685,42600.0,3,2,2,formal,1,1,184000.0,19500.0,home,1,1,0,3.62,3,3.0522,1
SYN-0686,23600.0,3,1,1,deceased,0,1,171000.0,38900.0,boarding,0,0,0,2.17,4,3.7773,1
SYN-0687,44100.0,7,0,0,retired,0,0,0.0,23500.0,home,0,0,0,2.77,4,0.4669,0
SYN-0688,297300.0,4,1,1,informal,0,0,0.0,25400.0,home,0,0,0,3.24,4,-5.2395,0
SYN-0689,110700.0,4,0,0,informal,0,0,0.0,51300.0,hostel,0,0,1,3.03,3,-4.171,0
SYN-0690,35000.0,3,2,2,informal,1,1,344000.0,44400.0,boarding,1,0,0,3.34,4,3.4698,1
SYN-0691,62900.0,4,1,1,formal,0,0,0.0,40600.0,boarding,0,1,0,2.36,4,-0.2094,0
SYN-0692,29900.0,8,2,2,retired,1,0,0.0,49800.0,hostel,1,0,0,2.94,3,4.0655,1
SYN-0693,45700.0,5,2,2,retired,0,0,0.0,27000.0,home,1,0,0,3.53,4,2.6156,1
SYN-0694,57300.0,4,1,0,informal,0,0,0.0,43300.0,home,0,0,0,2.42,4,-1.1265,0
SYN-0695,117800.0,5,1,1,formal,0,0,0.0,49700.0,hostel,0,0,0,2.95,3,-1.7498,0
SYN-0696,52100.0,4,0,0,formal,0,0,0.0,26800.0,home,0,1,0,2.73,3,-0.9043,0
SYN-0697,37400.0,3,2,1,formal,1,0,0.0,52800.0,hostel,0,0,0,3.2,3,2.1821,1
SYN-0698,29500.0,4,1,0,unemployed,1,1,212000.0,36800.0,home,0,0,0,3.22,4,2.8937,1
SYN-0699,29600.0,3,1,1,informal,0,0,0.0,25700.0,home,1,0,0,3.09,4,0.4207,0
SYN-0700,102500.0,6,1,1,formal,0,0,0.0,22200.0,home,1,0,0,2.93,3,-0.7837,0
SYN-0701,55800.0,6,1,1,informal,0,1,219000.0,23300.0,home,1,0,0,3.08,3,0.947,0
SYN-0702,13800.0,4,2,1,deceased,0,0,0.0,26300.0,home,1,0,0,2.98,3,4.4033,1
SYN-0703,93500.0,4,0,0,formal,0,0,0.0,29700.0,home,0,0,0,3.04,3,-2.9805,0
SYN-0704,16000.0,7,3,1,informal,1,1,208000.0,21000.0,home,1,0,1,3.66,4,7.2411,1
SYN-0705,105700.0,6,3,1,informal,0,1,244000.0,39200.0,boarding,0,0,0,2.55,3,-0.6529,0
SYN-0706,76700.0,8,0,0,formal,0,0,0.0,40400.0,boarding,0,0,0,3.19,3,-0.6575,0
SYN-0707,199700.0,9,1,1,informal,0,0,0.0,31800.0,home,0,0,0,2.65,3,-1.9343,0
SYN-0708,130100.0,3,2,1,informal,0,0,0.0,33400.0,home,0,0,0,3.87,3,-2.0323,0
SYN-0709,49100.0,2,1,1,formal,0,0,0.0,32200.0,home,0,0,0,3.09,4,-0.8371,0
SYN-0710,29000.0,4,3,2,formal,0,0,0.0,39900.0,home,0,1,0,2.42,4,3.689,1
SYN-0711,36000.0,6,0,0,retired,0,0,0.0,47500.0,boarding,0,0,0,2.95,4,1.1698,0
SYN-0712,45000.0,4,0,0,formal,0,0,0.0,31200.0,home,0,0,0,2.44,3,-1.3789,0
SYN-0713,197000.0,3,2,1,informal,0,0,0.0,42700.0,hostel,0,0,0,2.78,4,-4.0621,0
SYN-0714,71800.0,6,1,1,informal,0,0,0.0,26300.0,home,0,0,0,3.31,3,-0.7585,0
SYN-0715,71100.0,9,1,1,retired,0,0,0.0,22100.0,home,1,0,0,3.62,3,0.2035,0
SYN-0716,28600.0,4,1,1,unemployed,0,1,426000.0,42300.0,boarding,0,0,0,3.5,4,5.5767,1
SYN-0717,38600.0,2,1,1,retired,0,1,181000.0,31800.0,home,1,0,0,3.01,3,1.0348,0
SYN-0718,70900.0,2,1,0,informal,0,0,0.0,34900.0,home,0,0,0,3.29,3,-1.9116,0
SYN-0719,132600.0,3,2,1,informal,0,1,333000.0,31500.0,home,0,0,0,3.39,3,-2.2096,0
SYN-0720,85700.0,6,0,0,informal,0,0,0.0,47300.0,boarding,0,0,0,3.99,4,-1.629,0
SYN-0721,40300.0,4,0,0,informal,0,1,403000.0,53900.0,hostel,0,0,0,2.8,3,2.9727,1
SYN-0722,137400.0,9,0,0,informal,0,0,0.0,24300.0,home,1,0,0,3.68,4,-2.1034,0
SYN-0723,74900.0,5,0,0,formal,0,0,0.0,45200.0,hostel,0,0,0,2.59,3,-1.4349,0
SYN-0724,43800.0,3,2,2,informal,0,1,334000.0,41400.0,boarding,1,1,0,3.45,3,4.4058,1
SYN-0725,12000.0,4,2,2,informal,0,0,0.0,37600.0,boarding,1,0,0,2.79,3,6.266,1
SYN-0726,97300.0,2,1,1,formal,0,0,0.0,28700.0,home,1,0,0,2.76,4,-2.3863,0
SYN-0727,72600.0,3,0,0,formal,0,0,0.0,49700.0,hostel,1,0,0,2.93,4,-2.2184,0
SYN-0728,35300.0,5,1,0,unemployed,0,0,0.0,29300.0,home,0,0,0,2.72,3,0.2324,0
SYN-0729,57800.0,5,1,0,informal,0,0,0.0,30000.0,home,0,0,0,3.23,4,-0.2173,0
SYN-0730,31000.0,8,1,0,retired,0,1,117000.0,36300.0,boarding,1,0,0,3.57,3,2.7769,1
SYN-0731,45900.0,4,2,1,informal,0,1,252000.0,50800.0,hostel,1,0,0,2.16,4,2.9466,1
SYN-0732,54900.0,9,1,1,retired,0,0,0.0,32400.0,home,1,0,0,2.98,3,1.5602,0
SYN-0733,60500.0,5,3,3,retired,0,0,0.0,25800.0,home,1,0,0,2.59,3,2.2398,1
SYN-0734,60400.0,4,2,2,formal,0,0,0.0,40900.0,hostel,1,1,0,3.33,4,1.7949,1
SYN-0735,81600.0,3,1,1,deceased,0,0,0.0,54800.0,hostel,0,0,0,3.65,3,-1.3259,0
SYN-0736,65700.0,5,2,1,formal,0,0,0.0,51100.0,boarding,1,0,0,2.98,4,1.1319,0
SYN-0737,42700.0,7,1,1,informal,0,0,0.0,31300.0,home,1,0,0,2.75,3,0.7703,0
SYN-0738,47500.0,6,2,1,retired,0,1,397000.0,28000.0,home,1,0,0,2.37,3,2.0032,1
SYN-0739,32500.0,2,0,0,formal,0,0,0.0,53800.0,hostel,1,1,0,3.77,3,1.0032,0
SYN-0740,64000.0,5,1,1,informal,0,0,0.0,32600.0,home,1,0,0,3.6,3,0.331,0
SYN-0741,24100.0,6,0,0,informal,0,1,219000.0,40300.0,boarding,1,0,1,2.22,3,3.7858,1
SYN-0742,50000.0,5,1,0,formal,0,1,686000.0,46800.0,boarding,0,0,0,3.33,3,2.5042,1
SYN-0743,22600.0,7,1,1,formal,0,0,0.0,43500.0,hostel,1,0,0,2.58,4,3.9192,1
SYN-0744,57500.0,3,1,1,formal,1,0,0.0,37700.0,boarding,0,1,0,2.74,3,1.3525,0
SYN-0745,213300.0,3,2,2,formal,0,0,0.0,32000.0,home,0,0,0,2.53,3,-2.9232,0
SYN-0746,52800.0,4,0,0,informal,0,0,0.0,42100.0,boarding,1,0,0,2.21,4,-1.236,0
SYN-0747,102800.0,3,1,1,informal,0,0,0.0,51500.0,hostel,0,0,0,3.03,3,-1.4212,0
SYN-0748,263100.0,6,1,1,informal,0,0,0.0,54600.0,hostel,0,0,0,3.85,4,-2.9651,0
SYN-0749,41800.0,3,0,0,unemployed,0,1,491000.0,21500.0,home,0,0,0,2.66,3,-0.0497,0
SYN-0750,32400.0,4,2,1,formal,1,1,1078000.0,30200.0,home,1,0,0,3.42,4,5.0916,1
SYN-0751,48600.0,3,2,1,formal,0,0,0.0,52000.0,boarding,1,1,1,3.39,4,2.0797,1
SYN-0752,42600.0,5,2,2,retired,0,1,359000.0,38200.0,boarding,1,0,0,3.35,3,2.8886,1
SYN-0753,38500.0,4,1,1,retired,0,0,0.0,26100.0,home,0,0,0,3.89,3,0.6494,0
SYN-0754,53100.0,9,2,0,informal,0,0,0.0,17700.0,home,0,0,0,3.45,3,0.5506,0
SYN-0755,118000.0,6,0,0,formal,0,0,0.0,30600.0,home,1,0,0,3.81,3,-2.0876,0
SYN-0756,74800.0,5,1,1,retired,0,0,0.0,33200.0,home,1,0,0,2.57,3,-1.6312,0
SYN-0757,22100.0,4,0,0,retired,0,0,0.0,33200.0,home,0,0,0,3.36,4,0.9638,0
SYN-0758,35900.0,6,1,1,informal,0,0,0.0,42300.0,hostel,1,0,0,3.68,4,2.239,1
SYN-0759,68200.0,3,1,0,formal,0,0,0.0,41500.0,boarding,0,0,0,2.73,3,-1.0936,0
SYN-0760,122300.0,4,2,1,formal,0,0,0.0,31200.0,home,0,0,0,1.6,4,-1.8973,0
SYN-0761,105500.0,4,1,1,informal,0,0,0.0,41800.0,boarding,1,0,0,2.52,3,-1.2557,0
SYN-0762,135400.0,5,3,1,retired,1,0,0.0,24000.0,home,1,0,0,2.75,3,-1.5082,0
SYN-0763,43600.0,4,2,1,informal,0,1,229000.0,41900.0,boarding,1,0,0,3.29,3,2.2088,1
SYN-0764,50400.0,4,2,2,formal,1,0,0.0,43500.0,hostel,0,0,0,2.81,3,1.7004,0
SYN-0765,77800.0,4,1,1,informal,0,0,0.0,19700.0,home,1,0,0,3.05,3,-1.1887,0
SYN-0766,29200.0,4,0,0,retired,0,0,0.0,51700.0,hostel,1,0,0,2.8,3,1.8672,1
SYN-0767,52100.0,5,2,2,informal,0,1,324000.0,30800.0,home,1,0,0,3.0,3,2.3387,1
SYN-0768,33900.0,4,0,0,retired,0,0,0.0,44800.0,boarding,1,1,0,2.92,4,1.5842,0
SYN-0769,17100.0,5,0,0,informal,0,1,175000.0,45100.0,hostel,0,0,0,2.78,4,5.5667,1
SYN-0770,73500.0,8,0,0,formal,0,0,0.0,44900.0,boarding,1,0,0,3.39,4,-0.5268,0
SYN-0771,65300.0,6,0,0,informal,0,0,0.0,35600.0,home,0,0,0,3.63,3,-1.457,0
SYN-0772,145200.0,4,0,0,informal,0,0,0.0,39600.0,home,0,0,0,2.57,4,-3.5353,0
SYN-0773,48500.0,6,1,0,deceased,0,1,365000.0,34500.0,home,0,0,0,3.14,3,0.998,0
SYN-0774,28200.0,4,2,1,informal,0,0,0.0,32100.0,home,1,0,0,2.45,3,3.2724,1
SYN-0775,62600.0,4,1,1,informal,0,0,0.0,22400.0,home,0,0,0,2.31,3,-1.8993,0
SYN-0776,22800.0,3,2,2,informal,0,0,0.0,29400.0,home,0,0,0,3.49,3,2.8629,1
SYN-0777,20800.0,4,1,1,informal,1,1,240000.0,33700.0,boarding,1,0,0,3.89,3,6.0515,1
SYN-0778,124800.0,4,0,0,formal,0,0,0.0,25500.0,home,0,0,0,2.91,4,-2.4537,0
SYN-0779,29200.0,4,1,1,unemployed,0,0,0.0,40800.0,home,0,0,0,3.82,4,1.7481,1
SYN-0780,67300.0,5,2,2,informal,1,0,0.0,35900.0,boarding,1,0,0,2.78,3,1.7405,1
SYN-0781,24500.0,6,1,1,informal,0,1,95000.0,17100.0,home,0,0,0,2.95,4,3.4754,1
SYN-0782,63200.0,6,1,0,informal,0,1,273000.0,46000.0,boarding,0,0,0,3.75,3,0.3966,0
SYN-0783,67700.0,8,1,1,formal,0,0,0.0,37800.0,boarding,0,0,0,2.67,3,0.5869,0
SYN-0784,122100.0,4,1,1,informal,0,0,0.0,45700.0,boarding,0,0,0,3.44,3,-2.7592,0
SYN-0785,81500.0,2,1,1,informal,0,0,0.0,35100.0,boarding,1,0,0,2.9,3,-2.8128,0
SYN-0786,102700.0,4,0,0,informal,0,0,0.0,39200.0,boarding,0,0,0,2.75,3,-2.6677,0
SYN-0787,43800.0,5,1,1,unemployed,1,0,0.0,48100.0,boarding,1,1,0,2.74,3,3.067,1
SYN-0788,27300.0,3,2,0,unemployed,0,1,425000.0,34200.0,boarding,0,0,0,2.14,3,3.1484,1
SYN-0789,113700.0,5,1,1,retired,0,0,0.0,47100.0,hostel,0,0,0,3.58,4,-1.816,0
SYN-0790,31700.0,3,1,1,informal,0,0,0.0,49600.0,hostel,1,0,0,3.15,4,1.0294,0
SYN-0791,37900.0,6,1,1,formal,0,1,243000.0,26000.0,home,1,0,0,2.99,4,2.4088,1
SYN-0792,28400.0,6,2,0,unemployed,1,1,276000.0,31300.0,home,1,0,0,2.76,3,4.1514,1
SYN-0793,24600.0,3,0,0,informal,0,1,246000.0,48100.0,hostel,1,0,0,3.18,3,3.3371,1
SYN-0794,77100.0,6,0,0,informal,0,1,274000.0,44400.0,boarding,1,0,0,3.42,4,-0.3521,0
SYN-0795,59500.0,4,0,0,informal,0,0,0.0,51600.0,boarding,1,0,0,2.93,4,-1.6831,0
SYN-0796,76700.0,5,2,1,retired,0,1,131000.0,44700.0,home,1,0,1,3.45,3,0.8015,0
SYN-0797,66400.0,2,1,1,formal,0,0,0.0,32500.0,home,1,0,0,3.17,4,-1.1867,0
SYN-0798,74400.0,4,0,0,informal,0,0,0.0,40900.0,boarding,0,0,0,3.01,4,-1.5963,0
SYN-0799,116400.0,2,0,0,formal,0,0,0.0,50400.0,hostel,0,0,0,3.43,3,-4.2925,0
SYN-0800,36100.0,3,2,0,informal,1,0,0.0,28700.0,home,0,0,0,2.84,4,1.5867,0
SYN-0801,38200.0,4,1,0,informal,0,1,203000.0,39300.0,hostel,1,0,0,2.52,3,2.0177,1
SYN-0802,93700.0,5,0,0,informal,0,0,0.0,41200.0,boarding,0,0,0,3.03,3,-1.9622,0
SYN-0803,71000.0,5,2,1,informal,0,0,0.0,54000.0,hostel,0,0,0,3.06,3,0.1554,0
SYN-0804,24500.0,4,1,1,retired,1,0,0.0,39900.0,hostel,1,0,0,2.96,4,2.8864,1
SYN-0805,40700.0,4,0,0,retired,0,0,0.0,24600.0,home,1,0,0,3.55,3,0.0334,0
SYN-0806,173500.0,3,2,0,informal,0,0,0.0,26800.0,home,0,0,0,3.26,3,-3.4822,0
SYN-0807,29600.0,3,0,0,deceased,0,0,0.0,32000.0,home,1,1,0,2.9,3,1.2155,0
SYN-0808,55700.0,4,1,1,informal,0,0,0.0,43100.0,home,0,1,0,2.95,3,1.0423,0
SYN-0809,21300.0,8,2,0,retired,0,0,0.0,25500.0,home,0,0,0,3.08,4,3.5327,1
SYN-0810,67100.0,3,1,1,formal,0,0,0.0,42000.0,boarding,1,0,0,3.27,3,-1.4302,0
SYN-0811,70900.0,2,1,1,formal,1,0,0.0,48000.0,hostel,1,0,1,3.07,3,-1.2246,0
SYN-0812,139400.0,3,0,0,formal,0,0,0.0,28300.0,home,0,0,0,2.99,4,-4.9475,0
SYN-0813,67200.0,3,2,2,formal,1,0,0.0,41200.0,boarding,0,0,0,2.49,4,0.559,0
SYN-0814,95200.0,8,1,1,informal,0,0,0.0,38900.0,boarding,1,0,0,2.75,4,0.1824,0
SYN-0815,131600.0,4,0,0,formal,0,0,0.0,56600.0,boarding,0,0,0,3.17,3,-2.4309,0
SYN-0816,133100.0,3,0,0,informal,0,0,0.0,52100.0,hostel,0,0,0,3.13,3,-3.7767,0
SYN-0817,151200.0,3,0,0,formal,0,0,0.0,27500.0,home,0,1,1,2.33,4,-3.8548,0
SYN-0818,208700.0,5,2,0,formal,0,0,0.0,36500.0,home,0,0,0,2.81,4,-3.848,0
SYN-0819,34400.0,4,0,0,deceased,0,0,0.0,49400.0,hostel,1,0,0,2.66,3,1.0527,0
SYN-0820,27100.0,3,2,0,informal,0,1,568000.0,30300.0,home,1,0,0,3.62,4,3.8971,1
SYN-0821,69700.0,4,2,1,deceased,0,0,0.0,47000.0,hostel,0,0,0,3.16,3,0.4588,0
SYN-0822,86500.0,5,0,0,informal,0,0,0.0,28600.0,home,1,1,0,3.13,4,-1.847,0
SYN-0823,150300.0,4,2,1,formal,1,0,0.0,34800.0,boarding,0,0,0,3.02,3,-2.4038,0
SYN-0824,146000.0,6,2,0,informal,0,0,0.0,32300.0,boarding,0,0,1,2.79,3,-2.1495,0
SYN-0825,164100.0,3,1,0,informal,0,0,0.0,43500.0,boarding,1,0,0,2.86,3,-2.6626,0
SYN-0826,123700.0,6,0,0,formal,0,0,0.0,28900.0,home,0,0,0,3.26,3,-2.0502,0
SYN-0827,48300.0,3,1,0,retired,0,1,486000.0,52800.0,hostel,1,0,0,2.94,4,0.6567,0
SYN-0828,33700.0,3,1,1,informal,0,0,0.0,43100.0,hostel,0,0,0,3.26,4,0.4143,0
SYN-0829,30900.0,3,0,0,unemployed,0,1,318000.0,42000.0,hostel,1,0,0,3.11,3,1.6273,0
SYN-0830,53300.0,3,1,1,informal,0,0,0.0,52300.0,hostel,0,0,0,3.17,4,-0.25,0
SYN-0831,81100.0,5,1,1,informal,0,0,0.0,46400.0,hostel,0,0,0,3.2,3,-0.9016,0
SYN-0832,70700.0,5,1,1,formal,0,0,0.0,46200.0,boarding,1,0,0,2.83,3,-0.7505,0
SYN-0833,62700.0,2,0,0,deceased,0,0,0.0,41700.0,boarding,0,0,0,2.92,3,-2.3697,0
SYN-0834,68400.0,7,0,0,informal,0,0,0.0,58300.0,hostel,0,0,0,3.43,3,0.3056,0
SYN-0835,147200.0,4,2,1,formal,0,0,0.0,52200.0,hostel,0,0,0,3.82,3,-1.079,0
SYN-0836,19700.0,3,0,0,formal,0,0,0.0,43800.0,boarding,0,0,0,3.44,4,0.9242,0
SYN-0837,57700.0,4,1,1,informal,1,0,0.0,34400.0,home,0,0,0,1.88,4,-0.4933,0
SYN-0838,73100.0,3,0,0,deceased,0,0,0.0,28500.0,home,1,0,0,2.73,3,-2.3878,0
SYN-0839,152600.0,7,0,0,retired,0,0,0.0,39000.0,hostel,0,0,0,3.1,3,-2.7252,0
SYN-0840,39000.0,7,1,1,unemployed,0,0,0.0,50000.0,hostel,1,0,0,2.59,4,2.0542,1
SYN-0841,122300.0,6,1,1,deceased,0,1,352000.0,40700.0,home,0,0,0,2.57,3,-1.8538,0
SYN-0842,36700.0,2,1,1,unemployed,0,1,536000.0,35400.0,hostel,0,0,0,2.87,3,0.8809,0
SYN-0843,68700.0,9,1,0,formal,0,0,0.0,32600.0,home,1,0,0,3.2,4,1.3964,0
SYN-0844,75300.0,5,4,2,informal,0,0,0.0,21600.0,home,1,0,0,3.31,4,0.3749,0
SYN-0845,87800.0,6,1,1,formal,0,0,0.0,47900.0,hostel,0,0,0,2.9,4,-1.6029,0
SYN-0846,44600.0,4,0,0,formal,0,1,669000.0,48400.0,hostel,1,0,0,2.86,3,1.2249,0
SYN-0847,54400.0,3,1,0,informal,0,1,280000.0,45600.0,boarding,0,0,0,2.7,3,-0.3428,0
SYN-0848,37200.0,4,1,1,formal,0,0,0.0,49200.0,hostel,1,0,0,3.26,4,1.3581,0
SYN-0849,64700.0,5,0,0,deceased,0,0,0.0,55600.0,hostel,0,0,0,3.23,3,-0.7744,0
SYN-0850,38000.0,3,2,2,deceased,0,0,0.0,54400.0,hostel,1,0,0,3.43,4,2.0015,1
SYN-0851,46200.0,7,0,0,informal,0,0,0.0,46900.0,hostel,1,0,0,3.1,3,0.9337,0
SYN-0852,24500.0,2,1,1,unemployed,0,0,0.0,36000.0,home,0,0,0,2.5,4,1.4079,0
SYN-0853,95300.0,8,2,1,informal,0,0,0.0,28300.0,home,0,0,0,2.9,3,0.4958,0
SYN-0854,105400.0,4,0,0,formal,0,0,0.0,27300.0,home,1,1,0,3.31,3,-1.2476,0
SYN-0855,47300.0,5,0,0,formal,0,0,0.0,23400.0,home,0,0,0,2.32,4,-0.7955,0
SYN-0856,43300.0,4,0,0,formal,0,1,338000.0,37200.0,home,0,0,0,3.01,4,1.168,0
SYN-0857,148800.0,3,1,1,formal,0,0,0.0,28300.0,home,0,0,0,3.17,3,-3.2188,0
SYN-0858,32200.0,6,2,1,formal,0,0,0.0,16700.0,home,1,0,0,3.89,4,2.4669,1
SYN-0859,85600.0,5,2,2,formal,1,0,0.0,44500.0,boarding,0,0,1,2.8,4,0.1712,0
SYN-0860,214100.0,7,1,0,formal,0,1,390000.0,27600.0,home,0,0,1,3.0,4,-3.006,0
SYN-0861,95700.0,8,1,1,retired,1,0,0.0,28400.0,home,0,0,0,3.76,3,0.2167,0
SYN-0862,132000.0,5,0,0,formal,0,0,0.0,28700.0,home,0,0,0,2.8,4,-2.9393,0
SYN-0863,130000.0,6,0,0,formal,0,0,0.0,28100.0,home,0,0,0,3.5,4,-2.6801,0
SYN-0864,194200.0,3,0,0,informal,0,0,0.0,56500.0,boarding,1,0,0,3.21,4,-4.1249,0
SYN-0865,24400.0,5,4,2,formal,0,1,226000.0,57100.0,hostel,0,0,0,2.96,4,6.7496,1
SYN-0866,55900.0,6,0,0,informal,0,0,0.0,45300.0,boarding,0,0,0,3.24,3,-0.6727,0
SYN-0867,140300.0,4,1,0,formal,0,0,0.0,42800.0,boarding,0,0,0,2.99,4,-3.9537,0
SYN-0868,46800.0,5,0,0,informal,0,0,0.0,54200.0,hostel,1,0,0,4.0,4,0.5256,0
SYN-0869,111300.0,4,3,2,informal,0,0,0.0,42800.0,boarding,1,0,0,2.18,3,0.2224,0
SYN-0870,32700.0,4,1,1,unemployed,0,0,0.0,34500.0,home,0,0,0,2.93,4,0.2585,0
SYN-0871,60500.0,8,1,1,informal,0,0,0.0,33100.0,home,1,0,0,2.94,4,0.5192,0
SYN-0872,44700.0,5,2,2,informal,1,1,593000.0,42200.0,boarding,0,0,0,2.99,3,4.3969,1
SYN-0873,37100.0,5,3,3,formal,1,1,129000.0,46700.0,boarding,1,0,0,3.5,3,4.8724,1
SYN-0874,65100.0,4,0,0,formal,0,0,0.0,45700.0,hostel,0,0,0,2.86,3,-1.6192,0
SYN-0875,83800.0,5,2,1,informal,0,0,0.0,30300.0,home,0,0,0,3.26,3,-0.1739,0
SYN-0876,32300.0,3,1,1,formal,1,0,0.0,42600.0,hostel,1,0,0,3.15,3,1.75,1
SYN-0877,115900.0,5,0,0,formal,0,0,0.0,36700.0,boarding,1,0,0,3.4,4,-2.2838,0
SYN-0878,74400.0,3,2,1,informal,1,0,0.0,34100.0,hostel,0,1,0,2.89,4,-0.3563,0
SYN-0879,161100.0,6,0,0,formal,0,0,0.0,44000.0,boarding,0,0,0,3.19,3,-2.9581,0
SYN-0880,36900.0,3,2,0,formal,0,0,0.0,34000.0,home,1,0,0,3.0,3,0.2961,0
SYN-0881,28300.0,3,0,0,informal,0,0,0.0,36000.0,home,0,0,0,2.64,4,-0.621,0
SYN-0882,72000.0,6,1,1,informal,0,0,0.0,23900.0,home,0,0,0,3.72,4,-0.8222,0
SYN-0883,268700.0,4,1,1,retired,0,1,799000.0,32400.0,home,0,0,0,2.73,4,-3.6222,0
SYN-0884,75800.0,4,0,0,deceased,0,0,0.0,48000.0,hostel,1,0,0,2.85,4,-1.7139,0
SYN-0885,20000.0,4,2,2,deceased,1,0,0.0,34100.0,home,1,0,0,2.69,3,4.2365,1
SYN-0886,71100.0,6,3,1,informal,0,0,0.0,26400.0,home,1,0,0,3.22,4,1.086,0
SYN-0887,102400.0,6,1,1,formal,0,1,101000.0,28200.0,home,1,0,0,2.85,4,-0.7772,0
SYN-0888,26500.0,4,1,1,informal,0,0,0.0,33000.0,boarding,1,1,0,3.59,4,3.7725,1
SYN-0889,153300.0,3,1,1,informal,0,0,0.0,26100.0,home,0,0,0,3.27,4,-3.8817,0
SYN-0890,51300.0,4,1,1,informal,0,0,0.0,30000.0,home,1,0,0,2.93,3,0.8578,0
SYN-0891,83700.0,4,1,1,formal,0,0,0.0,49000.0,hostel,0,0,0,2.67,3,-0.398,0
SYN-0892,69500.0,3,1,1,formal,0,0,0.0,20700.0,home,1,1,0,2.9,3,-0.1825,0
SYN-0893,128800.0,5,2,0,formal,0,0,0.0,45200.0,hostel,1,0,0,3.27,3,-1.4775,0
SYN-0894,58100.0,3,1,1,formal,0,0,0.0,30900.0,home,0,0,0,3.03,3,-0.6906,0
SYN-0895,34400.0,4,0,0,formal,0,1,300000.0,49200.0,boarding,0,0,0,2.99,4,2.0446,1
SYN-0896,45100.0,4,0,0,deceased,0,1,501000.0,36900.0,boarding,1,0,0,2.62,3,0.4406,0
SYN-0897,22300.0,7,1,1,formal,0,0,0.0,32700.0,home,1,1,1,3.89,3,4.0464,1
SYN-0898,34300.0,4,3,1,informal,1,1,162000.0,38400.0,boarding,1,0,0,2.97,4,4.0236,1
SYN-0899,93000.0,2,0,0,deceased,0,0,0.0,27500.0,home,0,0,1,2.47,3,-5.209,0
SYN-0900,99200.0,4,2,1,informal,0,0,0.0,25200.0,home,0,0,0,2.6,3,-0.5933,0
SYN-0901,99900.0,5,1,0,informal,0,0,0.0,42300.0,hostel,1,0,1,2.91,4,-1.6764,0
SYN-0902,36700.0,3,1,1,unemployed,0,0,0.0,45400.0,hostel,1,0,0,3.87,3,2.015,1
SYN-0903,331300.0,3,1,1,formal,0,0,0.0,35800.0,home,0,0,0,2.98,3,-4.6546,0
SYN-0904,52200.0,5,0,0,informal,0,1,494000.0,37300.0,boarding,0,0,0,2.89,3,0.0216,0
SYN-0905,67900.0,7,3,3,retired,0,0,0.0,25000.0,home,0,0,0,3.4,3,2.1716,1
SYN-0906,26300.0,5,2,2,unemployed,0,1,231000.0,31200.0,home,0,0,0,3.44,3,4.2461,1
SYN-0907,72000.0,4,1,0,retired,0,0,0.0,30000.0,home,1,0,0,3.33,3,-0.5197,0
SYN-0908,36500.0,4,2,1,deceased,0,0,0.0,41100.0,boarding,1,0,0,3.13,4,2.7622,1
SYN-0909,144900.0,5,0,0,informal,0,1,523000.0,42900.0,boarding,1,0,0,2.59,3,-1.8895,0
SYN-0910,25000.0,4,1,1,unemployed,0,1,205000.0,35900.0,boarding,0,0,0,2.73,3,4.1181,1
SYN-0911,156500.0,6,4,3,informal,0,0,0.0,43100.0,hostel,0,1,0,2.28,3,0.6573,0
SYN-0912,100000.0,2,0,0,informal,0,0,0.0,46900.0,boarding,0,0,0,2.96,4,-4.2737,0
SYN-0913,32800.0,6,0,0,unemployed,0,1,530000.0,29200.0,home,0,0,0,2.87,3,4.0403,1
SYN-0914,45100.0,4,1,1,unemployed,0,0,0.0,33300.0,home,0,0,0,2.83,4,0.3496,0
SYN-0915,63000.0,8,0,0,retired,0,0,0.0,48200.0,boarding,0,0,0,3.17,4,-0.2579,0
SYN-0916,83500.0,5,1,1,formal,0,0,0.0,34700.0,home,1,0,0,2.77,3,-0.5387,0
SYN-0917,50200.0,3,2,1,informal,0,1,571000.0,22500.0,home,1,0,0,2.91,4,2.0979,1
SYN-0918,46700.0,4,1,1,formal,0,0,0.0,29400.0,home,1,0,0,2.85,3,0.9257,0
SYN-0919,60000.0,3,0,0,informal,0,0,0.0,35700.0,home,0,0,0,3.04,4,-2.7937,0
SYN-0920,12000.0,5,0,0,unemployed,0,1,315000.0,44400.0,boarding,1,0,0,3.2,4,8.5854,1
SYN-0921,86700.0,2,1,1,retired,0,0,0.0,42500.0,boarding,0,0,0,2.49,4,-1.9445,0
SYN-0922,36600.0,3,2,2,informal,0,1,118000.0,32500.0,boarding,0,0,0,3.24,3,2.2898,1
SYN-0923,64000.0,2,1,1,informal,0,0,0.0,44600.0,hostel,0,0,1,3.16,3,-2.2712,0
SYN-0924,98000.0,3,1,1,formal,0,0,0.0,48400.0,hostel,1,0,0,3.23,3,-1.0243,0
SYN-0925,108900.0,3,0,0,formal,0,0,0.0,22200.0,home,1,0,0,3.11,3,-2.7209,0
SYN-0926,25900.0,5,0,0,formal,0,0,0.0,45900.0,boarding,1,0,0,3.2,4,3.0401,1
SYN-0927,46000.0,6,0,0,deceased,0,1,328000.0,29400.0,home,0,0,0,2.88,3,0.4168,0
SYN-0928,81600.0,5,4,2,formal,1,0,0.0,37100.0,hostel,0,1,0,3.14,3,1.7665,1
SYN-0929,49800.0,5,2,1,deceased,0,0,0.0,38400.0,boarding,0,0,0,3.53,3,0.8793,0
SYN-0930,143800.0,3,1,1,formal,0,0,0.0,28400.0,home,1,0,0,2.84,4,-2.1018,0
SYN-0931,16600.0,5,1,0,unemployed,0,0,0.0,40800.0,boarding,1,0,0,2.86,3,4.7372,1
SYN-0932,18200.0,3,0,0,informal,0,0,0.0,49300.0,boarding,1,0,0,3.31,4,2.681,1
SYN-0933,37600.0,2,1,1,unemployed,1,0,0.0,51200.0,hostel,0,1,0,2.72,4,1.9018,1
SYN-0934,53700.0,4,0,0,informal,0,0,0.0,22500.0,home,0,0,0,2.75,3,-1.1397,0
SYN-0935,12000.0,4,1,1,unemployed,0,1,178000.0,21800.0,home,1,0,0,3.23,3,6.8415,1
SYN-0936,50000.0,6,2,0,retired,0,0,0.0,46500.0,hostel,0,0,0,2.87,4,1.7093,0
SYN-0937,110700.0,6,0,0,informal,0,0,0.0,42200.0,boarding,1,0,0,3.56,4,-1.144,0
SYN-0938,43900.0,4,2,0,formal,0,0,0.0,35500.0,home,0,0,0,2.85,3,1.1534,0
SYN-0939,178600.0,3,2,1,formal,1,0,0.0,51000.0,boarding,1,0,1,2.71,3,-2.8658,0
SYN-0940,12000.0,5,3,0,unemployed,1,1,158000.0,51300.0,boarding,1,1,0,2.95,3,9.4106,1
SYN-0941,75700.0,4,1,1,informal,0,0,0.0,27600.0,home,0,0,1,3.23,4,-2.1769,0
SYN-0942,28800.0,3,2,1,informal,0,0,0.0,35100.0,home,1,0,0,3.18,3,2.5439,1
SYN-0943,57600.0,5,1,1,informal,0,1,749000.0,32300.0,home,1,0,0,3.28,4,1.7316,0
SYN-0944,67000.0,4,1,1,informal,0,0,0.0,24000.0,home,0,0,0,2.82,3,-0.7022,0
SYN-0945,18800.0,5,1,0,retired,0,1,361000.0,19600.0,home,1,0,0,3.53,3,5.43,1
SYN-0946,158200.0,5,1,0,unemployed,0,0,0.0,30800.0,home,0,0,0,2.35,3,-2.9755,0
SYN-0947,18300.0,5,3,2,unemployed,1,0,0.0,33300.0,boarding,0,0,0,2.72,3,5.8831,1
SYN-0948,25500.0,4,3,1,unemployed,0,1,882000.0,36800.0,boarding,0,0,0,3.07,4,5.8885,1
SYN-0949,72500.0,5,3,0,retired,0,0,0.0,26200.0,home,1,0,0,2.76,3,-0.8445,0
SYN-0950,195700.0,3,1,0,informal,0,0,0.0,31200.0,home,0,0,0,2.92,4,-4.7401,0
SYN-0951,70100.0,4,0,0,deceased,0,0,0.0,37000.0,home,1,0,0,2.64,3,-1.2081,0
SYN-0952,35500.0,9,3,2,formal,0,1,365000.0,30100.0,home,1,0,1,2.96,3,5.727,1
SYN-0953,63300.0,3,0,0,informal,0,0,0.0,45000.0,hostel,1,0,1,3.24,3,-1.41,0
SYN-0954,12000.0,3,2,0,unemployed,1,1,527000.0,18600.0,home,0,0,0,2.83,3,7.0097,1
SYN-0955,118500.0,5,1,1,informal,0,0,0.0,50500.0,hostel,0,0,1,2.68,4,-1.616,0
SYN-0956,35800.0,3,0,0,formal,0,1,259000.0,41700.0,boarding,0,0,0,2.86,3,0.005,0
SYN-0957,46400.0,4,1,1,informal,0,1,340000.0,45000.0,hostel,0,1,0,3.41,3,3.5731,1
SYN-0958,51900.0,5,2,2,informal,1,0,0.0,54400.0,hostel,0,0,0,3.51,3,2.2229,1
SYN-0959,69700.0,4,0,0,retired,0,0,0.0,41500.0,hostel,0,0,0,2.85,4,-1.4472,0
SYN-0960,76200.0,3,1,1,formal,0,0,0.0,37700.0,boarding,0,0,0,3.26,3,-2.6061,0
SYN-0961,146100.0,5,2,1,formal,1,0,0.0,28700.0,home,0,1,0,2.94,4,-0.7261,0
SYN-0962,83800.0,5,1,1,informal,0,1,351000.0,38400.0,boarding,1,1,0,3.49,4,1.3069,0
SYN-0963,80200.0,4,0,0,informal,0,1,231000.0,33000.0,home,1,1,0,3.03,4,-1.0181,0
SYN-0964,44800.0,3,0,0,formal,0,1,376000.0,32600.0,home,0,0,0,2.97,3,-0.6358,0
SYN-0965,132300.0,5,1,1,informal,1,0,0.0,53800.0,hostel,0,0,0,3.72,3,-1.7609,0
SYN-0966,46400.0,3,0,0,informal,0,0,0.0,44300.0,boarding,0,0,1,2.66,4,-2.0019,0
SYN-0967,178500.0,5,0,0,formal,0,0,0.0,29400.0,home,1,1,0,3.08,3,-2.8906,0
SYN-0968,219400.0,4,2,1,informal,0,0,0.0,46100.0,hostel,0,0,0,3.62,4,-3.7523,0
SYN-0969,74600.0,5,0,0,informal,0,0,0.0,32500.0,home,1,0,0,3.33,4,-1.1642,0
SYN-0970,75100.0,4,0,0,retired,0,1,354000.0,47000.0,hostel,1,0,0,2.73,4,-0.627,0
SYN-0971,12000.0,2,1,1,informal,0,1,385000.0,41800.0,boarding,1,0,0,2.71,3,7.4602,1
SYN-0972,61700.0,6,0,0,formal,0,0,0.0,32800.0,home,1,0,0,2.46,4,-0.313,0
SYN-0973,88700.0,7,1,1,deceased,0,0,0.0,30800.0,home,0,0,0,3.67,3,-0.7084,0
SYN-0974,67400.0,4,1,1,informal,1,0,0.0,49700.0,hostel,1,0,0,2.57,4,0.3119,0
SYN-0975,45000.0,7,0,0,formal,0,0,0.0,25600.0,home,0,0,0,3.35,4,0.7107,0
SYN-0976,33400.0,5,1,1,retired,1,0,0.0,55400.0,hostel,0,0,0,2.45,3,2.8133,1
SYN-0977,12200.0,4,3,0,formal,1,0,0.0,23900.0,home,1,1,0,4.0,3,7.2205,1
SYN-0978,68500.0,4,3,2,retired,0,0,0.0,32400.0,home,0,0,0,2.48,3,0.9759,0
SYN-0979,12000.0,5,1,1,unemployed,0,0,0.0,38800.0,boarding,1,0,0,3.07,3,6.488,1
SYN-0980,64900.0,5,4,2,deceased,1,0,0.0,47500.0,boarding,0,0,0,3.56,3,2.2535,1
SYN-0981,92800.0,3,1,1,deceased,0,0,0.0,34900.0,home,0,0,0,2.75,3,-1.9066,0
SYN-0982,67800.0,3,1,0,formal,0,0,0.0,41500.0,boarding,0,0,0,3.29,3,-1.2484,0
SYN-0983,44500.0,3,2,2,unemployed,0,1,267000.0,38600.0,home,0,0,0,2.93,3,1.7565,1
SYN-0984,60900.0,3,1,1,formal,0,0,0.0,29000.0,home,1,0,0,3.21,3,-0.5457,0
SYN-0985,59300.0,3,2,2,informal,1,0,0.0,52800.0,hostel,0,0,0,3.5,4,0.548,0
SYN-0986,29900.0,6,0,0,informal,0,1,425000.0,37500.0,boarding,1,0,0,2.87,3,2.712,1
SYN-0987,96700.0,3,2,1,formal,0,1,456000.0,43700.0,boarding,1,0,0,3.68,4,-0.5,0
SYN-0988,27800.0,3,1,1,formal,0,0,0.0,36400.0,boarding,1,0,0,3.2,4,1.2855,0
SYN-0989,32200.0,4,1,0,formal,0,0,0.0,41600.0,boarding,0,0,0,3.87,4,2.1236,1
SYN-0990,82300.0,3,0,0,formal,0,0,0.0,29700.0,home,0,0,0,2.7,3,-3.5206,0
SYN-0991,78300.0,3,2,0,formal,0,0,0.0,52800.0,hostel,0,0,0,2.78,3,-0.6698,0
SYN-0992,45600.0,5,4,1,retired,1,1,212000.0,26300.0,home,0,0,0,2.95,3,2.8368,1
SYN-0993,39400.0,5,0,0,informal,0,1,319000.0,64900.0,hostel,1,0,0,2.54,3,2.521,1
SYN-0994,153900.0,4,3,2,retired,0,1,255000.0,40400.0,hostel,0,0,1,3.44,3,-2.0467,0
SYN-0995,42900.0,4,3,2,retired,1,0,0.0,42800.0,boarding,0,0,0,3.02,3,1.9714,1
SYN-0996,27400.0,4,2,2,unemployed,1,1,408000.0,43100.0,boarding,0,1,0,2.47,4,6.8209,1
SYN-0997,62700.0,5,0,0,informal,0,0,0.0,33000.0,home,1,0,0,2.7,3,-1.1717,0
SYN-0998,94700.0,3,1,1,retired,0,0,0.0,27200.0,home,0,0,0,2.68,3,-1.8181,0
SYN-0999,35800.0,5,2,1,unemployed,0,1,329000.0,42800.0,boarding,1,1,0,3.34,3,5.5024,1
SYN-1000,33300.0,4,0,0,unemployed,0,0,0.0,26900.0,home,1,1,0,3.14,3,0.3772,0
SYN-1001,81800.0,4,2,2,retired,0,0,0.0,40300.0,home,0,0,0,2.99,3,0.3203,0
SYN-1002,20600.0,4,2,2,informal,0,0,0.0,38000.0,boarding,1,1,0,2.8,3,4.8528,1
SYN-1003,21100.0,6,2,2,informal,0,1,440000.0,29200.0,home,1,0,0,2.95,4,6.7039,1
SYN-1004,52300.0,5,1,1,retired,0,0,0.0,26400.0,home,0,0,0,3.8,4,-0.7694,0
SYN-1005,50500.0,4,0,0,informal,0,1,364000.0,37100.0,boarding,1,0,0,2.95,4,-0.2699,0
SYN-1006,75100.0,3,0,0,retired,0,0,0.0,22300.0,home,0,0,0,3.41,4,-4.0483,0
SYN-1007,69400.0,6,1,1,formal,0,0,0.0,33700.0,home,1,0,0,2.91,4,-0.2319,0
SYN-1008,121200.0,5,3,1,formal,0,0,0.0,26300.0,home,0,0,0,3.76,3,-1.104,0
SYN-1009,36400.0,6,1,0,informal,0,0,0.0,37100.0,boarding,0,0,0,2.54,4,0.9545,0
SYN-1010,87500.0,7,1,1,formal,0,0,0.0,42700.0,hostel,0,0,0,3.39,3,-1.5121,0
SYN-1011,23100.0,2,1,1,deceased,0,1,196000.0,31700.0,home,0,0,0,2.73,4,1.6986,0
SYN-1012,108900.0,3,0,0,formal,0,1,134000.0,41600.0,boarding,0,0,1,3.98,3,-3.9015,0
SYN-1013,12000.0,8,2,1,unemployed,1,0,0.0,30100.0,home,0,0,1,3.34,3,6.798,1
SYN-1014,83100.0,3,2,0,formal,0,0,0.0,37300.0,boarding,1,0,0,2.33,3,-1.0376,0
SYN-1015,16800.0,4,3,0,deceased,0,1,130000.0,32400.0,home,1,0,0,2.66,3,6.8825,1
SYN-1016,58400.0,6,0,0,informal,0,0,0.0,44400.0,hostel,0,0,0,3.34,4,-0.521,0
SYN-1017,144000.0,4,2,1,formal,0,0,0.0,41900.0,boarding,0,0,0,3.33,4,-1.961,0
SYN-1018,56000.0,4,3,2,formal,1,0,0.0,40700.0,boarding,1,0,0,3.29,4,2.0577,1
SYN-1019,29200.0,4,3,0,informal,0,0,0.0,20700.0,home,0,0,0,3.12,4,1.3856,0
SYN-1020,33400.0,3,1,1,deceased,0,1,189000.0,59200.0,hostel,0,0,0,2.92,4,2.5035,1
SYN-1021,21200.0,4,3,0,deceased,0,0,0.0,33200.0,home,0,0,0,3.51,4,3.8359,1
SYN-1022,34600.0,5,1,0,formal,0,0,0.0,42500.0,boarding,0,0,0,2.69,4,1.6556,0
SYN-1023,77000.0,2,1,0,informal,0,0,0.0,43400.0,boarding,0,0,0,3.07,4,-2.2479,0
SYN-1024,119800.0,5,2,1,formal,0,0,0.0,52800.0,boarding,0,0,0,2.79,3,-0.4819,0
SYN-1025,71700.0,4,0,0,informal,0,0,0.0,54300.0,hostel,1,0,0,2.76,4,-1.2458,0
SYN-1026,100500.0,4,1,1,informal,0,0,0.0,43400.0,boarding,0,0,0,2.86,3,-1.6339,0
SYN-1027,68200.0,4,0,0,formal,0,0,0.0,37600.0,boarding,1,0,0,2.74,3,-0.7768,0
SYN-1028,62100.0,3,1,1,informal,0,0,0.0,27000.0,home,0,0,1,3.28,3,-1.9478,0
SYN-1029,23600.0,3,1,1,retired,0,1,306000.0,20100.0,home,1,0,0,2.43,4,4.1916,1
SYN-1030,69100.0,5,1,1,formal,0,0,0.0,39500.0,boarding,0,0,0,3.23,4,-1.0558,0
SYN-1031,42500.0,3,1,1,formal,0,1,288000.0,45100.0,boarding,0,0,0,2.78,3,0.7664,0
SYN-1032,55300.0,5,0,0,formal,0,0,0.0,45000.0,boarding,0,0,0,3.06,3,-1.726,0
SYN-1033,92400.0,2,1,1,formal,0,0,0.0,44900.0,boarding,0,0,0,2.98,4,-2.3248,0
SYN-1034,46300.0,6,1,1,formal,1,0,0.0,38700.0,boarding,1,0,0,2.84,4,2.3575,1
SYN-1035,389400.0,4,1,1,informal,0,0,0.0,33000.0,home,0,0,0,3.56,3,-5.557,0
SYN-1036,32700.0,7,2,1,formal,0,0,0.0,34500.0,home,1,0,1,2.89,4,2.2711,1
SYN-1037,24300.0,3,0,0,unemployed,0,1,270000.0,35800.0,hostel,1,0,0,3.35,4,2.4482,1
SYN-1038,24900.0,4,1,1,retired,0,0,0.0,31700.0,home,0,0,0,3.35,3,1.89,1
SYN-1039,30500.0,4,1,1,deceased,0,1,526000.0,41400.0,home,1,0,0,2.94,3,3.6433,1
SYN-1040,46500.0,4,2,2,informal,0,0,0.0,39900.0,boarding,1,0,0,2.52,3,1.6126,0
SYN-1041,140100.0,6,0,0,formal,0,0,0.0,16100.0,home,0,0,0,2.68,4,-2.1544,0
SYN-1042,49500.0,5,3,1,formal,1,0,0.0,37000.0,boarding,0,0,0,3.59,4,1.45,0
SYN-1043,79200.0,7,2,1,formal,0,0,0.0,31500.0,boarding,0,0,0,3.26,4,0.0528,0
SYN-1044,29800.0,6,2,1,deceased,0,0,0.0,38000.0,boarding,1,0,0,3.11,4,3.1067,1
SYN-1045,17500.0,3,0,0,deceased,0,0,0.0,41300.0,hostel,1,1,0,2.71,3,3.3613,1
SYN-1046,39300.0,4,1,1,informal,0,0,0.0,53100.0,hostel,1,0,0,3.78,3,1.5743,0
SYN-1047,71300.0,4,0,0,formal,0,0,0.0,45800.0,boarding,0,0,0,2.69,4,-2.1132,0
SYN-1048,75200.0,6,2,2,informal,0,0,0.0,49900.0,hostel,0,0,0,3.11,3,0.7716,0
SYN-1049,93300.0,4,2,1,formal,0,0,0.0,36700.0,home,1,0,0,3.26,4,-0.8482,0
SYN-1050,42500.0,4,1,1,deceased,0,1,343000.0,26900.0,home,0,0,0,2.5,4,0.7919,0
SYN-1051,59800.0,3,0,0,formal,0,0,0.0,41900.0,boarding,1,0,0,2.73,3,-2.7702,0
SYN-1052,21800.0,3,0,0,informal,0,1,218000.0,53600.0,boarding,1,0,0,2.86,3,2.5271,1
SYN-1053,75700.0,6,0,0,informal,0,0,0.0,33200.0,home,1,0,0,3.41,4,-1.3061,0
SYN-1054,46800.0,3,1,1,formal,0,1,391000.0,33200.0,home,1,0,0,2.87,3,1.2599,0
SYN-1055,108800.0,7,3,0,informal,0,0,0.0,25800.0,home,0,0,0,2.45,3,-1.4264,0
SYN-1056,112500.0,5,2,1,retired,0,0,0.0,27700.0,home,0,0,0,2.41,4,-1.5545,0
SYN-1057,61900.0,6,1,1,formal,0,0,0.0,24500.0,home,1,0,1,2.73,3,-0.5689,0
SYN-1058,41100.0,3,0,0,informal,0,1,410000.0,57200.0,hostel,0,0,0,2.42,3,0.501,0
SYN-1059,71500.0,6,1,1,informal,0,0,0.0,39400.0,hostel,0,0,0,3.37,4,0.9061,0
SYN-1060,106600.0,6,0,0,formal,0,0,0.0,46500.0,boarding,0,0,0,3.39,3,-2.5475,0
SYN-1061,74000.0,7,0,0,formal,0,0,0.0,44700.0,boarding,0,0,0,3.05,3,-1.5794,0
SYN-1062,50300.0,7,1,1,formal,0,0,0.0,21200.0,home,1,0,1,2.94,4,0.0357,0
SYN-1063,120000.0,6,1,0,formal,0,0,0.0,47800.0,boarding,0,0,0,3.36,3,-1.9666,0
SYN-1064,53300.0,2,1,1,informal,1,1,271000.0,40100.0,boarding,1,0,0,3.34,3,-0.1159,0
SYN-1065,45100.0,4,1,1,retired,0,0,0.0,34200.0,boarding,0,0,0,2.64,4,0.3776,0
SYN-1066,12000.0,4,0,0,unemployed,0,0,0.0,32000.0,home,1,0,1,2.69,4,3.5018,1
SYN-1067,62200.0,6,2,1,deceased,0,0,0.0,43500.0,hostel,0,0,0,3.35,3,0.2098,0
SYN-1068,36900.0,3,1,1,informal,0,0,0.0,46900.0,hostel,1,0,0,3.16,4,0.669,0
SYN-1069,29300.0,4,1,1,unemployed,0,1,280000.0,27200.0,home,1,0,0,3.31,3,3.0535,1
SYN-1070,78400.0,5,0,0,informal,0,0,0.0,43200.0,hostel,0,0,0,2.67,4,-1.3333,0
SYN-1071,31100.0,3,0,0,formal,0,1,339000.0,23500.0,home,0,0,0,2.73,4,1.4395,0
SYN-1072,92000.0,6,1,1,formal,0,0,0.0,52400.0,hostel,0,0,0,3.24,4,-0.0465,0
SYN-1073,95800.0,3,0,0,informal,0,0,0.0,43300.0,boarding,0,0,0,2.76,3,-4.057,0
SYN-1074,55800.0,4,2,1,retired,1,0,0.0,31400.0,home,0,0,0,2.41,3,0.0023,0
SYN-1075,60000.0,5,1,1,informal,0,0,0.0,28000.0,home,1,0,0,2.77,3,-0.5339,0
SYN-1076,29700.0,4,2,0,formal,0,0,0.0,41800.0,boarding,0,0,0,2.96,4,1.9091,1
SYN-1077,97700.0,3,2,2,deceased,0,1,236000.0,44000.0,hostel,0,1,0,3.66,4,-0.6733,0
SYN-1078,110300.0,6,1,1,formal,0,0,0.0,43900.0,hostel,0,0,1,2.7,3,-2.1105,0
SYN-1079,19500.0,5,1,1,deceased,0,0,0.0,39400.0,home,1,0,0,3.02,3,4.3267,1
SYN-1080,27600.0,3,0,0,retired,0,0,0.0,52900.0,hostel,1,0,0,3.91,3,1.6961,0
SYN-1081,62000.0,3,1,1,retired,0,0,0.0,38400.0,boarding,0,0,0,2.59,3,-0.6303,0
SYN-1082,79300.0,9,1,1,retired,0,0,0.0,21800.0,home,0,0,0,3.33,4,0.0969,0
SYN-1083,67300.0,2,1,1,formal,0,0,0.0,20600.0,home,0,0,0,2.75,4,-2.3403,0
SYN-1084,113600.0,2,1,1,informal,0,0,0.0,44500.0,hostel,0,0,0,3.22,4,-2.9859,0
SYN-1085,12500.0,4,0,0,unemployed,0,0,0.0,42100.0,boarding,0,0,0,4.0,4,4.8368,1
SYN-1086,18800.0,4,2,0,unemployed,0,1,330000.0,30700.0,home,0,1,0,3.28,4,6.8109,1
SYN-1087,28300.0,5,2,2,formal,0,0,0.0,42300.0,boarding,0,1,0,3.01,3,4.7738,1
SYN-1088,38700.0,6,1,1,formal,1,0,0.0,49800.0,hostel,0,0,0,2.65,4,2.6947,1
SYN-1089,201700.0,5,0,0,formal,0,0,0.0,24300.0,home,0,0,0,2.98,3,-4.3515,0
SYN-1090,125700.0,3,2,0,informal,1,1,389000.0,38300.0,home,1,0,0,2.81,3,-1.1248,0
SYN-1091,82100.0,6,1,1,informal,0,0,0.0,28900.0,home,0,0,0,2.44,4,-1.0118,0
SYN-1092,30000.0,4,1,0,retired,0,1,519000.0,31600.0,home,1,0,0,2.16,3,3.827,1
SYN-1093,23100.0,6,1,1,unemployed,0,0,0.0,26400.0,home,1,0,0,2.7,4,3.6723,1
SYN-1094,93600.0,2,1,1,informal,0,0,0.0,43200.0,boarding,0,0,0,3.04,3,-1.6608,0
SYN-1095,29100.0,5,0,0,formal,0,0,0.0,41400.0,home,1,0,1,3.52,3,1.5477,0
SYN-1096,41100.0,5,0,0,informal,0,1,271000.0,42600.0,hostel,1,0,0,2.74,3,1.8604,1
SYN-1097,193700.0,7,1,0,formal,0,0,0.0,41900.0,hostel,0,0,0,3.13,3,-2.1755,0
SYN-1098,49500.0,7,3,1,formal,0,0,0.0,25200.0,home,0,0,0,2.34,3,0.8963,0
SYN-1099,45500.0,3,1,1,formal,0,0,0.0,28200.0,home,1,0,0,2.71,3,0.74,0
SYN-1100,69100.0,3,2,0,formal,0,0,0.0,27100.0,home,1,0,0,2.02,3,-0.7691,0
SYN-1101,80200.0,4,3,1,formal,0,0,0.0,35800.0,boarding,1,0,0,3.99,3,0.2278,0
SYN-1102,51200.0,4,0,0,informal,0,1,391000.0,41200.0,boarding,0,0,0,3.13,3,0.0219,0
SYN-1103,91800.0,8,0,0,formal,0,0,0.0,50100.0,boarding,0,0,0,3.12,3,-1.7147,0
SYN-1104,95900.0,5,1,1,formal,0,0,0.0,40700.0,boarding,1,0,0,3.27,4,-0.2568,0
SYN-1105,186400.0,4,3,2,formal,1,0,0.0,41000.0,boarding,0,0,0,4.0,4,-1.0783,0
SYN-1106,52500.0,4,1,1,informal,0,0,0.0,43400.0,boarding,1,0,0,2.87,3,0.0654,0
SYN-1107,55000.0,7,1,1,informal,0,0,0.0,51600.0,hostel,1,0,0,2.64,4,1.412,0
SYN-1108,203900.0,3,2,0,formal,0,0,0.0,55600.0,hostel,0,0,0,3.89,4,-3.7426,0
SYN-1109,50700.0,3,0,0,formal,0,0,0.0,42800.0,boarding,1,0,0,2.53,3,-2.221,0
SYN-1110,18200.0,6,1,1,deceased,0,0,0.0,30000.0,home,1,0,0,3.6,4,3.9244,1
SYN-1111,82800.0,4,0,0,informal,0,0,0.0,36000.0,boarding,0,0,0,3.02,4,-3.2078,0
SYN-1112,130400.0,5,2,0,informal,0,0,0.0,52100.0,hostel,0,0,0,3.23,3,-1.8912,0
SYN-1113,88000.0,4,3,2,informal,0,0,0.0,36900.0,boarding,0,0,1,2.45,3,0.5975,0
SYN-1114,51700.0,4,1,1,retired,0,0,0.0,36700.0,boarding,0,0,0,4.0,4,-0.4717,0
SYN-1115,19200.0,3,0,0,retired,0,0,0.0,31100.0,home,1,0,0,2.89,3,2.0068,1
SYN-1116,54500.0,3,1,1,informal,0,1,441000.0,50000.0,boarding,1,1,0,2.66,3,1.366,0
SYN-1117,65900.0,7,0,0,unemployed,0,0,0.0,52000.0,hostel,0,0,0,3.28,3,-0.411,0
SYN-1118,34800.0,4,1,1,formal,0,1,394000.0,47800.0,hostel,1,0,0,2.78,3,2.8882,1
SYN-1119,63100.0,2,0,0,informal,0,0,0.0,24600.0,home,0,0,0,3.23,3,-3.0328,0
SYN-1120,58300.0,4,0,0,informal,0,0,0.0,38400.0,home,0,1,1,2.42,3,-0.0197,0
SYN-1121,46800.0,5,2,1,formal,0,0,0.0,29700.0,home,1,0,0,3.11,4,1.2453,0
SYN-1122,55500.0,4,2,2,deceased,0,0,0.0,28400.0,home,0,0,0,2.8,3,0.8557,0
SYN-1123,54300.0,4,1,1,retired,0,0,0.0,44600.0,boarding,1,0,0,2.72,4,0.4851,0
SYN-1124,111700.0,2,1,1,formal,0,0,0.0,27500.0,home,0,0,0,2.65,4,-3.2481,0
SYN-1125,28300.0,3,1,1,deceased,0,0,0.0,37400.0,boarding,0,0,0,3.42,3,2.0915,1
SYN-1126,35600.0,4,1,1,formal,0,0,0.0,37900.0,boarding,0,0,0,2.9,4,0.7517,0
SYN-1127,83400.0,4,2,1,informal,0,0,0.0,37900.0,boarding,0,0,0,2.97,4,-1.6737,0
SYN-1128,41300.0,6,1,1,retired,0,1,509000.0,35300.0,boarding,0,0,0,3.23,3,2.4314,1
SYN-1129,241900.0,6,1,1,formal,0,0,0.0,41200.0,hostel,0,0,0,3.53,3,-2.9414,0
SYN-1130,203400.0,5,0,0,informal,0,0,0.0,35300.0,home,0,0,0,2.66,3,-4.3472,0
SYN-1131,215700.0,5,0,0,informal,0,0,0.0,33700.0,home,0,0,1,3.14,4,-4.5756,0
SYN-1132,40900.0,5,0,0,formal,0,1,93000.0,37000.0,boarding,1,0,0,2.67,3,0.9604,0
SYN-1133,98700.0,3,2,1,informal,0,0,0.0,34900.0,home,0,0,0,2.96,4,-1.389,0
SYN-1134,142100.0,3,0,0,formal,0,0,0.0,31700.0,home,0,0,0,3.5,4,-3.8047,0
SYN-1135,61500.0,4,2,0,informal,1,0,0.0,46200.0,hostel,1,0,1,2.06,4,0.9029,0
SYN-1136,72400.0,3,0,0,formal,0,0,0.0,34800.0,boarding,0,0,0,2.66,4,-3.2452,0
SYN-1137,177800.0,4,1,1,formal,0,0,0.0,31900.0,home,0,0,0,2.95,3,-2.7696,0
SYN-1138,26100.0,5,1,1,unemployed,0,0,0.0,51800.0,boarding,1,0,0,3.21,3,3.4037,1
SYN-1139,94400.0,6,1,1,formal,0,0,0.0,30100.0,home,0,0,0,3.56,3,-1.8056,0
SYN-1140,24200.0,5,0,0,informal,0,1,364000.0,35500.0,home,1,0,0,2.34,3,4.3155,1
SYN-1141,47700.0,3,2,2,unemployed,0,0,0.0,28800.0,home,0,0,0,3.64,4,1.7744,1
SYN-1142,20900.0,4,1,1,unemployed,1,0,0.0,35100.0,home,0,0,0,3.27,4,2.8111,1
SYN-1143,113600.0,5,1,0,formal,0,0,0.0,29200.0,home,0,0,0,2.95,4,-2.4708,0
SYN-1144,48400.0,4,0,0,retired,0,1,245000.0,28300.0,boarding,1,1,0,2.33,3,-0.0747,0
SYN-1145,28800.0,4,0,0,unemployed,0,1,882000.0,26000.0,home,1,0,0,2.81,3,3.4434,1
SYN-1146,61800.0,5,2,1,formal,1,0,0.0,30700.0,home,0,0,0,3.48,3,0.6166,0
SYN-1147,51500.0,9,0,0,unemployed,0,1,276000.0,36000.0,home,0,0,0,3.06,3,2.7283,1
SYN-1148,30000.0,3,2,2,unemployed,0,1,195000.0,29200.0,home,0,0,0,2.97,4,2.799,1
SYN-1149,32400.0,4,1,0,informal,0,0,0.0,41700.0,boarding,0,0,0,2.64,4,1.5469,0
SYN-1150,77000.0,4,1,1,informal,0,0,0.0,26800.0,home,1,0,0,3.36,4,-0.8697,0
SYN-1151,21400.0,4,2,2,unemployed,0,0,0.0,50100.0,boarding,0,0,1,2.99,4,5.3396,1
SYN-1152,18200.0,5,0,0,deceased,0,1,189000.0,49800.0,boarding,1,1,0,2.85,3,6.6379,1
SYN-1153,32100.0,6,1,1,informal,0,0,0.0,26300.0,home,1,0,0,3.01,3,1.9395,1
SYN-1154,63800.0,9,5,0,retired,0,0,0.0,33200.0,boarding,0,0,1,2.78,4,1.3436,0
SYN-1155,17800.0,4,1,1,unemployed,1,1,407000.0,31600.0,boarding,1,0,0,2.71,3,7.0348,1
SYN-1156,13200.0,5,1,1,retired,0,1,804000.0,44800.0,boarding,1,0,0,2.41,3,9.2206,1
SYN-1157,22000.0,4,1,1,deceased,1,0,0.0,30700.0,home,1,0,1,2.79,3,3.0752,1
SYN-1158,167400.0,2,0,0,formal,0,0,0.0,25700.0,home,0,0,0,2.29,4,-6.4958,0
SYN-1159,68700.0,4,1,0,formal,0,0,0.0,43000.0,boarding,0,0,0,3.25,4,-0.9685,0
SYN-1160,51400.0,4,1,1,informal,0,0,0.0,41200.0,hostel,1,0,0,2.77,3,0.562,0
SYN-1161,128100.0,3,2,0,informal,0,0,0.0,34400.0,home,0,0,0,2.89,4,-2.9833,0
SYN-1162,111800.0,2,0,0,informal,0,0,0.0,39400.0,boarding,0,0,0,3.03,3,-4.465,0
SYN-1163,74600.0,5,0,0,retired,0,1,254000.0,24100.0,home,1,0,0,2.71,3,-2.2279,0
SYN-1164,12000.0,5,1,1,deceased,0,0,0.0,46000.0,hostel,1,0,0,2.56,3,6.1262,1
SYN-1165,187200.0,4,1,1,informal,0,0,0.0,27800.0,home,0,0,0,3.14,3,-3.0466,0
SYN-1166,34200.0,4,2,1,unemployed,1,0,0.0,43500.0,boarding,0,0,0,3.84,4,2.8683,1
SYN-1167,340700.0,5,1,1,formal,0,0,0.0,47900.0,boarding,0,0,0,3.43,3,-3.9594,0
SYN-1168,46900.0,6,1,0,informal,0,0,0.0,47600.0,boarding,0,0,0,3.59,3,0.1298,0
SYN-1169,26000.0,4,1,0,formal,0,0,0.0,42400.0,boarding,1,0,0,2.5,4,1.3304,0
SYN-1170,56500.0,5,1,1,informal,0,0,0.0,40500.0,boarding,1,0,0,2.97,3,0.8734,0
SYN-1171,62000.0,6,2,2,informal,0,0,0.0,38400.0,boarding,0,0,0,2.97,4,1.1283,0
SYN-1172,37400.0,3,0,0,unemployed,0,0,0.0,31800.0,boarding,1,0,0,3.65,3,-0.3609,0
SYN-1173,130300.0,7,0,0,informal,0,0,0.0,29900.0,home,0,0,0,3.44,3,-1.4951,0
SYN-1174,83900.0,5,1,1,formal,0,0,0.0,43300.0,hostel,0,0,0,2.98,3,-1.8726,0
SYN-1175,77100.0,4,0,0,formal,0,0,0.0,36700.0,home,0,0,0,2.09,4,-1.2487,0
SYN-1176,117300.0,2,1,1,formal,0,0,0.0,28900.0,home,0,0,0,2.56,3,-3.5241,0
SYN-1177,32800.0,4,0,0,deceased,0,0,0.0,34100.0,home,1,0,0,3.32,3,0.9041,0
SYN-1178,31300.0,5,1,1,deceased,0,0,0.0,38800.0,boarding,1,1,0,2.82,3,3.1876,1
SYN-1179,121400.0,4,2,0,formal,0,0,0.0,26300.0,home,1,1,0,2.9,4,-1.587,0
SYN-1180,176000.0,3,1,1,formal,0,0,0.0,44800.0,boarding,0,0,0,3.31,4,-4.4278,0
SYN-1181,73600.0,5,2,1,informal,1,0,0.0,43000.0,boarding,1,0,0,3.53,4,0.1782,0
SYN-1182,23800.0,3,2,2,unemployed,0,0,0.0,31800.0,home,1,0,0,2.72,4,3.5407,1
SYN-1183,21200.0,3,0,0,formal,0,0,0.0,29500.0,home,1,0,0,3.3,3,1.3225,0
SYN-1184,63300.0,3,1,1,formal,0,0,0.0,52300.0,hostel,1,0,0,3.73,3,-0.0193,0
SYN-1185,47600.0,5,2,2,informal,0,1,1309000.0,45000.0,boarding,0,0,0,3.65,3,4.1125,1
SYN-1186,46000.0,6,2,1,formal,1,1,248000.0,36000.0,hostel,1,0,0,2.83,3,3.4718,1
SYN-1187,43800.0,3,2,2,formal,1,0,0.0,28600.0,home,0,0,0,3.17,3,1.4454,0
SYN-1188,48900.0,2,1,1,formal,1,0,0.0,53600.0,hostel,1,0,0,3.37,4,0.5809,0
SYN-1189,40700.0,2,1,0,informal,0,0,0.0,42400.0,hostel,0,0,0,3.06,3,-0.3196,0
SYN-1190,25700.0,7,3,2,informal,1,0,0.0,32200.0,boarding,0,0,0,2.95,4,4.134,1
SYN-1191,134500.0,3,1,1,formal,0,0,0.0,40700.0,boarding,1,0,0,2.32,3,-2.5397,0
SYN-1192,42300.0,7,0,0,informal,0,1,439000.0,32900.0,home,0,0,0,2.69,4,2.3576,1
SYN-1193,72200.0,5,0,0,informal,0,0,0.0,39000.0,boarding,0,0,0,2.76,3,-1.1297,0
SYN-1194,92200.0,2,0,0,retired,0,0,0.0,55100.0,hostel,0,0,0,2.52,4,-3.136,0
SYN-1195,62400.0,3,0,0,deceased,0,0,0.0,51600.0,boarding,1,0,0,3.1,4,-2.0901,0
SYN-1196,76500.0,5,3,0,formal,1,1,501000.0,19400.0,home,1,0,0,3.41,3,0.1532,0
SYN-1197,64400.0,2,1,1,retired,0,0,0.0,27900.0,home,0,0,0,2.87,3,-1.0442,0
SYN-1198,38800.0,7,2,2,unemployed,0,1,232000.0,28900.0,boarding,1,0,0,2.12,4,2.9767,1
SYN-1199,51200.0,3,2,1,unemployed,1,1,393000.0,45100.0,boarding,0,0,0,3.0,4,2.1916,1
SYN-1200,91200.0,4,2,2,informal,0,0,0.0,37800.0,boarding,0,0,0,3.17,4,-1.0916,0
SYN-1201,32000.0,6,2,1,formal,0,0,0.0,45400.0,hostel,0,0,0,3.14,3,2.3348,1
SYN-1202,47400.0,3,1,0,formal,1,1,404000.0,36300.0,home,0,0,0,2.75,4,0.4793,0
SYN-1203,71000.0,4,0,0,deceased,0,0,0.0,22700.0,home,0,0,0,2.54,4,-3.0245,0
SYN-1204,39900.0,2,1,1,informal,0,0,0.0,21300.0,home,1,0,0,3.42,3,-0.8673,0
SYN-1205,137200.0,6,1,1,informal,0,0,0.0,35500.0,hostel,1,0,0,3.2,4,-2.6074,0
SYN-1206,69700.0,4,3,2,informal,0,0,0.0,48500.0,boarding,0,0,0,2.76,3,1.2216,0
SYN-1207,66400.0,5,1,1,formal,1,0,0.0,47200.0,boarding,0,1,0,2.32,3,1.171,0
SYN-1208,127400.0,6,0,0,formal,0,0,0.0,46400.0,hostel,1,1,0,3.04,3,-1.6524,0
SYN-1209,50900.0,4,1,1,informal,0,1,167000.0,23000.0,home,1,0,1,2.67,4,0.4397,0
SYN-1210,79500.0,4,1,0,informal,0,0,0.0,34600.0,home,0,0,0,3.21,3,-1.7708,0
SYN-1211,89500.0,3,1,0,retired,0,0,0.0,56700.0,boarding,0,0,0,3.12,3,-2.488,0
SYN-1212,32100.0,6,0,0,informal,0,1,749000.0,28700.0,home,0,0,0,3.92,4,4.2883,1
SYN-1213,34600.0,3,2,1,informal,1,0,0.0,34900.0,boarding,1,0,1,3.02,3,0.8067,0
SYN-1214,67100.0,3,1,1,retired,0,0,0.0,36800.0,home,1,0,0,3.89,3,-1.7453,0
SYN-1215,91200.0,4,0,0,formal,0,0,0.0,23800.0,home,0,0,0,3.08,4,-2.0703,0
SYN-1216,58500.0,4,2,1,unemployed,0,0,0.0,39500.0,boarding,1,1,0,2.67,4,1.6665,0
SYN-1217,12000.0,3,2,2,unemployed,1,0,0.0,15500.0,home,0,0,0,2.61,3,3.6961,1
SYN-1218,34700.0,3,0,0,formal,0,0,0.0,46300.0,hostel,0,0,0,2.68,3,-0.1004,0
SYN-1219,104800.0,4,0,0,formal,0,0,0.0,23000.0,home,1,0,1,3.23,3,-4.0789,0
SYN-1220,110500.0,4,1,1,formal,0,0,0.0,54900.0,hostel,1,0,0,3.1,4,-0.9326,0
SYN-1221,44400.0,5,3,2,formal,1,0,0.0,24600.0,home,1,1,1,2.18,3,3.2611,1
SYN-1222,89900.0,6,1,1,informal,0,0,0.0,52300.0,hostel,0,0,0,3.48,3,0.3943,0
SYN-1223,132600.0,4,0,0,formal,0,0,0.0,40900.0,boarding,0,0,0,3.67,4,-3.7263,0
SYN-1224,36000.0,5,2,1,informal,0,1,174000.0,30700.0,home,1,0,0,2.27,4,2.2781,1
SYN-1225,59700.0,6,3,1,formal,0,0,0.0,32900.0,home,0,0,0,3.48,4,0.5612,0
SYN-1226,97700.0,5,2,2,formal,0,0,0.0,29700.0,home,0,0,0,3.76,4,-0.8972,0
SYN-1227,144700.0,4,2,1,formal,0,0,0.0,44400.0,hostel,0,0,0,2.3,4,-1.9164,0
SYN-1228,46300.0,4,0,0,formal,0,1,498000.0,25500.0,home,0,0,0,2.85,3,-0.4769,0
SYN-1229,33900.0,3,1,1,deceased,0,0,0.0,32800.0,home,1,0,0,2.69,3,0.923,0
SYN-1230,60000.0,4,0,0,formal,0,0,0.0,31000.0,boarding,1,0,0,3.46,3,-1.925,0
SYN-1231,79700.0,4,3,0,formal,1,0,0.0,50700.0,boarding,0,1,0,2.78,3,0.8002,0
SYN-1232,68300.0,6,0,0,formal,0,0,0.0,30700.0,home,1,0,0,2.86,4,-0.0907,0
SYN-1233,53400.0,8,2,1,informal,0,1,584000.0,28100.0,home,0,0,0,3.23,4,3.2754,1
SYN-1234,80500.0,6,2,0,informal,1,0,0.0,43000.0,boarding,1,0,0,3.71,3,0.4902,0
SYN-1235,31600.0,5,0,0,retired,0,0,0.0,26700.0,home,1,0,0,3.02,3,1.1523,0
SYN-1236,47900.0,3,1,1,informal,0,0,0.0,40500.0,boarding,1,0,0,2.85,4,-0.0776,0
SYN-1237,30100.0,4,0,0,informal,0,0,0.0,23800.0,home,0,0,0,2.93,3,0.05,0
SYN-1238,38000.0,3,0,0,informal,0,1,167000.0,50100.0,hostel,1,0,0,3.33,4,-0.0654,0
SYN-1239,56500.0,7,1,0,retired,0,0,0.0,41100.0,boarding,1,0,0,2.49,4,-0.1806,0
SYN-1240,86100.0,4,2,1,informal,0,0,0.0,42500.0,boarding,0,0,1,3.04,4,-1.1165,0
SYN-1241,95500.0,5,0,0,formal,0,0,0.0,56200.0,hostel,1,0,0,2.66,3,-2.4214,0
SYN-1242,35300.0,3,2,0,unemployed,0,1,290000.0,43600.0,hostel,1,1,0,2.44,4,4.2402,1
SYN-1243,134200.0,6,1,1,retired,0,0,0.0,40800.0,boarding,1,0,0,2.23,4,-1.6211,0
SYN-1244,37300.0,5,2,1,informal,0,0,0.0,32400.0,boarding,1,1,0,2.73,4,2.7472,1
SYN-1245,15500.0,5,2,1,deceased,0,0,0.0,51000.0,hostel,1,0,0,3.5,3,5.5784,1
SYN-1246,30600.0,4,2,0,retired,0,1,625000.0,29900.0,home,0,0,0,2.22,4,4.2224,1
SYN-1247,33600.0,5,2,1,formal,1,0,0.0,41600.0,boarding,1,0,1,3.28,4,2.9047,1
SYN-1248,31900.0,4,2,1,retired,0,0,0.0,40600.0,boarding,0,0,0,2.78,3,1.5849,0
SYN-1249,76000.0,4,2,0,informal,0,1,206000.0,38300.0,boarding,0,0,1,2.6,3,-1.3794,0
SYN-1250,112100.0,6,0,0,informal,0,0,0.0,61700.0,hostel,1,1,0,3.09,3,-1.3014,0
SYN-1251,131300.0,3,2,1,informal,0,0,0.0,41700.0,boarding,1,1,0,3.5,4,-1.0539,0
SYN-1252,56200.0,6,0,0,retired,0,0,0.0,43100.0,boarding,1,0,0,3.68,3,0.0577,0
SYN-1253,234300.0,4,0,0,informal,0,0,0.0,41700.0,hostel,0,0,0,3.17,3,-4.9588,0
SYN-1254,46300.0,7,0,0,informal,0,1,503000.0,46400.0,boarding,1,0,0,3.02,3,2.8807,1
SYN-1255,25800.0,3,2,0,formal,1,0,0.0,29300.0,home,0,0,0,3.21,3,2.0565,1
SYN-1256,92700.0,4,1,1,informal,1,0,0.0,32500.0,home,0,0,0,4.0,4,-2.074,0
SYN-1257,19800.0,5,4,1,retired,0,0,0.0,46500.0,boarding,0,0,0,2.93,3,6.0971,1
SYN-1258,22100.0,5,1,1,unemployed,0,0,0.0,29400.0,home,0,0,0,3.53,3,3.2147,1
SYN-1259,117100.0,4,0,0,formal,0,0,0.0,37800.0,boarding,0,0,0,2.8,3,-4.0411,0
SYN-1260,40200.0,3,2,0,retired,0,0,0.0,35200.0,hostel,1,0,0,2.7,3,0.9021,0
SYN-1261,38300.0,7,0,0,retired,0,0,0.0,27900.0,home,1,0,0,3.79,4,1.7035,0
SYN-1262,29400.0,4,1,1,informal,0,0,0.0,44200.0,hostel,1,0,0,3.05,4,2.0255,1
SYN-1263,87500.0,7,0,0,formal,0,0,0.0,35200.0,boarding,0,0,1,3.14,3,-1.3238,0
SYN-1264,125300.0,3,2,2,informal,0,0,0.0,56000.0,hostel,0,0,0,3.28,3,-0.8398,0
SYN-1265,89000.0,3,0,0,formal,0,0,0.0,35400.0,home,0,0,0,2.68,3,-3.0873,0
SYN-1266,43500.0,6,3,1,formal,0,0,0.0,31400.0,boarding,1,0,0,2.87,3,3.1837,1
SYN-1267,36300.0,6,0,0,informal,0,1,214000.0,42300.0,boarding,0,0,0,2.78,3,2.4141,1
SYN-1268,31000.0,4,2,1,deceased,0,1,301000.0,37000.0,boarding,0,1,0,3.09,4,4.6642,1
SYN-1269,109200.0,5,1,0,formal,0,0,0.0,50000.0,hostel,0,0,0,3.2,3,-2.1468,0
SYN-1270,65900.0,3,0,0,retired,0,0,0.0,43600.0,hostel,0,0,1,2.8,3,-2.7027,0
SYN-1271,24300.0,5,1,1,deceased,0,0,0.0,27000.0,home,1,0,0,3.9,4,2.2389,1
SYN-1272,20300.0,3,1,0,formal,0,1,434000.0,35300.0,home,1,0,0,3.04,4,4.4084,1
SYN-1273,110900.0,7,0,0,formal,0,0,0.0,46000.0,boarding,0,0,0,3.09,3,-2.3822,0
SYN-1274,15900.0,4,1,1,unemployed,0,1,461000.0,38300.0,home,1,0,0,3.61,4,7.2699,1
SYN-1275,27400.0,6,2,2,unemployed,1,0,0.0,46800.0,hostel,1,1,1,2.58,4,5.617,1
SYN-1276,37100.0,4,0,0,informal,0,0,0.0,33500.0,boarding,1,0,0,2.83,4,0.2284,0
SYN-1277,32700.0,5,0,0,informal,0,1,240000.0,53100.0,hostel,1,0,0,3.17,3,2.8985,1
SYN-1278,78500.0,6,0,0,informal,0,1,611000.0,53100.0,hostel,0,0,0,2.43,3,1.2724,0
SYN-1279,122300.0,7,1,1,unemployed,0,0,0.0,33500.0,home,0,0,0,2.95,4,-0.5314,0
SYN-1280,28400.0,5,1,0,unemployed,1,1,529000.0,25900.0,home,1,0,0,3.91,4,3.8756,1
SYN-1281,74000.0,2,1,0,formal,0,0,0.0,35600.0,boarding,1,0,0,3.82,4,-1.7577,0
SYN-1282,107200.0,4,1,1,formal,0,0,0.0,50900.0,hostel,0,0,0,3.43,3,-2.5592,0
SYN-1283,24200.0,6,2,2,formal,1,0,0.0,36600.0,boarding,0,1,0,3.45,4,5.4346,1
SYN-1284,26100.0,4,2,1,deceased,0,0,0.0,28300.0,home,0,0,0,3.26,3,1.5455,0
SYN-1285,12200.0,5,0,0,deceased,0,0,0.0,57500.0,boarding,0,0,0,2.87,3,4.4001,1
SYN-1286,110200.0,4,1,1,retired,0,0,0.0,41700.0,home,1,0,0,3.74,3,-1.4206,0
SYN-1287,159000.0,3,1,0,formal,0,0,0.0,34400.0,home,1,0,1,2.65,4,-4.1696,0
SYN-1288,89600.0,4,0,0,informal,0,0,0.0,44400.0,hostel,0,0,0,3.46,3,-3.1322,0
SYN-1289,94800.0,6,2,1,formal,0,0,0.0,26000.0,home,0,0,0,2.84,4,-1.175,0
SYN-1290,22100.0,5,1,0,informal,1,0,0.0,33900.0,home,0,0,0,2.86,3,2.338,1
SYN-1291,56200.0,4,3,1,formal,1,0,0.0,38200.0,home,0,0,0,3.28,3,1.4923,0
SYN-1292,105300.0,2,1,0,retired,1,0,0.0,45200.0,hostel,0,1,0,3.8,4,-1.5646,0
SYN-1293,73800.0,2,1,1,formal,0,0,0.0,27500.0,home,1,0,0,3.65,3,-1.9113,0
SYN-1294,41300.0,2,0,0,informal,0,0,0.0,30500.0,home,1,0,1,3.19,3,-1.6005,0
SYN-1295,14400.0,3,0,0,deceased,0,1,133000.0,22400.0,home,1,0,0,3.08,4,3.2632,1
SYN-1296,55700.0,5,0,0,unemployed,0,0,0.0,34000.0,boarding,1,0,0,3.38,4,-0.6958,0
SYN-1297,66000.0,5,1,0,formal,0,1,207000.0,23500.0,home,1,0,0,3.62,4,1.0489,0
SYN-1298,20800.0,7,1,1,retired,0,0,0.0,51000.0,hostel,0,0,0,2.31,3,4.4381,1
SYN-1299,33900.0,4,0,0,informal,0,0,0.0,49500.0,hostel,1,1,0,2.9,4,2.451,1
SYN-1300,27900.0,4,2,1,informal,0,1,144000.0,47800.0,boarding,1,0,0,2.61,4,3.7698,1
SYN-1301,67100.0,5,0,0,informal,0,0,0.0,20400.0,home,0,0,0,2.96,3,-1.6607,0
SYN-1302,61200.0,4,2,2,retired,0,0,0.0,33200.0,boarding,0,0,0,2.52,3,-0.0865,0
SYN-1303,42700.0,2,1,0,informal,0,1,257000.0,32500.0,home,1,0,0,2.29,3,-0.0604,0
SYN-1304,79700.0,4,2,0,informal,1,0,0.0,25200.0,home,0,0,0,2.5,3,-0.7509,0
SYN-1305,54300.0,5,1,1,informal,1,0,0.0,37100.0,boarding,0,0,0,2.82,3,0.9416,0
SYN-1306,157800.0,4,1,1,formal,0,1,506000.0,35600.0,home,0,0,0,3.3,3,-2.9834,0
SYN-1307,44800.0,5,1,0,retired,0,0,0.0,27000.0,home,0,0,1,2.71,4,-0.4596,0
SYN-1308,366400.0,4,3,0,formal,0,1,400000.0,27600.0,home,1,0,0,2.69,4,-3.1357,0
SYN-1309,52900.0,2,0,0,informal,0,0,0.0,28600.0,home,0,0,0,3.22,3,-3.5097,0
SYN-1310,34200.0,3,2,1,informal,0,1,344000.0,29000.0,home,1,0,0,3.17,4,1.7488,1
SYN-1311,50000.0,4,0,0,formal,0,0,0.0,33800.0,home,0,0,0,3.76,4,-1.4763,0
SYN-1312,64300.0,4,0,0,informal,0,0,0.0,34800.0,boarding,0,0,1,3.44,4,-1.803,0
SYN-1313,21900.0,8,1,1,informal,0,0,0.0,29000.0,home,1,0,0,2.62,4,3.8547,1
SYN-1314,58100.0,4,3,0,formal,1,0,0.0,36400.0,home,1,1,0,2.67,3,1.5165,0
SYN-1315,30900.0,3,1,0,formal,0,0,0.0,59700.0,hostel,0,0,0,3.36,4,1.4048,0
SYN-1316,59600.0,5,2,1,retired,0,0,0.0,34000.0,boarding,0,0,0,2.68,3,0.0594,0
SYN-1317,18000.0,3,0,0,deceased,0,0,0.0,49800.0,hostel,1,0,0,2.91,4,2.0259,1
SYN-1318,58500.0,3,1,1,informal,0,0,0.0,40500.0,boarding,0,0,0,2.33,4,-1.0005,0
SYN-1319,122700.0,4,0,0,formal,0,0,0.0,29500.0,home,0,0,0,2.5,4,-3.0577,0
SYN-1320,312500.0,5,0,0,formal,0,0,0.0,25700.0,home,0,0,0,3.58,3,-5.2913,0
SYN-1321,48600.0,7,0,0,formal,0,1,273000.0,45700.0,boarding,0,0,0,3.12,3,0.6742,0
SYN-1322,51800.0,7,4,1,informal,0,1,274000.0,51900.0,hostel,1,0,0,2.79,3,4.4389,1
SYN-1323,23400.0,5,1,1,deceased,1,1,470000.0,55400.0,boarding,0,0,0,2.84,3,6.0293,1
SYN-1324,16200.0,2,1,1,unemployed,0,1,745000.0,34200.0,boarding,1,0,0,3.77,3,6.3248,1
SYN-1325,59400.0,2,1,1,formal,0,0,0.0,31900.0,boarding,0,0,0,2.77,3,-1.0146,0
SYN-1326,42800.0,3,2,1,deceased,1,0,0.0,41300.0,home,1,1,0,3.15,4,2.9127,1
SYN-1327,55200.0,3,2,2,informal,0,0,0.0,29700.0,home,0,0,0,3.42,4,0.2528,0
SYN-1328,236500.0,5,4,0,formal,0,1,260000.0,45500.0,hostel,1,0,0,3.66,3,-3.1493,0
SYN-1329,70800.0,4,1,1,informal,0,0,0.0,31000.0,home,1,0,0,2.69,4,-0.1201,0
SYN-1330,36400.0,5,3,1,formal,1,1,296000.0,22300.0,home,0,0,0,2.46,4,2.9506,1
SYN-1331,44600.0,6,0,0,retired,0,1,296000.0,43600.0,boarding,0,0,0,2.59,4,2.0353,1
SYN-1332,33400.0,5,3,0,informal,1,0,0.0,29600.0,home,0,0,1,3.36,4,2.515,1
SYN-1333,112000.0,4,0,0,informal,0,0,0.0,53900.0,hostel,0,0,0,3.89,4,-3.6982,0
SYN-1334,29300.0,4,0,0,informal,0,1,100000.0,34700.0,home,0,0,0,3.37,3,0.7455,0
SYN-1335,18800.0,5,2,0,retired,1,1,229000.0,53200.0,hostel,0,0,1,2.77,4,6.1881,1
SYN-1336,29300.0,3,2,2,informal,1,1,663000.0,31000.0,home,1,0,0,3.55,4,6.2698,1
SYN-1337,75600.0,7,1,1,informal,1,0,0.0,38800.0,home,0,0,1,2.85,3,-0.4502,0
SYN-1338,173400.0,6,0,0,formal,0,0,0.0,44700.0,boarding,0,0,0,2.7,3,-3.2715,0
SYN-1339,90900.0,5,0,0,retired,0,0,0.0,45100.0,hostel,1,0,0,2.91,4,-2.0719,0
SYN-1340,54200.0,5,4,1,informal,1,1,216000.0,25500.0,home,1,0,0,2.81,4,3.3935,1
SYN-1341,60500.0,6,3,2,formal,1,0,0.0,26200.0,home,0,0,0,2.76,4,1.2277,0
SYN-1342,84500.0,4,1,0,retired,0,0,0.0,33200.0,home,0,0,0,3.56,3,-2.3303,0
SYN-1343,46900.0,4,0,0,formal,0,0,0.0,22700.0,home,0,0,0,2.83,3,-1.7464,0
SYN-1344,31900.0,5,0,0,formal,0,1,745000.0,48900.0,hostel,0,0,0,2.38,3,3.4627,1
SYN-1345,91700.0,2,1,1,informal,0,0,0.0,43400.0,hostel,0,0,0,3.3,4,-1.8746,0
SYN-1346,50600.0,3,1,0,formal,0,1,276000.0,34600.0,boarding,0,0,0,2.65,3,-0.6201,0
SYN-1347,54300.0,4,1,1,informal,0,1,571000.0,24000.0,home,1,0,0,2.66,3,0.8681,0
SYN-1348,73300.0,5,0,0,formal,0,0,0.0,41400.0,boarding,1,0,0,3.34,4,-2.1881,0
SYN-1349,78700.0,5,0,0,formal,0,1,353000.0,45700.0,boarding,1,0,0,2.75,4,-1.1088,0
SYN-1350,147400.0,3,1,0,formal,0,0,0.0,26300.0,home,0,0,1,2.86,4,-4.5495,0
SYN-1351,100100.0,4,1,0,formal,1,0,0.0,18600.0,home,0,0,0,3.07,3,-2.6416,0
SYN-1352,42000.0,4,0,0,deceased,0,0,0.0,58800.0,boarding,1,0,0,2.93,3,-0.1292,0
SYN-1353,31800.0,4,1,0,informal,1,1,218000.0,54100.0,hostel,1,0,0,2.87,3,3.4965,1
SYN-1354,76600.0,6,2,2,informal,0,0,0.0,35100.0,home,0,0,0,2.07,4,-0.3467,0
SYN-1355,40500.0,5,2,2,informal,0,0,0.0,57000.0,hostel,1,0,0,2.98,3,2.5194,1
SYN-1356,30000.0,9,0,0,unemployed,0,0,0.0,42000.0,boarding,0,0,0,3.73,4,2.9157,1
SYN-1357,371400.0,3,0,0,formal,0,0,0.0,47300.0,hostel,0,0,0,3.31,3,-6.8453,0
SYN-1358,97300.0,5,0,0,formal,0,0,0.0,55500.0,hostel,0,0,0,2.89,3,-2.7489,0
SYN-1359,72100.0,5,3,2,informal,0,0,0.0,37400.0,home,1,0,0,3.25,3,1.6015,0
SYN-1360,49000.0,4,1,1,informal,0,1,338000.0,33400.0,home,0,0,0,3.31,4,1.1491,0
SYN-1361,74600.0,6,0,0,retired,0,0,0.0,46400.0,boarding,1,0,0,2.7,4,-0.9571,0
SYN-1362,82900.0,2,0,0,retired,0,0,0.0,41200.0,hostel,0,0,0,3.58,3,-3.5552,0
SYN-1363,64900.0,5,3,0,retired,0,0,0.0,28600.0,home,1,0,0,3.12,3,0.2206,0
SYN-1364,99000.0,3,0,0,formal,0,0,0.0,50900.0,boarding,0,0,0,2.92,3,-3.3025,0
SYN-1365,111900.0,6,2,0,formal,1,0,0.0,52400.0,hostel,0,1,1,3.62,3,-1.591,0
SYN-1366,138100.0,6,2,1,formal,0,0,0.0,22000.0,home,1,0,0,2.18,4,-1.8742,0
SYN-1367,49700.0,4,2,1,retired,0,0,0.0,27100.0,home,1,0,0,2.56,3,1.706,0
SYN-1368,35400.0,3,0,0,deceased,0,0,0.0,38500.0,home,1,0,0,3.32,3,-0.844,0
SYN-1369,61700.0,4,0,0,deceased,0,0,0.0,32500.0,home,1,0,0,3.33,4,-1.3782,0
SYN-1370,41700.0,5,2,1,formal,0,1,596000.0,42500.0,boarding,1,0,0,3.74,4,4.6999,1
SYN-1371,26500.0,6,1,0,retired,1,1,501000.0,31200.0,home,0,0,0,2.1,3,5.2106,1
SYN-1372,54700.0,5,1,0,informal,0,1,335000.0,41000.0,boarding,1,0,0,3.41,3,1.3252,0
SYN-1373,20900.0,4,0,0,retired,0,0,0.0,27100.0,home,0,0,0,2.53,3,0.9288,0
SYN-1374,113800.0,4,0,0,informal,0,0,0.0,43400.0,hostel,0,0,0,3.23,4,-3.5057,0
SYN-1375,40400.0,2,1,0,formal,0,1,180000.0,35600.0,home,1,0,0,3.02,4,-0.1808,0
SYN-1376,67900.0,9,2,2,formal,0,0,0.0,49300.0,hostel,0,1,0,3.31,3,2.657,1
SYN-1377,43000.0,5,2,0,deceased,0,0,0.0,33900.0,home,0,0,0,2.95,3,1.429,0
SYN-1378,73700.0,6,1,1,informal,0,0,0.0,44500.0,boarding,0,0,0,3.47,3,-0.2507,0
SYN-1379,52400.0,4,3,1,formal,1,0,0.0,37700.0,home,0,0,0,2.7,3,1.1407,0
SYN-1380,84800.0,6,3,2,formal,0,0,0.0,44000.0,boarding,0,0,0,3.02,4,0.4762,0
SYN-1381,54500.0,6,0,0,informal,0,1,386000.0,34500.0,home,1,0,0,3.13,3,1.3521,0
SYN-1382,37900.0,5,1,1,deceased,0,0,0.0,30900.0,home,0,0,0,3.75,4,1.1886,0
SYN-1383,57500.0,5,3,2,formal,0,0,0.0,36300.0,boarding,0,0,1,3.4,3,0.8296,0
SYN-1384,159500.0,3,2,1,formal,0,0,0.0,28800.0,home,0,0,0,3.14,4,-3.2998,0
SYN-1385,13400.0,3,0,0,retired,0,1,477000.0,51200.0,hostel,1,0,0,3.32,4,7.2669,1
SYN-1386,64400.0,4,0,0,informal,0,0,0.0,45200.0,boarding,0,0,0,3.51,3,-1.7708,0
SYN-1387,53000.0,5,0,0,formal,0,1,284000.0,38000.0,home,1,0,0,3.21,4,0.7893,0
SYN-1388,110800.0,3,0,0,formal,0,0,0.0,45500.0,hostel,0,0,0,2.62,4,-4.0581,0
SYN-1389,30800.0,5,1,1,formal,0,0,0.0,31200.0,home,1,0,0,3.31,4,1.5599,0
SYN-1390,66900.0,4,0,0,formal,0,0,0.0,47300.0,hostel,0,0,1,3.04,4,-1.7787,0
SYN-1391,83200.0,4,0,0,formal,0,0,0.0,38900.0,home,0,0,0,2.9,4,-3.107,0
SYN-1392,123600.0,8,2,1,formal,0,0,0.0,43600.0,boarding,1,0,0,2.72,3,-1.2041,0
SYN-1393,31300.0,3,2,2,unemployed,0,1,216000.0,50200.0,hostel,1,0,0,3.29,4,5.0402,1
SYN-1394,28500.0,4,1,0,retired,0,1,795000.0,29800.0,home,0,0,0,3.27,4,4.4171,1
SYN-1395,32500.0,2,1,1,retired,0,0,0.0,40300.0,boarding,1,0,0,2.65,4,1.0559,0
SYN-1396,117500.0,5,0,0,informal,0,1,352000.0,22000.0,home,0,0,0,2.59,4,-3.251,0
SYN-1397,45500.0,4,3,0,formal,0,1,152000.0,34600.0,boarding,0,0,0,3.84,4,1.9298,1
SYN-1398,46400.0,4,1,1,deceased,0,0,0.0,31000.0,home,0,0,0,3.41,3,0.0269,0
SYN-1399,26000.0,3,0,0,unemployed,0,0,0.0,30300.0,home,1,0,0,3.09,4,0.219,0
SYN-1400,58400.0,2,1,0,informal,0,0,0.0,31000.0,home,0,0,1,3.3,4,-2.2915,0
SYN-1401,302300.0,7,2,0,formal,0,0,0.0,46700.0,boarding,1,0,0,2.85,3,-4.0978,0
SYN-1402,50500.0,2,1,0,formal,1,1,205000.0,48500.0,hostel,0,1,0,2.88,3,-0.4096,0
SYN-1403,72100.0,5,2,1,informal,0,0,0.0,46100.0,hostel,1,1,0,2.96,3,1.4416,0
SYN-1404,36900.0,6,0,0,informal,0,0,0.0,40300.0,boarding,1,0,0,3.46,4,1.203,0
SYN-1405,91800.0,6,0,0,formal,0,0,0.0,49300.0,hostel,1,0,0,2.46,4,-1.2496,0
SYN-1406,78100.0,3,0,0,deceased,0,0,0.0,45900.0,hostel,0,0,0,2.62,4,-2.3394,0
SYN-1407,40700.0,2,1,1,informal,0,0,0.0,47400.0,boarding,1,0,1,2.54,3,0.2036,0
SYN-1408,70000.0,3,2,0,informal,0,0,0.0,29900.0,home,0,0,1,3.41,4,-0.6659,0
SYN-1409,53800.0,8,0,0,formal,0,1,213000.0,42900.0,boarding,0,0,0,3.01,3,1.9118,1
SYN-1410,17800.0,3,2,0,unemployed,0,1,330000.0,25500.0,home,0,0,0,2.67,4,5.2176,1
SYN-1411,42600.0,4,3,2,unemployed,1,1,175000.0,53900.0,hostel,0,0,0,2.96,4,3.9453,1
SYN-1412,64900.0,6,0,0,formal,0,0,0.0,37900.0,home,0,0,0,2.78,4,-0.7814,0
SYN-1413,19100.0,3,1,1,informal,0,1,541000.0,22500.0,home,0,0,0,2.45,3,4.137,1
SYN-1414,148600.0,7,0,0,informal,0,0,0.0,50200.0,hostel,1,0,0,3.58,4,-1.781,0
SYN-1415,35100.0,4,0,0,retired,0,0,0.0,29400.0,home,0,0,0,2.99,4,0.1211,0
SYN-1416,76800.0,7,1,1,formal,0,0,0.0,49600.0,hostel,0,1,0,3.49,4,0.0497,0
SYN-1417,96900.0,3,2,0,retired,1,0,0.0,50500.0,hostel,0,0,0,2.44,3,-0.453,0
SYN-1418,48100.0,4,3,1,informal,1,0,0.0,29200.0,boarding,0,0,0,3.26,3,1.2852,0
SYN-1419,80400.0,7,1,1,formal,0,0,0.0,45700.0,boarding,0,0,1,2.44,3,-0.6836,0
SYN-1420,44800.0,4,3,2,formal,0,0,0.0,36100.0,home,0,0,0,4.0,3,1.8245,1
SYN-1421,35800.0,6,2,0,formal,0,0,0.0,36700.0,home,0,0,0,2.32,4,1.4964,0
SYN-1422,80300.0,4,0,0,formal,0,0,0.0,42800.0,hostel,0,0,0,3.8,3,-0.9509,0
SYN-1423,68700.0,7,2,1,informal,0,0,0.0,29800.0,home,1,0,0,3.04,4,0.421,0
SYN-1424,30900.0,2,1,1,unemployed,0,0,0.0,27000.0,home,1,1,0,2.87,4,1.4289,0
SYN-1425,52700.0,4,0,0,formal,0,0,0.0,19500.0,home,1,0,0,3.3,3,-1.2321,0
SYN-1426,38200.0,5,0,0,deceased,0,0,0.0,38100.0,boarding,1,0,0,2.66,3,0.0903,0
SYN-1427,18000.0,5,2,0,formal,1,0,0.0,35500.0,boarding,1,0,0,3.38,4,4.6718,1
SYN-1428,92900.0,2,0,0,informal,0,0,0.0,31800.0,home,0,1,0,3.31,3,-4.0938,0
SYN-1429,38100.0,5,4,1,deceased,1,0,0.0,21000.0,home,0,1,0,2.96,3,3.4229,1
SYN-1430,161500.0,3,0,0,retired,0,0,0.0,42600.0,hostel,0,0,0,3.16,4,-5.2091,0
SYN-1431,72500.0,5,1,1,informal,0,0,0.0,27100.0,home,0,0,0,3.86,3,-1.1482,0
SYN-1432,15500.0,5,2,2,unemployed,0,0,0.0,34200.0,home,1,0,0,3.32,4,4.992,1
SYN-1433,66800.0,2,1,1,formal,0,1,376000.0,45300.0,home,1,0,0,2.72,4,-1.0141,0
SYN-1434,57300.0,5,0,0,formal,0,0,0.0,43200.0,boarding,1,0,0,3.37,3,-1.5354,0
SYN-1435,91600.0,2,1,0,informal,0,0,0.0,24300.0,home,0,0,0,2.82,3,-4.464,0
SYN-1436,69700.0,5,0,0,formal,0,0,0.0,26300.0,home,1,0,0,2.74,3,-1.532,0
SYN-1437,44000.0,3,1,1,formal,0,1,247000.0,45100.0,boarding,0,0,0,3.27,4,-0.1577,0
SYN-1438,35800.0,2,1,1,formal,0,0,0.0,22600.0,home,0,0,0,2.63,3,0.6498,0
SYN-1439,55900.0,4,2,1,deceased,0,0,0.0,54000.0,hostel,0,0,0,3.07,3,0.3674,0
SYN-1440,65600.0,6,1,1,retired,1,0,0.0,49500.0,hostel,1,0,0,3.33,4,1.196,0
SYN-1441,44500.0,2,0,0,retired,0,1,594000.0,40800.0,boarding,1,0,0,3.85,3,-0.3023,0
SYN-1442,40800.0,5,0,0,unemployed,0,0,0.0,20700.0,home,1,1,0,3.22,4,-0.0707,0
SYN-1443,119800.0,4,1,1,formal,0,0,0.0,35100.0,home,1,0,0,2.43,4,-2.26,0
SYN-1444,57200.0,5,3,0,formal,1,0,0.0,37300.0,boarding,1,0,0,2.5,3,1.5805,0
SYN-1445,46100.0,2,1,0,informal,0,1,521000.0,30800.0,home,0,0,0,3.78,4,0.2388,0
SYN-1446,80300.0,4,0,0,informal,0,0,0.0,40600.0,boarding,0,0,0,2.78,3,-1.8197,0
SYN-1447,140200.0,4,2,0,informal,0,0,0.0,21300.0,home,0,0,1,2.41,3,-3.3796,0
SYN-1448,96600.0,5,4,3,informal,0,0,0.0,40200.0,boarding,0,0,0,2.63,3,1.2337,0
SYN-1449,61200.0,4,1,1,informal,1,0,0.0,23300.0,home,1,0,0,3.38,4,-0.4274,0
SYN-1450,68200.0,6,1,1,formal,0,0,0.0,37900.0,boarding,0,0,0,3.1,4,0.3556,0
SYN-1451,78700.0,6,1,1,formal,0,0,0.0,32400.0,home,0,0,0,3.32,4,-0.1129,0
SYN-1452,67600.0,3,1,1,informal,0,0,0.0,33900.0,home,0,0,0,3.04,3,-2.0716,0
SYN-1453,70200.0,4,1,1,informal,0,0,0.0,41400.0,boarding,0,0,1,2.59,4,-1.089,0
SYN-1454,71800.0,2,1,0,deceased,0,0,0.0,36600.0,boarding,1,0,0,2.3,3,-2.6542,0
SYN-1455,15500.0,4,1,1,informal,0,0,0.0,44400.0,hostel,1,0,0,2.7,4,5.4036,1
SYN-1456,26500.0,2,1,1,unemployed,0,0,0.0,26300.0,home,1,0,0,3.1,3,0.3844,0
SYN-1457,52200.0,6,5,1,retired,0,0,0.0,18200.0,home,0,1,0,2.45,3,2.494,1
SYN-1458,29800.0,6,2,2,formal,1,1,553000.0,41900.0,boarding,0,0,0,3.46,3,6.4774,1
SYN-1459,81400.0,5,1,1,informal,0,0,0.0,20800.0,home,1,1,0,2.53,3,-0.2552,0
SYN-1460,48400.0,4,2,1,informal,0,1,198000.0,48400.0,hostel,0,0,0,2.36,3,2.3334,1
SYN-1461,59300.0,7,0,0,informal,0,0,0.0,22000.0,home,0,0,0,3.05,3,-0.4444,0
SYN-1462,189700.0,6,0,0,formal,0,0,0.0,41400.0,hostel,1,0,1,3.37,4,-2.7426,0
SYN-1463,74200.0,4,1,1,retired,0,0,0.0,45200.0,boarding,1,0,0,3.68,4,-1.2942,0
SYN-1464,66400.0,6,0,0,deceased,0,0,0.0,30100.0,home,0,0,0,2.37,4,-1.2987,0
SYN-1465,108500.0,5,0,0,formal,0,0,0.0,19600.0,home,0,0,0,3.65,3,-3.8509,0
SYN-1466,80400.0,2,1,1,formal,0,0,0.0,38400.0,boarding,0,0,0,3.13,3,-2.3398,0
SYN-1467,206100.0,5,0,0,formal,0,0,0.0,42900.0,boarding,1,1,0,2.69,3,-3.8796,0
SYN-1468,84800.0,6,3,2,retired,0,0,0.0,26600.0,home,0,0,0,3.34,4,-0.4442,0
SYN-1469,37300.0,4,0,0,informal,0,1,386000.0,39600.0,boarding,1,0,0,3.62,4,0.9179,0
SYN-1470,40700.0,5,0,0,formal,0,1,208000.0,42800.0,boarding,0,0,0,2.34,3,0.9732,0
SYN-1471,58100.0,5,1,1,retired,0,0,0.0,41700.0,boarding,1,0,0,2.87,4,0.4371,0
SYN-1472,66600.0,5,0,0,formal,0,0,0.0,36000.0,boarding,1,1,0,2.72,3,-0.2279,0
SYN-1473,23700.0,3,2,2,informal,1,0,0.0,48100.0,hostel,0,0,0,3.31,4,4.6763,1
SYN-1474,91300.0,6,2,2,informal,0,0,0.0,39900.0,boarding,0,0,0,3.66,4,0.4173,0
SYN-1475,62200.0,4,1,1,informal,0,0,0.0,39500.0,home,0,0,0,3.08,4,-1.2085,0
SYN-1476,96600.0,6,1,1,informal,0,0,0.0,29400.0,home,0,0,0,2.93,4,-1.605,0
SYN-1477,112200.0,8,0,0,formal,0,0,0.0,30700.0,home,0,0,0,3.24,3,-1.6683,0
SYN-1478,51600.0,4,1,1,informal,0,0,0.0,31400.0,home,0,0,0,2.95,3,-0.1043,0
SYN-1479,77300.0,4,0,0,retired,0,0,0.0,28200.0,home,0,0,0,2.14,3,-1.6011,0
SYN-1480,54900.0,5,2,0,informal,0,0,0.0,37500.0,boarding,0,0,0,3.27,4,-0.0554,0
SYN-1481,29800.0,4,2,0,deceased,0,0,0.0,32500.0,home,1,0,0,3.46,4,2.3005,1
SYN-1482,53800.0,4,1,1,informal,0,0,0.0,44100.0,boarding,0,0,0,3.5,3,-0.1691,0
SYN-1483,48600.0,5,1,0,unemployed,0,1,450000.0,41500.0,home,1,1,0,2.46,3,3.08,1
SYN-1484,75400.0,6,0,0,formal,0,0,0.0,34100.0,home,0,0,0,3.31,3,-1.1445,0
SYN-1485,90500.0,3,2,0,retired,0,0,0.0,34200.0,home,1,0,0,3.69,3,-1.4398,0
SYN-1486,234700.0,4,3,0,formal,0,0,0.0,45400.0,boarding,0,0,0,4.0,3,-3.6687,0
SYN-1487,42200.0,4,1,1,formal,1,0,0.0,26200.0,home,0,0,0,3.25,4,0.7921,0
SYN-1488,17700.0,4,1,1,formal,0,0,0.0,23100.0,home,0,0,0,3.46,3,3.1184,1
SYN-1489,156300.0,3,0,0,formal,0,0,0.0,36000.0,boarding,0,0,0,2.63,4,-4.5417,0
SYN-1490,31300.0,4,0,0,deceased,0,0,0.0,33800.0,home,1,0,0,2.58,3,-0.9286,0
SYN-1491,30100.0,4,0,0,deceased,0,0,0.0,37800.0,home,0,0,0,3.46,3,0.4574,0
SYN-1492,24200.0,8,1,1,unemployed,0,1,426000.0,34000.0,home,0,0,0,2.19,4,6.0436,1
SYN-1493,50400.0,5,1,0,formal,1,0,0.0,29100.0,home,0,0,0,3.12,3,-0.4121,0
SYN-1494,111400.0,5,0,0,retired,0,0,0.0,39200.0,home,0,0,0,3.65,4,-2.0887,0
SYN-1495,36500.0,4,0,0,unemployed,0,0,0.0,27600.0,home,0,0,0,3.35,4,-0.7045,0
SYN-1496,178300.0,6,0,0,formal,0,0,0.0,35200.0,boarding,0,0,0,3.35,3,-3.6201,0
SYN-1497,94700.0,6,0,0,informal,0,0,0.0,42900.0,boarding,0,0,0,3.03,4,-1.727,0
SYN-1498,47500.0,5,1,1,informal,0,1,366000.0,55100.0,hostel,1,0,0,2.88,3,1.9838,1
SYN-1499,71000.0,4,0,0,formal,0,0,0.0,43400.0,hostel,0,0,1,3.96,3,-1.7752,0
SYN-1500,70800.0,5,3,2,informal,1,1,308000.0,20600.0,home,0,0,0,3.57,4,2.071,1
SYN-1501,52500.0,3,1,1,unemployed,0,0,0.0,30200.0,home,0,0,0,3.41,3,-1.3093,0
SYN-1502,118800.0,6,0,0,formal,0,0,0.0,52200.0,hostel,1,0,0,3.06,4,-2.137,0
SYN-1503,62500.0,5,0,0,informal,0,0,0.0,15000.0,home,0,0,0,2.8,3,-0.5236,0
SYN-1504,57200.0,5,1,1,informal,1,0,0.0,46900.0,boarding,0,0,0,3.5,4,1.1603,0
SYN-1505,46100.0,3,2,2,unemployed,0,0,0.0,34000.0,boarding,0,0,0,2.92,3,0.08,0
SYN-1506,39200.0,4,2,1,deceased,0,1,411000.0,45500.0,boarding,0,1,0,2.98,3,4.7953,1
SYN-1507,29200.0,5,3,0,retired,0,0,0.0,19000.0,home,0,0,1,3.31,4,-0.3547,0
SYN-1508,36100.0,5,2,0,informal,0,1,284000.0,21900.0,home,1,0,0,3.14,4,2.8787,1
SYN-1509,63200.0,5,1,1,informal,0,0,0.0,33400.0,home,0,0,0,3.7,4,-0.8465,0
SYN-1510,81000.0,2,0,0,informal,0,0,0.0,36700.0,home,1,0,0,2.5,3,-3.2848,0
SYN-1511,112500.0,2,1,1,informal,0,0,0.0,29900.0,home,1,0,0,3.08,4,-2.6706,0
SYN-1512,41700.0,4,0,0,formal,0,0,0.0,54700.0,boarding,0,0,0,3.95,3,-0.0053,0
SYN-1513,17300.0,4,1,1,unemployed,1,0,0.0,24400.0,home,0,0,0,3.43,3,3.6634,1
SYN-1514,19800.0,5,3,1,unemployed,1,0,0.0,24300.0,home,0,0,0,2.97,3,3.8879,1
SYN-1515,87100.0,4,0,0,informal,0,0,0.0,28300.0,home,1,0,0,3.39,3,-2.6835,0
SYN-1516,31800.0,2,0,0,retired,0,0,0.0,46100.0,hostel,1,0,0,3.03,3,-0.0201,0
SYN-1517,57000.0,5,2,1,informal,0,0,0.0,31600.0,home,0,0,0,3.67,4,0.3422,0
SYN-1518,25900.0,2,0,0,informal,0,0,0.0,25900.0,home,1,0,0,3.39,3,-0.8722,0
SYN-1519,89500.0,4,0,0,formal,0,1,260000.0,44600.0,boarding,1,1,0,2.59,3,-1.4444,0
SYN-1520,45200.0,8,1,0,formal,1,1,180000.0,33000.0,home,1,0,0,3.15,4,2.4329,1
SYN-1521,61400.0,4,0,0,formal,0,0,0.0,38900.0,home,0,0,0,3.23,3,-1.7861,0
SYN-1522,62600.0,6,1,1,informal,0,0,0.0,27300.0,home,0,0,0,3.25,3,0.102,0
SYN-1523,163600.0,4,1,0,formal,0,0,0.0,49900.0,hostel,0,0,0,3.18,3,-3.9032,0
SYN-1524,50600.0,4,0,0,formal,0,0,0.0,44800.0,boarding,0,0,0,3.29,3,-0.0907,0
SYN-1525,43200.0,5,2,2,formal,0,0,0.0,41500.0,boarding,1,0,0,3.23,4,2.2151,1
SYN-1526,84700.0,2,1,1,retired,0,1,859000.0,46800.0,hostel,1,0,0,2.75,3,-1.9175,0
SYN-1527,56900.0,3,0,0,retired,0,0,0.0,30100.0,boarding,0,0,0,2.86,3,-2.0005,0
SYN-1528,81400.0,3,0,0,informal,0,0,0.0,30500.0,home,1,0,0,2.94,3,-3.281,0
SYN-1529,85600.0,3,1,1,formal,0,0,0.0,44800.0,boarding,1,0,0,3.09,3,-1.5089,0
SYN-1530,67300.0,6,1,1,formal,0,0,0.0,41200.0,boarding,1,0,0,2.94,3,0.1019,0
SYN-1531,56700.0,4,1,1,formal,0,0,0.0,25700.0,home,1,0,0,3.51,3,0.0945,0
SYN-1532,114000.0,3,0,0,informal,0,0,0.0,32300.0,boarding,0,0,0,2.65,3,-3.5106,0
SYN-1533,166800.0,4,1,1,formal,0,0,0.0,32500.0,home,0,0,0,2.32,4,-3.0092,0
SYN-1534,124600.0,3,1,1,formal,0,0,0.0,30200.0,home,1,0,0,3.88,3,-1.528,0
SYN-1535,18200.0,4,3,1,deceased,1,0,0.0,37600.0,home,0,1,0,2.61,3,5.731,1
SYN-1536,147900.0,3,0,0,informal,0,1,127000.0,22000.0,home,0,0,0,3.51,4,-3.7313,0
SYN-1537,44800.0,8,1,1,retired,0,1,438000.0,45400.0,hostel,0,0,0,3.31,3,3.9554,1
SYN-1538,58100.0,3,0,0,formal,0,0,0.0,34200.0,boarding,0,0,0,2.72,3,-1.9492,0
SYN-1539,80200.0,3,1,1,formal,0,0,0.0,35600.0,home,0,0,0,2.99,4,-1.485,0
SYN-1540,55000.0,3,2,1,deceased,1,0,0.0,48300.0,boarding,0,0,0,2.93,3,1.2328,0
SYN-1541,54600.0,4,1,1,informal,1,0,0.0,58600.0,hostel,1,0,0,3.2,4,0.685,0
SYN-1542,48900.0,5,0,0,informal,0,0,0.0,32900.0,home,1,0,0,2.73,4,-0.5784,0
SYN-1543,59800.0,8,0,0,deceased,0,1,326000.0,45800.0,boarding,1,0,0,2.98,3,1.2044,0
SYN-1544,77900.0,5,1,1,informal,0,0,0.0,43900.0,boarding,0,1,0,2.93,3,-0.0217,0
SYN-1545,50100.0,7,0,0,formal,0,0,0.0,33200.0,home,1,0,0,3.51,4,0.0934,0
SYN-1546,38100.0,3,1,0,informal,0,0,0.0,41800.0,boarding,1,1,0,2.78,3,1.0165,0
SYN-1547,110300.0,4,0,0,formal,0,1,270000.0,44900.0,boarding,0,0,0,2.64,3,-3.398,0
SYN-1548,65600.0,4,3,1,formal,0,0,0.0,59800.0,hostel,1,1,0,2.72,4,1.5648,0
SYN-1549,32200.0,5,0,0,formal,0,0,0.0,49200.0,hostel,1,0,0,3.2,3,1.1124,0
SYN-1550,48800.0,4,2,2,retired,1,0,0.0,48100.0,hostel,1,0,0,2.31,4,1.7015,0
SYN-1551,55400.0,7,2,2,informal,0,0,0.0,31100.0,home,0,0,0,3.55,3,1.3587,0
SYN-1552,118600.0,4,3,1,formal,1,0,0.0,47200.0,hostel,1,0,1,3.06,4,-1.084,0
SYN-1553,31700.0,3,2,2,formal,0,0,0.0,42900.0,boarding,1,0,0,3.23,3,2.9644,1
SYN-1554,23600.0,2,1,1,unemployed,0,0,0.0,29000.0,home,1,0,0,3.14,4,2.5757,1
SYN-1555,32900.0,5,0,0,deceased,0,0,0.0,54300.0,hostel,0,0,0,2.77,3,1.9317,1
SYN-1556,51500.0,2,1,1,formal,0,1,200000.0,53700.0,hostel,0,0,0,2.6,3,-0.8515,0
SYN-1557,67300.0,5,0,0,formal,0,0,0.0,53400.0,boarding,0,0,0,2.76,4,-1.3176,0
SYN-1558,104000.0,4,3,1,retired,1,0,0.0,29900.0,home,0,1,0,2.32,4,-0.541,0
SYN-1559,59000.0,3,1,1,retired,0,0,0.0,31600.0,home,0,0,0,3.2,3,-0.8851,0
SYN-1560,31300.0,4,3,1,deceased,0,0,0.0,49400.0,hostel,0,0,0,2.98,3,3.1485,1
SYN-1561,32200.0,4,3,0,formal,0,0,0.0,49100.0,hostel,0,0,0,2.41,4,2.5422,1
SYN-1562,34100.0,3,2,1,formal,0,0,0.0,36200.0,home,0,0,0,2.79,3,0.9145,0
SYN-1563,53700.0,5,0,0,informal,0,0,0.0,21100.0,home,0,0,0,3.32,4,-1.4433,0
SYN-1564,62100.0,4,1,0,formal,0,0,0.0,44000.0,boarding,0,0,0,3.59,3,-0.431,0
SYN-1565,48200.0,4,0,0,retired,0,0,0.0,41000.0,home,0,0,0,2.51,3,-0.6415,0
SYN-1566,19700.0,2,1,1,formal,0,0,0.0,49000.0,boarding,1,0,0,3.96,3,2.6919,1
SYN-1567,38500.0,3,2,1,informal,1,0,0.0,54900.0,hostel,1,0,0,2.65,3,1.6227,0
SYN-1568,96000.0,6,0,0,retired,0,0,0.0,34600.0,home,0,0,0,2.33,4,-2.0044,0
SYN-1569,118200.0,3,1,0,deceased,0,0,0.0,38200.0,boarding,0,0,0,3.79,3,-3.1988,0
SYN-1570,19900.0,4,2,0,informal,0,0,0.0,37400.0,boarding,1,0,0,2.61,4,2.8373,1
SYN-1571,31100.0,4,2,1,deceased,0,1,1019000.0,25900.0,home,0,0,0,3.69,3,4.4235,1
SYN-1572,55000.0,4,1,1,formal,0,0,0.0,23700.0,home,0,0,0,2.77,4,-0.8033,0
SYN-1573,95300.0,6,1,1,formal,0,0,0.0,46700.0,boarding,0,0,0,2.93,4,-1.3001,0
SYN-1574,35100.0,7,1,0,formal,0,0,0.0,49600.0,boarding,1,1,0,2.4,3,3.0262,1
SYN-1575,95200.0,2,1,1,deceased,0,0,0.0,43900.0,boarding,1,0,0,3.59,4,-2.1008,0
SYN-1576,55900.0,4,2,1,retired,0,0,0.0,52400.0,hostel,0,0,0,3.53,3,0.5847,0
SYN-1577,59200.0,2,1,1,formal,1,0,0.0,31600.0,home,0,1,0,2.67,4,0.2403,0
SYN-1578,211300.0,4,2,1,formal,0,0,0.0,51100.0,hostel,0,0,0,3.02,3,-2.889,0
SYN-1579,51500.0,6,1,1,informal,1,0,0.0,29900.0,boarding,0,0,0,3.33,3,1.2831,0
SYN-1580,109700.0,6,2,1,formal,0,0,0.0,31700.0,home,0,0,0,2.85,3,-1.8192,0
SYN-1581,28200.0,5,1,0,retired,0,0,0.0,27700.0,home,1,0,0,3.62,3,1.7371,0
SYN-1582,32300.0,5,1,1,formal,0,1,104000.0,29800.0,home,1,0,1,3.01,4,2.0659,1
SYN-1583,30400.0,4,3,0,retired,0,0,0.0,31200.0,home,1,0,0,2.83,4,2.7543,1
SYN-1584,240300.0,5,3,2,informal,0,0,0.0,44100.0,hostel,0,0,0,2.39,4,-2.0353,0
SYN-1585,102200.0,5,0,0,informal,0,0,0.0,35600.0,boarding,0,0,1,2.51,4,-1.9797,0
SYN-1586,79800.0,5,1,0,formal,0,0,0.0,25900.0,home,1,1,0,3.2,4,-1.1396,0
SYN-1587,28300.0,6,1,1,deceased,0,1,244000.0,22000.0,home,0,0,0,3.15,4,2.9028,1
SYN-1588,92900.0,6,2,2,informal,0,0,0.0,35100.0,boarding,1,0,1,3.39,3,-0.062,0
SYN-1589,26700.0,3,1,1,informal,0,0,0.0,42400.0,hostel,1,0,0,2.81,4,1.9982,1
SYN-1590,23800.0,4,0,0,informal,0,1,214000.0,33600.0,boarding,1,0,0,2.36,3,2.4324,1
SYN-1591,31300.0,4,0,0,retired,0,0,0.0,32900.0,home,1,0,0,2.84,4,0.7667,0
SYN-1592,159900.0,4,1,0,retired,0,0,0.0,25000.0,home,0,0,0,3.91,3,-3.8013,0
SYN-1593,120900.0,4,0,0,retired,0,0,0.0,19800.0,home,1,0,0,2.64,3,-2.967,0
SYN-1594,56300.0,4,2,0,informal,0,0,0.0,39300.0,boarding,0,0,0,3.03,3,-1.1084,0
SYN-1595,37700.0,3,2,1,retired,0,0,0.0,23900.0,home,0,0,0,2.04,4,0.6782,0
SYN-1596,27800.0,3,1,1,formal,0,1,458000.0,38000.0,home,1,1,1,2.73,4,4.7215,1
SYN-1597,27200.0,3,1,1,unemployed,0,0,0.0,48700.0,hostel,1,0,0,2.88,3,2.3314,1
SYN-1598,78900.0,2,0,0,informal,0,0,0.0,21900.0,home,0,0,0,3.19,4,-3.578,0
SYN-1599,86900.0,4,3,0,informal,0,0,0.0,51100.0,hostel,1,0,0,2.92,4,-0.4549,0
SYN-1600,79900.0,3,0,0,deceased,0,1,259000.0,42000.0,boarding,0,0,0,2.41,4,-2.3082,0
SYN-1601,33900.0,7,1,1,deceased,0,0,0.0,28700.0,home,1,0,0,2.77,3,2.1129,1
SYN-1602,98000.0,3,0,0,informal,0,0,0.0,38700.0,home,0,0,0,2.96,3,-3.0386,0
SYN-1603,49100.0,4,1,0,informal,0,1,521000.0,36100.0,boarding,0,1,0,2.53,4,1.3717,0
SYN-1604,57200.0,7,0,0,retired,0,0,0.0,47200.0,boarding,1,0,0,2.69,3,-1.195,0
SYN-1605,28600.0,4,0,0,deceased,0,1,495000.0,39200.0,boarding,1,0,0,3.47,3,4.0311,1
SYN-1606,70200.0,5,2,1,retired,0,0,0.0,47900.0,hostel,0,0,0,2.79,3,-0.2837,0
SYN-1607,84500.0,4,1,1,formal,0,0,0.0,37400.0,boarding,1,0,0,3.23,4,-2.0718,0
SYN-1608,65800.0,3,2,1,formal,1,0,0.0,37700.0,boarding,0,0,0,2.98,3,-0.0721,0
SYN-1609,84500.0,4,0,0,retired,0,0,0.0,27600.0,home,0,0,0,2.53,4,-2.8734,0
SYN-1610,12000.0,5,1,1,unemployed,0,1,462000.0,19500.0,home,1,0,0,2.91,4,7.6982,1
SYN-1611,18600.0,4,1,1,unemployed,0,0,0.0,43400.0,boarding,0,0,0,3.17,4,3.9868,1
SYN-1612,62200.0,4,3,0,informal,0,0,0.0,30600.0,home,0,0,0,3.78,3,-0.2399,0
SYN-1613,25400.0,3,0,0,informal,0,0,0.0,39800.0,hostel,1,0,0,2.73,3,1.4352,0
SYN-1614,57700.0,4,0,0,informal,0,0,0.0,33600.0,home,0,0,0,3.01,4,-2.1828,0
SYN-1615,34600.0,4,3,0,retired,0,1,583000.0,38000.0,home,1,0,0,3.43,4,3.0785,1
SYN-1616,101600.0,4,2,1,formal,1,0,0.0,37800.0,boarding,1,0,0,3.58,3,-0.5107,0
SYN-1617,36200.0,5,0,0,unemployed,0,1,229000.0,37200.0,boarding,0,0,0,2.78,3,1.4353,0
SYN-1618,58900.0,4,0,0,unemployed,0,0,0.0,36100.0,home,0,0,0,2.98,4,-2.571,0
SYN-1619,50200.0,6,2,1,retired,0,0,0.0,43700.0,boarding,1,1,0,3.42,4,2.8485,1
SYN-1620,51100.0,8,1,1,formal,0,0,0.0,40800.0,boarding,1,0,1,3.26,3,0.1888,0
SYN-1621,36000.0,6,0,0,unemployed,0,0,0.0,34500.0,home,0,1,0,3.38,3,1.7171,0
SYN-1622,131400.0,8,0,0,formal,0,0,0.0,31500.0,home,0,0,0,3.54,3,-1.7222,0
SYN-1623,132300.0,4,0,0,formal,0,0,0.0,49400.0,boarding,1,0,1,3.28,3,-3.3991,0
SYN-1624,37700.0,4,2,0,informal,1,0,0.0,41400.0,boarding,1,0,0,3.11,3,1.9179,1
SYN-1625,35600.0,3,2,1,formal,0,1,705000.0,32300.0,home,0,0,0,2.77,4,3.4885,1
SYN-1626,14700.0,5,1,1,deceased,0,1,276000.0,36000.0,home,1,1,1,2.85,3,8.1879,1
SYN-1627,35600.0,4,0,0,retired,0,0,0.0,28000.0,boarding,1,0,0,2.98,3,0.2963,0
SYN-1628,19000.0,3,1,0,formal,0,0,0.0,36200.0,home,1,0,0,3.55,3,2.3143,1
SYN-1629,114200.0,4,2,2,retired,0,0,0.0,45200.0,hostel,1,0,0,3.12,3,-1.4094,0
SYN-1630,100200.0,3,1,1,informal,0,0,0.0,32700.0,home,0,0,0,3.13,4,-1.8965,0
SYN-1631,23600.0,6,2,1,unemployed,0,1,173000.0,50700.0,boarding,0,0,1,2.63,4,6.0191,1
SYN-1632,29600.0,4,1,1,retired,0,1,374000.0,46300.0,hostel,0,0,0,3.56,4,4.5619,1
SYN-1633,127000.0,6,1,1,informal,0,0,0.0,27500.0,home,0,1,1,2.63,3,-3.0613,0
SYN-1634,47700.0,6,1,0,formal,0,0,0.0,41200.0,boarding,0,0,1,2.93,3,0.7643,0
SYN-1635,28200.0,4,2,2,formal,1,1,364000.0,22000.0,home,1,0,0,3.6,4,4.469,1
SYN-1636,36900.0,4,2,2,informal,0,1,320000.0,53600.0,boarding,1,0,0,3.42,3,5.0906,1
SYN-1637,51500.0,2,0,0,deceased,0,1,396000.0,47800.0,hostel,0,1,0,2.59,3,-1.1509,0
SYN-1638,79200.0,6,2,0,informal,0,0,0.0,57100.0,hostel,1,0,0,2.6,4,-0.7252,0
SYN-1639,139100.0,7,0,0,informal,0,1,786000.0,28200.0,home,0,0,0,2.96,3,-2.0548,0
SYN-1640,156300.0,2,1,1,formal,0,0,0.0,48200.0,hostel,0,0,0,2.81,3,-3.9805,0
SYN-1641,27200.0,5,1,1,deceased,1,1,128000.0,53200.0,hostel,1,0,0,2.43,3,4.4199,1
SYN-1642,154300.0,8,4,1,formal,0,0,0.0,23900.0,home,0,0,0,2.73,3,-0.4328,0
SYN-1643,13000.0,5,4,0,unemployed,1,0,0.0,47400.0,hostel,1,0,0,1.9,4,7.8751,1
SYN-1644,12000.0,4,1,1,unemployed,0,1,176000.0,35000.0,home,1,1,0,3.33,4,8.0749,1
SYN-1645,60800.0,4,2,0,formal,0,0,0.0,46800.0,hostel,0,0,0,3.4,3,0.6393,0
SYN-1646,44100.0,6,1,1,formal,0,0,0.0,45300.0,hostel,1,1,0,3.54,3,1.8813,1
SYN-1647,51000.0,3,2,2,informal,0,0,0.0,47600.0,boarding,0,0,0,3.2,3,0.6221,0
SYN-1648,51900.0,6,3,2,formal,0,1,438000.0,37700.0,home,0,1,0,2.76,4,5.6108,1
SYN-1649,25900.0,5,2,1,unemployed,0,0,0.0,56600.0,hostel,0,0,0,3.48,4,3.8902,1
SYN-1650,59900.0,5,1,1,retired,0,0,0.0,26300.0,home,1,0,0,2.76,3,-0.4149,0
SYN-1651,176300.0,7,0,0,formal,0,0,0.0,38300.0,boarding,1,0,0,2.49,4,-2.628,0
SYN-1652,15700.0,4,3,0,informal,1,0,0.0,38900.0,boarding,1,0,0,2.99,4,6.0562,1
SYN-1653,24300.0,6,1,0,formal,1,1,349000.0,34000.0,home,1,0,0,3.22,4,5.2809,1
SYN-1654,56900.0,2,1,1,formal,0,0,0.0,23400.0,home,0,0,0,2.71,4,-0.8078,0
SYN-1655,39700.0,6,0,0,unemployed,0,0,0.0,23700.0,home,1,0,0,2.61,3,-0.0256,0
SYN-1656,38000.0,4,2,1,retired,0,1,871000.0,44100.0,hostel,1,0,0,2.87,3,4.3388,1
SYN-1657,26400.0,5,3,1,retired,1,1,291000.0,42800.0,hostel,0,1,0,3.12,3,6.1555,1
SYN-1658,101800.0,5,0,0,formal,0,0,0.0,52900.0,hostel,1,0,0,2.99,3,-2.4685,0
SYN-1659,95200.0,4,0,0,informal,0,0,0.0,46000.0,boarding,1,0,0,4.0,3,-2.3567,0
SYN-1660,55700.0,3,2,0,informal,0,0,0.0,38900.0,boarding,1,0,0,2.99,4,-0.6545,0
SYN-1661,30900.0,6,0,0,deceased,0,0,0.0,40400.0,boarding,0,0,0,3.37,4,1.5713,0
SYN-1662,83700.0,3,0,0,informal,0,0,0.0,27500.0,boarding,0,0,0,2.44,3,-2.8278,0
SYN-1663,23900.0,4,3,1,deceased,1,0,0.0,45500.0,hostel,1,0,0,3.3,4,3.9631,1
SYN-1664,77100.0,2,1,1,formal,0,1,328000.0,36800.0,home,0,1,0,2.76,3,-1.4141,0
SYN-1665,54400.0,3,1,1,informal,0,0,0.0,45200.0,hostel,0,0,0,3.05,3,-0.7977,0
SYN-1666,90700.0,6,2,2,retired,0,0,0.0,42000.0,hostel,0,0,0,3.76,3,-0.1819,0
SYN-1667,64600.0,7,1,1,informal,0,0,0.0,37600.0,home,1,0,0,2.89,4,0.422,0
SYN-1668,99500.0,5,0,0,informal,0,0,0.0,41900.0,hostel,1,0,0,2.5,4,-1.5665,0
SYN-1669,150500.0,8,3,2,informal,0,0,0.0,56500.0,hostel,0,0,0,2.57,4,0.0215,0
SYN-1670,48600.0,4,0,0,deceased,0,1,290000.0,45900.0,home,1,0,0,3.12,4,0.2143,0
SYN-1671,66600.0,4,2,1,formal,0,0,0.0,29400.0,home,0,0,0,3.1,3,0.035,0
SYN-1672,61800.0,6,1,0,deceased,1,0,0.0,48300.0,boarding,0,0,1,3.08,3,0.6189,0
SYN-1673,72700.0,4,1,1,informal,0,0,0.0,38800.0,hostel,1,0,0,2.51,3,-0.0573,0
SYN-1674,302100.0,4,0,0,informal,0,0,0.0,20600.0,home,0,0,0,3.9,4,-5.4415,0
SYN-1675,85600.0,3,1,1,informal,0,1,334000.0,37100.0,boarding,0,0,0,3.67,3,-1.5304,0
SYN-1676,93000.0,3,2,2,formal,1,0,0.0,46000.0,boarding,0,0,0,3.1,3,-1.1217,0
SYN-1677,40900.0,5,3,1,deceased,1,1,297000.0,30000.0,home,0,1,0,2.31,4,4.2062,1
SYN-1678,33000.0,6,3,1,deceased,1,0,0.0,29000.0,home,0,0,0,3.72,3,2.0501,1
SYN-1679,42000.0,3,1,0,deceased,0,0,0.0,22900.0,home,0,0,0,3.53,3,-0.0829,0
SYN-1680,56900.0,3,0,0,deceased,0,1,600000.0,47300.0,hostel,0,0,0,3.09,3,-0.9439,0
SYN-1681,69200.0,4,3,1,informal,1,0,0.0,26500.0,home,0,0,0,3.55,3,0.4719,0
SYN-1682,136200.0,4,1,1,informal,0,0,0.0,36400.0,boarding,0,0,0,2.84,4,-2.9666,0
SYN-1683,50400.0,4,3,1,retired,0,0,0.0,36000.0,boarding,1,0,0,2.65,4,0.6362,0
SYN-1684,53200.0,5,0,0,formal,0,0,0.0,49100.0,hostel,1,0,0,3.12,3,0.1702,0
SYN-1685,35600.0,5,2,1,retired,0,0,0.0,44000.0,hostel,1,0,0,2.4,4,2.6132,1
SYN-1686,34900.0,6,1,0,informal,0,1,714000.0,48000.0,hostel,0,0,0,2.58,3,4.6996,1
SYN-1687,179900.0,4,0,0,informal,0,0,0.0,31800.0,boarding,0,0,0,3.28,4,-5.3076,0
SYN-1688,53600.0,3,2,2,informal,0,0,0.0,32800.0,home,0,0,0,3.15,3,1.2442,0
SYN-1689,95800.0,4,3,1,informal,0,0,0.0,31300.0,home,1,0,0,2.47,3,-0.4169,0
SYN-1690,102500.0,4,1,0,formal,0,0,0.0,40200.0,boarding,0,0,0,2.88,3,-1.9164,0
SYN-1691,85300.0,2,1,1,informal,0,0,0.0,30900.0,home,0,0,0,2.49,4,-3.8701,0
SYN-1692,52800.0,6,0,0,informal,0,0,0.0,35100.0,home,1,0,0,2.84,3,0.1411,0
SYN-1693,57100.0,3,2,2,formal,0,0,0.0,22000.0,home,0,1,0,2.7,3,0.7115,0
SYN-1694,51700.0,4,1,1,formal,0,1,217000.0,30400.0,home,0,0,0,3.47,3,0.5993,0
SYN-1695,186700.0,5,0,0,informal,0,0,0.0,34300.0,boarding,0,0,0,2.98,4,-3.9964,0
SYN-1696,73100.0,5,0,0,formal,0,0,0.0,48500.0,hostel,1,0,0,2.95,3,-1.4897,0
SYN-1697,101300.0,5,3,2,retired,0,1,101000.0,28600.0,home,0,0,0,2.89,4,-0.9207,0
SYN-1698,188500.0,8,1,1,formal,0,0,0.0,29900.0,home,0,0,0,2.33,3,-2.9467,0
SYN-1699,57600.0,6,0,0,informal,0,0,0.0,46200.0,boarding,0,0,0,3.01,3,-0.4131,0
SYN-1700,111100.0,4,1,0,formal,0,0,0.0,34500.0,home,0,0,0,3.25,3,-1.8774,0
SYN-1701,74000.0,7,1,1,informal,0,0,0.0,54000.0,hostel,0,0,0,3.15,3,0.6851,0
SYN-1702,29800.0,6,1,1,informal,0,0,0.0,27800.0,home,1,0,0,3.34,3,2.3687,1
SYN-1703,65200.0,2,1,0,informal,0,0,0.0,33900.0,home,0,0,0,3.36,3,-2.4056,0
SYN-1704,71800.0,5,1,1,informal,1,1,442000.0,44300.0,boarding,0,0,0,3.97,3,1.6084,0
SYN-1705,54800.0,6,1,1,informal,0,0,0.0,39500.0,boarding,0,0,0,2.58,3,0.8074,0
SYN-1706,41300.0,2,1,1,formal,1,0,0.0,42100.0,boarding,1,0,0,3.15,4,0.8391,0
SYN-1707,51200.0,5,1,0,informal,0,0,0.0,29300.0,home,1,0,0,3.2,3,-0.7647,0
SYN-1708,230500.0,6,0,0,informal,0,0,0.0,37700.0,home,0,0,0,2.92,3,-3.8828,0
SYN-1709,20500.0,2,1,0,informal,0,1,439000.0,34500.0,home,1,0,0,2.78,4,3.7965,1
SYN-1710,95100.0,5,1,1,informal,0,0,0.0,39700.0,boarding,0,0,0,3.26,4,-0.2106,0
SYN-1711,37000.0,7,1,1,retired,0,1,445000.0,27800.0,home,1,0,0,3.22,4,3.144,1
SYN-1712,50700.0,7,1,1,informal,0,0,0.0,35300.0,home,0,0,0,2.61,3,0.5097,0
SYN-1713,75500.0,2,1,1,formal,0,0,0.0,48900.0,boarding,0,0,0,2.3,4,-2.2257,0
SYN-1714,99100.0,8,0,0,formal,0,0,0.0,43200.0,boarding,1,0,0,2.84,3,-1.248,0
SYN-1715,131100.0,4,1,1,formal,0,0,0.0,33600.0,home,0,0,0,2.77,3,-2.1886,0
SYN-1716,62300.0,7,0,0,informal,0,0,0.0,55200.0,hostel,1,1,0,3.2,3,1.1706,0
SYN-1717,99500.0,2,1,1,retired,0,0,0.0,40500.0,boarding,0,0,0,2.66,4,-2.6777,0
SYN-1718,67200.0,5,0,0,unemployed,0,0,0.0,48500.0,hostel,0,0,0,2.98,3,-0.8281,0
SYN-1719,113100.0,4,2,0,informal,0,0,0.0,32700.0,home,0,0,0,2.33,3,-2.9068,0
SYN-1720,50800.0,3,0,0,formal,0,0,0.0,39100.0,boarding,1,1,0,2.3,3,0.0974,0
SYN-1721,55900.0,6,0,0,retired,0,0,0.0,39300.0,home,1,0,0,2.73,3,-0.0921,0
SYN-1722,115800.0,8,3,2,formal,0,0,0.0,27600.0,home,0,0,0,2.94,3,-0.4891,0
SYN-1723,46100.0,3,0,0,informal,0,1,272000.0,30300.0,home,0,0,0,2.71,3,-0.9181,0
SYN-1724,16600.0,5,1,0,retired,1,1,367000.0,40500.0,home,0,0,0,3.11,4,7.192,1
SYN-1725,18500.0,2,1,0,informal,0,1,605000.0,37800.0,hostel,1,0,0,2.34,3,3.8775,1
SYN-1726,71300.0,6,3,0,formal,0,1,373000.0,49200.0,hostel,1,0,0,2.96,4,2.3003,1
SYN-1727,103700.0,6,0,0,formal,0,1,202000.0,26400.0,home,0,0,0,2.96,3,-1.3794,0
SYN-1728,29400.0,5,1,1,informal,0,0,0.0,30000.0,home,1,0,0,2.44,3,1.334,0
SYN-1729,122000.0,5,0,0,formal,0,0,0.0,23400.0,home,1,0,0,3.15,3,-3.1479,0
SYN-1730,78500.0,4,0,0,informal,0,0,0.0,39500.0,boarding,0,0,0,2.14,3,-1.5061,0
SYN-1731,118200.0,6,1,1,informal,0,0,0.0,30100.0,home,1,1,0,2.66,3,-0.41,0
SYN-1732,107900.0,6,2,2,formal,0,0,0.0,42800.0,boarding,0,0,0,3.38,3,-0.2838,0
SYN-1733,38200.0,3,2,2,formal,0,1,131000.0,34900.0,home,1,1,0,2.02,3,4.0255,1
SYN-1734,70200.0,5,0,0,retired,0,0,0.0,28700.0,boarding,0,1,0,3.23,4,-0.832,0
SYN-1735,104300.0,3,2,0,informal,0,0,0.0,47300.0,hostel,0,0,0,2.56,4,-2.5364,0
SYN-1736,24700.0,3,1,1,unemployed,0,1,295000.0,29000.0,home,0,0,0,2.8,3,2.9293,1
SYN-1737,18300.0,2,1,1,informal,1,0,0.0,47600.0,hostel,1,1,0,3.54,3,5.4611,1
SYN-1738,67000.0,6,3,0,formal,1,0,0.0,48200.0,hostel,0,0,0,2.79,3,1.12,0
SYN-1739,41600.0,6,1,1,informal,0,0,0.0,36900.0,boarding,0,0,0,3.73,4,1.344,0
SYN-1740,104300.0,5,1,1,informal,0,0,0.0,21500.0,home,1,0,0,2.92,3,-1.8248,0
SYN-1741,45000.0,5,0,0,informal,0,0,0.0,42700.0,boarding,1,0,1,3.01,3,0.3539,0
SYN-1742,109900.0,5,1,0,retired,0,0,0.0,24500.0,home,1,0,0,3.4,4,-2.5415,0
SYN-1743,15000.0,8,2,2,deceased,0,0,0.0,50200.0,hostel,0,0,0,3.28,4,7.5886,1
SYN-1744,42300.0,4,2,1,retired,1,1,388000.0,36300.0,boarding,0,0,0,3.11,3,2.5226,1
SYN-1745,114000.0,5,3,1,informal,1,0,0.0,51800.0,hostel,0,0,0,2.86,4,-0.8233,0
SYN-1746,44200.0,4,0,0,informal,0,0,0.0,41200.0,boarding,0,1,0,2.3,3,0.4742,0
SYN-1747,66100.0,5,3,0,informal,0,0,0.0,30100.0,home,0,0,0,2.42,3,0.0614,0
SYN-1748,70500.0,4,1,1,formal,0,0,0.0,40100.0,boarding,0,0,0,3.6,4,-0.868,0
SYN-1749,27000.0,3,2,1,retired,1,0,0.0,45800.0,hostel,0,0,0,3.76,4,2.3311,1
SYN-1750,62400.0,3,1,1,retired,0,0,0.0,28700.0,home,0,0,0,3.1,3,-0.957,0
SYN-1751,33700.0,8,0,0,formal,0,1,263000.0,36500.0,home,1,1,0,2.21,3,4.8169,1
SYN-1752,51300.0,3,1,0,retired,0,0,0.0,39600.0,hostel,0,0,0,2.73,3,-0.9456,0
SYN-1753,72500.0,3,1,0,retired,0,0,0.0,26400.0,home,0,0,0,2.7,4,-2.9036,0
SYN-1754,50000.0,5,0,0,informal,0,1,435000.0,53800.0,hostel,1,0,0,2.82,3,1.3608,0
SYN-1755,31500.0,4,0,0,retired,0,0,0.0,34500.0,home,0,0,0,2.68,4,-0.3299,0
SYN-1756,121000.0,4,0,0,formal,0,0,0.0,55400.0,hostel,1,0,0,3.27,4,-3.9768,0
SYN-1757,131500.0,5,1,1,formal,0,0,0.0,41200.0,boarding,0,0,0,3.15,3,-2.451,0
SYN-1758,35700.0,3,2,1,formal,1,0,0.0,22700.0,home,0,0,0,3.71,4,2.2703,1
SYN-1759,35400.0,4,0,0,informal,0,0,0.0,23900.0,home,0,0,0,2.89,3,-0.4313,0
SYN-1760,40700.0,6,0,0,formal,0,1,136000.0,28400.0,home,1,0,0,3.13,3,1.2312,0
SYN-1761,51000.0,3,0,0,deceased,0,1,313000.0,45700.0,boarding,1,0,0,3.36,3,-0.2454,0
SYN-1762,79900.0,8,0,0,formal,0,1,234000.0,28600.0,home,1,0,0,3.48,4,0.5075,0
SYN-1763,106000.0,3,1,1,formal,0,1,407000.0,28200.0,home,1,0,0,2.53,4,-2.638,0
SYN-1764,47000.0,4,0,0,informal,0,0,0.0,43700.0,boarding,1,1,0,3.12,3,1.653,0
SYN-1765,41300.0,9,3,3,formal,0,0,0.0,48200.0,hostel,1,1,0,3.01,3,5.0957,1
SYN-1766,55400.0,2,0,0,unemployed,0,0,0.0,27600.0,home,0,0,0,3.18,3,-2.4876,0
SYN-1767,41500.0,9,2,2,informal,0,0,0.0,36000.0,boarding,1,0,0,3.08,3,2.5832,1
SYN-1768,41800.0,2,0,0,deceased,0,1,338000.0,53200.0,hostel,1,0,0,3.77,4,-1.5694,0
SYN-1769,14300.0,2,1,1,unemployed,0,0,0.0,47300.0,boarding,0,0,0,2.68,4,4.0109,1
SYN-1770,64300.0,6,0,0,formal,0,0,0.0,42200.0,hostel,0,0,0,2.65,4,-1.4171,0
SYN-1771,153300.0,5,1,0,formal,0,0,0.0,39300.0,boarding,0,0,0,2.71,3,-2.3369,0
SYN-1772,42700.0,5,2,2,formal,1,1,557000.0,45200.0,boarding,0,0,0,2.93,3,3.3972,1
SYN-1773,75800.0,4,2,2,deceased,0,0,0.0,41700.0,hostel,0,0,0,3.17,3,-0.0455,0
SYN-1774,12000.0,4,2,2,unemployed,1,0,0.0,32000.0,home,0,0,0,2.86,4,6.7712,1
SYN-1775,38200.0,2,1,0,informal,1,0,0.0,39700.0,boarding,0,0,0,3.47,4,0.1838,0
SYN-1776,80100.0,2,0,0,formal,0,0,0.0,34800.0,boarding,0,0,0,3.05,3,-4.1088,0
SYN-1777,102400.0,3,2,1,retired,1,0,0.0,39800.0,home,0,1,0,2.91,3,-1.4895,0
SYN-1778,36100.0,4,0,0,formal,0,1,507000.0,39600.0,boarding,1,0,0,2.49,3,1.4154,0
SYN-1779,48400.0,3,2,0,unemployed,0,1,520000.0,44400.0,boarding,0,0,0,3.81,4,0.7988,0
SYN-1780,46600.0,5,2,1,unemployed,0,0,0.0,23800.0,home,1,1,0,2.93,4,0.8457,0
SYN-1781,59200.0,2,0,0,formal,0,0,0.0,38500.0,home,0,0,0,3.74,4,-3.012,0
SYN-1782,45800.0,4,0,0,informal,0,0,0.0,40700.0,home,1,0,0,2.79,3,-0.8318,0
SYN-1783,74200.0,6,1,1,formal,0,0,0.0,21700.0,home,1,0,0,3.4,3,-1.0607,0
SYN-1784,24900.0,3,0,0,informal,0,0,0.0,40600.0,boarding,1,0,0,2.81,3,0.2493,0
SYN-1785,37700.0,4,1,1,deceased,0,0,0.0,37300.0,home,0,0,0,3.81,3,-0.0379,0
SYN-1786,52600.0,5,0,0,unemployed,0,0,0.0,27400.0,home,1,0,0,3.52,3,-0.6418,0
SYN-1787,72700.0,3,1,0,retired,0,0,0.0,32300.0,home,0,0,0,3.41,3,-2.3803,0
SYN-1788,47700.0,3,1,1,informal,1,0,0.0,38800.0,hostel,0,1,0,2.65,3,1.2279,0
SYN-1789,73000.0,6,0,0,formal,0,0,0.0,43700.0,hostel,1,0,0,3.85,3,-0.8817,0
SYN-1790,46000.0,5,0,0,unemployed,0,0,0.0,31700.0,home,0,0,0,3.91,3,-0.5655,0
SYN-1791,62000.0,3,2,0,informal,1,0,0.0,26800.0,home,1,0,0,2.89,4,0.206,0
SYN-1792,50500.0,4,2,1,formal,0,0,0.0,28000.0,home,1,0,1,3.12,4,-0.5031,0
SYN-1793,167800.0,6,3,1,informal,0,0,0.0,21700.0,home,0,0,0,3.44,3,-1.4064,0
SYN-1794,148800.0,3,1,1,informal,0,0,0.0,45100.0,boarding,0,0,0,2.22,4,-2.9762,0
SYN-1795,37900.0,5,0,0,unemployed,0,0,0.0,34100.0,boarding,1,1,0,3.43,4,1.4145,0
SYN-1796,55400.0,4,1,1,formal,0,0,0.0,50000.0,boarding,0,0,0,3.48,4,-0.5119,0
SYN-1797,24300.0,7,1,1,retired,0,0,0.0,44200.0,hostel,1,0,0,2.81,4,3.8776,1
SYN-1798,60300.0,5,2,0,informal,0,0,0.0,52400.0,hostel,0,0,0,2.13,3,0.3419,0
SYN-1799,91000.0,3,1,0,formal,0,0,0.0,33900.0,home,0,0,0,3.19,3,-3.2964,0
SYN-1800,33300.0,4,0,0,formal,0,0,0.0,36100.0,boarding,0,0,0,2.57,3,0.4994,0
SYN-1801,71600.0,3,2,1,retired,0,0,0.0,26800.0,home,0,0,0,2.38,3,0.1695,0
SYN-1802,100300.0,4,1,0,formal,1,0,0.0,39000.0,boarding,1,0,0,3.21,3,-1.6171,0
SYN-1803,99100.0,3,1,1,informal,0,1,224000.0,27900.0,home,0,0,0,3.6,4,-1.4125,0
SYN-1804,60700.0,6,2,1,formal,0,0,0.0,22900.0,home,0,0,0,2.96,4,0.5152,0
SYN-1805,21600.0,4,2,1,unemployed,0,0,0.0,32900.0,home,0,1,0,3.45,3,4.3477,1
SYN-1806,50200.0,6,1,0,retired,0,1,533000.0,26200.0,home,1,0,0,3.33,4,1.4806,0
SYN-1807,80900.0,5,1,1,formal,0,0,0.0,29400.0,home,0,0,0,2.47,4,-1.2559,0
SYN-1808,48200.0,5,0,0,deceased,0,0,0.0,47000.0,boarding,1,0,0,2.82,4,-0.4983,0
SYN-1809,95600.0,4,1,1,formal,0,0,0.0,33100.0,home,1,1,0,3.4,3,-0.3768,0
SYN-1810,125100.0,5,3,1,formal,0,1,309000.0,44600.0,hostel,1,0,0,2.81,4,-0.9268,0
SYN-1811,38700.0,3,0,0,informal,0,0,0.0,35700.0,home,0,0,0,3.39,4,0.0387,0
SYN-1812,37800.0,4,0,0,unemployed,0,1,408000.0,51700.0,hostel,0,0,0,2.88,3,2.0447,1
SYN-1813,56200.0,2,0,0,formal,0,0,0.0,26100.0,home,1,0,0,3.35,3,-2.5346,0
SYN-1814,68300.0,3,2,1,informal,0,0,0.0,27200.0,home,0,0,0,3.23,4,-1.3902,0
SYN-1815,101900.0,4,1,1,formal,1,0,0.0,35500.0,home,0,0,0,2.95,3,-1.1426,0
SYN-1816,123200.0,6,0,0,informal,0,0,0.0,34300.0,home,0,0,0,3.34,4,-2.6986,0
SYN-1817,155700.0,5,1,1,informal,0,0,0.0,21700.0,home,0,0,1,2.14,4,-3.3465,0
SYN-1818,61200.0,3,1,1,deceased,0,0,0.0,36000.0,boarding,0,0,0,2.59,3,-1.3767,0
SYN-1819,67900.0,5,0,0,informal,0,0,0.0,33800.0,home,0,0,0,2.86,3,-2.1583,0
SYN-1820,62800.0,5,2,2,informal,0,0,0.0,23500.0,home,0,0,0,3.54,3,0.4019,0
SYN-1821,27800.0,5,0,0,informal,0,1,149000.0,34400.0,home,0,0,0,2.44,3,2.1651,1
SYN-1822,183900.0,5,0,0,formal,0,0,0.0,52100.0,boarding,0,0,0,3.04,4,-4.5305,0
SYN-1823,73700.0,3,2,1,formal,0,0,0.0,32100.0,home,0,0,0,3.18,4,-0.5021,0
SYN-1824,63900.0,5,2,1,deceased,0,1,170000.0,24900.0,home,0,1,0,3.05,4,2.5113,1
SYN-1825,99700.0,4,0,0,formal,0,0,0.0,31000.0,home,1,0,0,3.01,3,-3.4381,0
SYN-1826,27500.0,2,1,1,retired,0,1,193000.0,47200.0,boarding,0,0,0,2.79,4,2.5516,1
SYN-1827,53000.0,3,0,0,formal,0,1,421000.0,42000.0,boarding,0,0,0,2.95,4,-0.0333,0
SYN-1828,127800.0,3,2,1,retired,0,0,0.0,44200.0,boarding,0,0,0,3.46,4,-2.4717,0
SYN-1829,103200.0,3,2,1,formal,0,0,0.0,37100.0,boarding,0,0,0,2.76,3,-1.3352,0
SYN-1830,35200.0,3,2,0,deceased,0,1,203000.0,26000.0,home,0,0,0,2.14,3,1.9806,1
SYN-1831,31200.0,5,1,1,unemployed,0,0,0.0,46500.0,boarding,0,0,0,3.25,4,2.4713,1
SYN-1832,159900.0,4,2,1,formal,0,0,0.0,37600.0,boarding,0,0,1,3.68,3,-1.7559,0
SYN-1833,43600.0,4,0,0,unemployed,0,0,0.0,27300.0,boarding,1,1,0,2.51,3,-0.5122,0
SYN-1834,25100.0,7,1,0,informal,0,1,430000.0,28300.0,home,1,0,0,3.62,4,4.9772,1
SYN-1835,168600.0,2,0,0,formal,0,0,0.0,43200.0,boarding,1,0,0,3.27,4,-5.5695,0
SYN-1836,84100.0,5,1,0,formal,1,0,0.0,47300.0,boarding,1,0,1,2.56,3,-1.0458,0
SYN-1837,22100.0,6,2,2,unemployed,1,1,387000.0,50600.0,boarding,0,0,0,2.75,4,7.534,1
SYN-1838,12500.0,3,2,2,unemployed,1,1,275000.0,42000.0,boarding,0,1,0,2.64,3,10.0912,1
SYN-1839,157100.0,6,2,1,formal,0,0,0.0,45100.0,boarding,0,0,0,3.12,4,-2.4524,0
SYN-1840,55300.0,6,0,0,retired,0,0,0.0,30700.0,home,1,0,0,2.97,3,-0.8557,0
SYN-1841,39500.0,2,1,1,formal,0,1,137000.0,31900.0,home,0,0,0,3.51,3,1.1808,0
SYN-1842,60400.0,4,1,1,formal,0,0,0.0,29000.0,home,1,0,0,3.41,4,-1.1446,0
SYN-1843,402700.0,3,2,1,informal,0,0,0.0,32100.0,home,0,0,0,2.4,4,-4.0758,0
SYN-1844,69300.0,6,1,1,formal,0,0,0.0,37500.0,boarding,1,0,0,2.45,4,-0.5186,0
SYN-1845,58500.0,2,1,1,formal,0,0,0.0,52400.0,boarding,0,0,0,3.31,3,-1.0205,0
SYN-1846,23300.0,5,2,2,informal,1,0,0.0,28300.0,boarding,1,0,0,2.83,3,5.164,1
SYN-1847,233200.0,4,2,0,formal,0,1,302000.0,44600.0,boarding,0,0,0,2.98,3,-3.1415,0
SYN-1848,78800.0,5,1,1,formal,1,0,0.0,43300.0,boarding,1,0,0,3.28,4,-0.8923,0
SYN-1849,72500.0,7,1,0,unemployed,0,0,0.0,32000.0,home,0,0,0,3.41,4,-0.8098,0
SYN-1850,64500.0,6,1,1,informal,0,0,0.0,23500.0,home,1,0,0,2.53,3,0.007,0
SYN-1851,108700.0,4,2,1,retired,0,0,0.0,20800.0,home,0,0,0,2.12,3,-1.074,0
SYN-1852,45300.0,4,2,2,informal,0,0,0.0,44800.0,boarding,0,0,0,3.0,3,1.5079,0
SYN-1853,56800.0,4,2,0,informal,1,0,0.0,37400.0,home,0,0,0,2.69,3,0.0997,0
SYN-1854,74200.0,3,2,1,formal,1,0,0.0,31200.0,home,0,1,0,2.98,3,1.151,0
SYN-1855,116700.0,4,1,1,retired,0,0,0.0,34400.0,home,0,0,0,3.01,4,-1.402,0
SYN-1856,81800.0,9,0,0,formal,0,0,0.0,39000.0,boarding,1,0,0,2.64,3,0.0381,0
SYN-1857,48700.0,4,1,1,formal,0,1,190000.0,49800.0,hostel,1,1,0,3.83,3,2.2703,1
SYN-1858,31700.0,5,1,0,retired,1,0,0.0,54700.0,hostel,1,0,0,3.06,4,1.1311,0
SYN-1859,12000.0,3,2,2,unemployed,0,0,0.0,28300.0,home,1,0,0,2.81,4,5.0822,1
SYN-1860,20100.0,7,1,1,informal,0,1,123000.0,48000.0,boarding,0,1,0,2.99,4,5.8986,1
SYN-1861,139000.0,5,1,1,formal,0,0,0.0,21000.0,home,0,0,0,3.27,3,-2.4674,0
SYN-1862,71600.0,3,1,1,formal,0,0,0.0,44600.0,hostel,0,0,0,2.78,3,-0.7971,0
SYN-1863,62500.0,5,3,2,informal,0,0,0.0,33000.0,home,0,0,0,4.0,3,2.1202,1
SYN-1864,52800.0,5,0,0,unemployed,0,0,0.0,40500.0,home,0,0,0,2.41,3,0.0346,0
SYN-1865,112000.0,3,1,1,informal,1,0,0.0,41600.0,boarding,0,0,0,2.44,4,-2.49,0
SYN-1866,118100.0,4,1,0,formal,0,0,0.0,24300.0,home,0,0,0,2.38,4,-2.6961,0
SYN-1867,198200.0,5,0,0,formal,0,0,0.0,58300.0,hostel,1,0,0,3.05,3,-3.4343,0
SYN-1868,95100.0,7,1,1,informal,0,0,0.0,29300.0,home,0,0,0,3.25,4,-1.7464,0
SYN-1869,39500.0,3,0,0,unemployed,0,1,420000.0,51700.0,hostel,0,1,0,2.81,4,1.5937,0
SYN-1870,78300.0,5,2,1,formal,0,0,0.0,28200.0,home,1,0,0,3.25,3,-0.4704,0
SYN-1871,43400.0,6,1,1,formal,0,0,0.0,30800.0,home,0,0,0,3.24,3,2.0873,1
SYN-1872,148900.0,7,2,1,formal,0,0,0.0,38400.0,boarding,0,0,0,2.9,4,-1.3431,0
SYN-1873,22900.0,3,1,1,formal,0,1,235000.0,53900.0,boarding,0,0,0,3.23,3,3.723,1
SYN-1874,52300.0,4,1,1,informal,0,1,223000.0,54600.0,hostel,0,0,0,2.97,3,0.9377,0
SYN-1875,89100.0,3,2,1,formal,0,0,0.0,51200.0,boarding,0,0,0,2.88,3,-0.7977,0
SYN-1876,36500.0,4,1,1,informal,0,1,223000.0,37200.0,boarding,1,0,0,2.84,4,2.2526,1
SYN-1877,33200.0,4,0,0,retired,0,0,0.0,20000.0,home,1,0,0,3.15,4,-0.2205,0
SYN-1878,133100.0,4,3,1,deceased,0,1,356000.0,46400.0,hostel,0,0,0,3.56,3,-0.6553,0
SYN-1879,88800.0,5,1,1,deceased,0,0,0.0,55300.0,boarding,0,0,0,2.54,3,-0.2285,0
SYN-1880,60300.0,8,1,1,formal,0,0,0.0,39700.0,boarding,0,0,0,2.85,4,1.347,0
SYN-1881,68000.0,6,2,2,formal,0,0,0.0,53800.0,hostel,0,0,1,3.12,4,0.3712,0
SYN-1882,34000.0,5,0,0,formal,0,0,0.0,24400.0,home,1,0,0,3.79,4,0.4256,0
SYN-1883,49300.0,4,1,1,unemployed,0,1,321000.0,43400.0,hostel,0,0,0,3.23,4,1.1805,0
SYN-1884,59800.0,5,1,1,formal,0,0,0.0,41100.0,boarding,1,0,1,2.71,4,0.4359,0
SYN-1885,23300.0,2,1,0,formal,0,0,0.0,59600.0,hostel,1,0,0,2.66,3,2.2244,1
SYN-1886,52200.0,5,1,1,formal,1,0,0.0,47600.0,boarding,1,0,0,3.46,3,0.0861,0
SYN-1887,87400.0,6,0,0,formal,0,0,0.0,30200.0,boarding,1,0,0,2.92,4,-1.2154,0
SYN-1888,56800.0,6,3,0,unemployed,0,0,0.0,45200.0,boarding,0,0,1,2.53,3,0.7087,0
SYN-1889,69300.0,4,0,0,informal,0,0,0.0,35200.0,boarding,0,0,0,3.48,3,-2.2044,0
SYN-1890,45900.0,5,0,0,informal,0,0,0.0,26300.0,home,1,0,0,3.18,3,0.7508,0
SYN-1891,144300.0,3,1,1,deceased,0,0,0.0,44300.0,boarding,0,0,0,2.55,3,-3.4212,0
SYN-1892,88300.0,2,0,0,formal,0,0,0.0,49200.0,boarding,0,0,1,2.49,4,-3.484,0
SYN-1893,102000.0,3,1,1,formal,0,0,0.0,55400.0,hostel,1,0,0,2.14,3,-2.5815,0
SYN-1894,41800.0,4,1,1,informal,0,0,0.0,49800.0,hostel,1,0,0,2.79,4,1.2784,0
SYN-1895,82300.0,3,1,1,informal,0,0,0.0,31900.0,home,1,0,0,3.18,3,-1.9947,0
SYN-1896,32400.0,2,1,1,informal,0,0,0.0,37400.0,home,0,0,0,3.45,4,0.4049,0
SYN-1897,53200.0,3,0,0,formal,0,0,0.0,21300.0,home,1,0,0,3.23,3,-1.4225,0
SYN-1898,19400.0,3,0,0,deceased,0,0,0.0,51600.0,boarding,1,0,0,2.5,3,2.3051,1
SYN-1899,49200.0,4,0,0,formal,0,0,0.0,44000.0,hostel,1,0,0,2.93,3,-0.9423,0
SYN-1900,175100.0,4,2,2,formal,0,0,0.0,42900.0,boarding,0,1,0,3.55,3,-1.6708,0
SYN-1901,40200.0,8,0,0,informal,0,1,383000.0,45300.0,hostel,1,0,0,2.83,4,5.1375,1
SYN-1902,71800.0,5,0,0,deceased,0,1,675000.0,35100.0,boarding,0,1,0,3.27,3,0.0372,0
SYN-1903,129700.0,5,0,0,informal,0,0,0.0,44000.0,boarding,1,0,0,3.32,4,-2.6317,0
SYN-1904,47700.0,3,1,1,deceased,0,0,0.0,49300.0,hostel,0,0,0,3.37,3,0.2091,0
SYN-1905,152000.0,4,1,1,formal,0,0,0.0,29400.0,home,0,0,0,3.23,3,-3.8793,0
SYN-1906,96600.0,4,2,1,informal,0,0,0.0,29200.0,home,0,0,0,3.37,4,-0.7702,0
SYN-1907,32700.0,6,3,0,retired,1,1,264000.0,38400.0,home,1,0,0,2.43,3,4.7862,1
SYN-1908,109000.0,8,4,1,informal,0,0,0.0,42100.0,home,0,0,0,3.69,3,-0.9583,0
SYN-1909,198500.0,2,1,1,informal,0,0,0.0,48400.0,boarding,0,0,0,2.29,3,-3.0101,0
SYN-1910,19100.0,5,2,1,deceased,1,0,0.0,31500.0,home,1,0,0,3.18,3,4.5032,1
SYN-1911,40500.0,4,3,1,formal,0,0,0.0,32500.0,boarding,1,0,0,3.03,3,1.3518,0
SYN-1912,41200.0,5,3,1,informal,0,0,0.0,33400.0,home,0,0,1,2.79,4,1.5819,0
SYN-1913,94300.0,6,0,0,retired,0,0,0.0,33700.0,home,0,0,0,2.64,3,-2.4296,0
SYN-1914,79200.0,5,0,0,retired,0,0,0.0,34200.0,home,1,0,0,3.28,4,-2.4555,0
SYN-1915,28100.0,5,0,0,deceased,0,0,0.0,41700.0,hostel,1,0,1,3.39,4,1.2078,0
SYN-1916,16900.0,5,0,0,retired,0,1,249000.0,46200.0,boarding,0,0,0,3.01,3,5.6508,1
SYN-1917,60700.0,7,0,0,formal,0,0,0.0,56600.0,hostel,0,0,0,2.93,4,-0.9443,0
SYN-1918,65400.0,4,0,0,deceased,0,0,0.0,36100.0,boarding,0,0,0,3.59,4,-2.2426,0
SYN-1919,69600.0,5,1,1,informal,0,0,0.0,33800.0,home,0,0,1,2.87,3,-1.542,0
SYN-1920,79700.0,5,1,1,informal,0,0,0.0,37000.0,boarding,0,0,0,3.03,3,-1.1295,0
SYN-1921,42200.0,4,0,0,informal,0,0,0.0,29400.0,home,1,0,0,2.96,4,-0.0799,0
SYN-1922,95300.0,4,2,0,retired,0,0,0.0,24800.0,home,0,0,0,4.0,4,-1.6613,0
SYN-1923,68000.0,5,1,1,informal,0,0,0.0,39600.0,boarding,1,0,0,2.7,4,-0.1931,0
SYN-1924,58800.0,5,1,0,retired,0,0,0.0,39600.0,boarding,1,0,0,3.4,3,-1.2251,0
SYN-1925,74900.0,5,1,1,formal,0,0,0.0,50300.0,hostel,1,0,0,2.34,3,-0.3038,0
SYN-1926,91600.0,4,1,0,formal,0,0,0.0,34900.0,home,1,0,0,2.65,4,-2.4155,0
SYN-1927,92900.0,6,0,0,informal,0,0,0.0,48200.0,boarding,0,0,0,2.92,3,-2.6769,0
SYN-1928,41200.0,6,1,1,formal,0,1,232000.0,37900.0,boarding,1,0,0,2.99,4,3.1314,1
SYN-1929,41100.0,3,2,0,unemployed,0,1,622000.0,43500.0,boarding,0,0,0,2.93,3,1.9586,1
SYN-1930,136000.0,6,1,1,formal,0,0,0.0,42000.0,hostel,0,0,0,3.01,3,-1.8653,0
SYN-1931,136200.0,5,2,2,informal,0,0,0.0,40900.0,boarding,0,0,0,2.76,4,-1.5885,0
SYN-1932,110600.0,4,0,0,formal,0,0,0.0,30200.0,home,0,0,0,3.59,4,-3.7382,0
SYN-1933,51800.0,5,2,2,formal,0,0,0.0,42900.0,hostel,0,0,0,2.63,4,1.942,1
SYN-1934,46200.0,4,3,1,informal,0,0,0.0,44600.0,boarding,0,0,0,3.36,4,1.224,0
SYN-1935,54000.0,2,1,1,formal,0,0,0.0,47100.0,hostel,1,0,0,3.33,3,-0.9204,0
SYN-1936,97700.0,3,2,1,formal,0,0,0.0,42300.0,boarding,0,0,0,2.65,4,-1.7897,0
SYN-1937,82300.0,6,1,1,formal,0,0,0.0,54700.0,hostel,0,1,0,2.8,3,0.6599,0
SYN-1938,37000.0,3,2,0,formal,0,0,0.0,27600.0,home,1,0,0,3.05,4,0.7587,0
SYN-1939,30200.0,6,2,1,informal,0,0,0.0,46200.0,boarding,1,1,0,3.65,4,3.8819,1
SYN-1940,21600.0,3,2,2,formal,0,1,178000.0,37900.0,home,1,0,0,2.89,4,4.7766,1
SYN-1941,12000.0,4,1,1,informal,1,0,0.0,49100.0,boarding,0,0,0,4.0,3,5.7273,1
SYN-1942,24300.0,4,0,0,unemployed,0,0,0.0,47000.0,hostel,1,1,0,3.27,4,2.6975,1
SYN-1943,201700.0,5,3,1,informal,0,0,0.0,36200.0,boarding,1,0,0,3.19,3,-1.0074,0
SYN-1944,193900.0,6,1,0,informal,0,0,0.0,37600.0,boarding,0,0,0,3.42,4,-3.5238,0
SYN-1945,51400.0,4,1,1,formal,0,0,0.0,21300.0,home,0,0,0,2.33,4,-0.2264,0
SYN-1946,41000.0,4,0,0,deceased,0,1,260000.0,33800.0,home,1,0,0,3.54,4,0.883,0
SYN-1947,32200.0,3,2,2,informal,0,0,0.0,45600.0,boarding,0,0,0,2.49,4,2.2664,1
SYN-1948,33400.0,5,1,0,formal,0,0,0.0,30600.0,home,1,0,0,3.42,4,1.7216,0
SYN-1949,28200.0,2,1,0,retired,0,0,0.0,22400.0,home,0,0,0,2.8,3,0.2408,0
SYN-1950,63700.0,3,1,0,informal,0,0,0.0,39500.0,boarding,0,0,0,2.71,4,-1.2074,0
SYN-1951,50900.0,3,2,1,informal,0,0,0.0,49100.0,boarding,1,0,0,3.79,4,1.1454,0
SYN-1952,62700.0,8,2,1,retired,0,0,0.0,33400.0,home,0,0,0,3.01,3,-0.1286,0
SYN-1953,126700.0,4,0,0,formal,0,0,0.0,34300.0,home,0,0,0,2.41,4,-3.2618,0
SYN-1954,45300.0,4,2,1,retired,0,0,0.0,48200.0,home,0,0,0,3.46,3,0.9751,0
SYN-1955,73600.0,2,0,0,informal,0,0,0.0,43300.0,boarding,0,0,0,2.54,3,-3.7778,0
SYN-1956,48200.0,3,2,1,formal,0,1,346000.0,36100.0,hostel,0,0,0,3.62,4,3.0496,1
SYN-1957,32800.0,5,1,1,formal,0,1,543000.0,23900.0,home,1,0,0,3.04,3,2.8964,1
SYN-1958,38600.0,7,2,2,formal,0,0,0.0,31700.0,home,0,1,0,2.41,4,3.3328,1
SYN-1959,69200.0,5,3,2,deceased,0,0,0.0,48100.0,hostel,0,0,0,3.39,4,0.8951,0
SYN-1960,73100.0,5,0,0,formal,0,1,125000.0,29100.0,home,0,0,0,3.27,4,-1.6106,0
SYN-1961,24500.0,4,1,1,formal,0,0,0.0,40700.0,boarding,1,0,0,2.16,4,2.1838,1
SYN-1962,32300.0,5,2,1,unemployed,0,0,0.0,25700.0,home,0,1,0,2.92,4,2.9647,1
SYN-1963,13100.0,7,2,1,unemployed,0,0,0.0,50100.0,hostel,1,0,0,3.18,3,6.096,1
SYN-1964,219300.0,3,0,0,formal,0,0,0.0,49200.0,boarding,0,1,0,3.05,3,-4.5686,0
SYN-1965,22300.0,3,2,1,retired,1,0,0.0,39500.0,home,1,0,0,2.97,4,3.9273,1
SYN-1966,105000.0,5,0,0,informal,0,0,0.0,39400.0,home,0,0,0,3.36,4,-2.6599,0
SYN-1967,99300.0,3,1,1,retired,0,0,0.0,24700.0,home,0,0,0,3.29,4,-2.4306,0
SYN-1968,37500.0,6,2,2,formal,1,0,0.0,29900.0,home,0,0,0,3.06,3,3.4455,1
SYN-1969,91800.0,4,1,1,formal,0,0,0.0,28300.0,home,0,0,0,2.95,3,-1.4306,0
SYN-1970,76300.0,7,1,0,informal,0,0,0.0,44800.0,boarding,1,1,0,3.01,3,0.4122,0
SYN-1971,67500.0,4,3,3,formal,1,0,0.0,47500.0,hostel,0,0,0,2.8,3,2.031,1
SYN-1972,88000.0,5,2,2,informal,0,0,0.0,28800.0,home,0,0,0,2.62,4,-0.3448,0
SYN-1973,33000.0,4,0,0,formal,0,1,245000.0,38000.0,home,1,0,0,2.58,3,2.1399,1
SYN-1974,57700.0,3,0,0,retired,0,0,0.0,48500.0,hostel,1,0,0,3.01,3,-1.8945,0
SYN-1975,32600.0,2,1,1,retired,0,1,335000.0,30700.0,home,1,0,0,2.69,3,2.7452,1
SYN-1976,66100.0,4,0,0,retired,0,0,0.0,43800.0,boarding,0,0,0,2.98,3,-1.619,0
SYN-1977,80300.0,3,0,0,deceased,0,0,0.0,45200.0,boarding,0,0,0,3.61,3,-1.2926,0
SYN-1978,78800.0,2,1,1,retired,0,0,0.0,45300.0,boarding,0,0,0,2.96,4,-0.8149,0
SYN-1979,68200.0,4,3,1,informal,0,0,0.0,50000.0,boarding,1,0,0,3.11,4,0.513,0
SYN-1980,102700.0,5,2,2,informal,0,0,0.0,40900.0,hostel,0,1,1,2.85,4,-0.2397,0
SYN-1981,62100.0,4,0,0,retired,0,0,0.0,31800.0,home,1,1,0,3.5,3,-0.6437,0
SYN-1982,110200.0,4,3,1,deceased,0,0,0.0,29400.0,home,0,0,0,3.75,3,-0.4926,0
SYN-1983,37100.0,4,3,1,deceased,0,1,439000.0,28300.0,home,1,0,0,2.85,3,3.9029,1
SYN-1984,36600.0,9,1,1,unemployed,0,1,295000.0,34200.0,home,0,0,0,3.36,4,4.2476,1
SYN-1985,146900.0,5,1,1,formal,0,0,0.0,37100.0,home,0,0,0,3.93,3,-3.4142,0
SYN-1986,28800.0,2,1,0,deceased,0,0,0.0,26700.0,home,1,0,0,2.56,3,-0.022,0
SYN-1987,23200.0,3,2,1,deceased,0,1,511000.0,50800.0,boarding,0,0,0,3.46,4,6.0892,1
SYN-1988,94600.0,3,2,0,informal,0,0,0.0,22100.0,home,0,0,0,2.32,4,-2.3364,0
SYN-1989,27400.0,6,1,1,retired,1,0,0.0,51200.0,hostel,1,0,0,3.06,3,2.8489,1
SYN-1990,20900.0,4,1,1,informal,1,0,0.0,25100.0,home,1,0,0,2.99,4,3.5115,1
SYN-1991,63700.0,4,2,2,deceased,0,0,0.0,38000.0,boarding,0,0,0,2.33,3,-0.2527,0
SYN-1992,150800.0,4,1,1,formal,0,0,0.0,30300.0,home,1,1,0,3.41,3,-2.3819,0
SYN-1993,17400.0,5,1,1,retired,0,0,0.0,27800.0,home,1,0,0,3.11,4,4.1725,1
SYN-1994,154400.0,6,1,1,formal,0,0,0.0,25800.0,boarding,0,0,0,2.66,3,-1.6583,0
SYN-1995,21800.0,4,3,0,formal,0,0,0.0,33400.0,home,0,0,0,3.19,3,2.9697,1
SYN-1996,55100.0,5,3,0,formal,0,0,0.0,45800.0,boarding,1,0,0,3.43,4,0.4462,0
SYN-1997,154900.0,3,1,0,informal,0,0,0.0,40600.0,boarding,1,0,0,2.31,3,-3.9146,0
SYN-1998,73500.0,6,0,0,formal,0,0,0.0,40200.0,boarding,0,0,0,1.73,4,-0.5936,0
SYN-1999,50900.0,7,1,1,deceased,0,1,401000.0,39400.0,boarding,0,0,0,3.03,4,2.888,1
SYN-2000,109800.0,5,2,0,informal,0,0,0.0,38600.0,hostel,0,0,0,2.73,3,-1.5218,0
SYN-2001,21200.0,4,2,2,retired,0,0,0.0,20000.0,home,0,0,0,3.61,3,3.1804,1
SYN-2002,91600.0,4,1,0,formal,0,0,0.0,52400.0,hostel,0,0,0,2.89,3,-2.6461,0
SYN-2003,91200.0,7,4,1,formal,0,0,0.0,35900.0,home,0,0,0,3.18,3,0.5486,0
SYN-2004,85300.0,3,1,1,retired,1,0,0.0,44800.0,boarding,1,1,0,2.87,4,-0.0323,0
SYN-2005,16900.0,2,0,0,unemployed,0,0,0.0,50100.0,hostel,0,0,0,2.4,3,2.1555,1
SYN-2006,58500.0,3,1,1,informal,0,0,0.0,34300.0,home,0,0,0,3.06,3,-0.8112,0
SYN-2007,25500.0,3,0,0,retired,0,1,234000.0,51900.0,hostel,1,0,1,2.49,4,1.9368,1
SYN-2008,24100.0,4,1,1,retired,0,1,310000.0,37200.0,boarding,1,0,0,2.47,4,5.1195,1
SYN-2009,134100.0,4,0,0,informal,0,0,0.0,49200.0,hostel,0,0,1,2.59,4,-4.6233,0
SYN-2010,38300.0,2,1,1,deceased,0,1,431000.0,28400.0,home,1,0,0,2.55,3,1.0696,0
SYN-2011,19200.0,4,0,0,unemployed,0,0,0.0,39900.0,boarding,1,0,0,2.96,4,2.9042,1
SYN-2012,42300.0,4,0,0,informal,0,0,0.0,36300.0,home,1,0,0,2.89,3,0.3523,0
SYN-2013,52900.0,6,1,1,informal,0,0,0.0,38700.0,home,0,0,0,3.17,4,1.0983,0
SYN-2014,52900.0,6,1,1,formal,0,0,0.0,28600.0,boarding,1,0,0,2.39,4,1.2491,0
SYN-2015,43900.0,2,1,0,formal,0,0,0.0,40100.0,boarding,0,0,0,2.94,4,-1.0603,0
SYN-2016,22600.0,8,0,0,unemployed,0,1,207000.0,39800.0,boarding,1,0,0,2.85,4,6.1839,1
SYN-2017,21400.0,2,0,0,unemployed,0,1,456000.0,47900.0,boarding,1,0,0,3.13,4,4.3724,1
SYN-2018,58000.0,3,0,0,formal,0,0,0.0,40000.0,hostel,0,0,0,3.15,4,-2.2213,0
SYN-2019,61300.0,5,2,1,informal,0,0,0.0,25100.0,boarding,1,0,0,3.12,3,0.1774,0
SYN-2020,100400.0,5,0,0,formal,0,0,0.0,34500.0,home,0,0,0,2.63,4,-2.0449,0
SYN-2021,50500.0,4,2,0,formal,0,1,280000.0,46800.0,boarding,1,1,0,2.96,4,2.4829,1
SYN-2022,34900.0,6,2,0,deceased,0,0,0.0,31700.0,boarding,1,0,0,2.83,4,1.1223,0
SYN-2023,184500.0,3,1,1,informal,0,0,0.0,29300.0,home,1,1,0,3.5,3,-2.8508,0
SYN-2024,282500.0,9,2,0,formal,0,0,0.0,38400.0,home,0,0,0,3.1,3,-4.3522,0
SYN-2025,31500.0,3,2,2,informal,0,0,0.0,24100.0,home,1,0,1,3.08,4,1.9501,1
SYN-2026,43600.0,6,0,0,informal,0,0,0.0,42100.0,boarding,0,0,0,2.51,3,0.6813,0
SYN-2027,14600.0,5,1,1,unemployed,0,1,222000.0,32800.0,home,1,0,0,2.8,3,6.7026,1
SYN-2028,86600.0,4,2,1,deceased,0,0,0.0,33600.0,boarding,0,0,0,3.16,3,-0.3245,0
SYN-2029,41700.0,4,1,1,informal,1,1,91000.0,38400.0,boarding,0,0,0,3.02,3,2.2078,1
SYN-2030,46200.0,2,1,1,informal,1,1,250000.0,38700.0,hostel,1,0,0,3.01,3,0.0621,0
SYN-2031,216400.0,5,0,0,informal,0,0,0.0,29100.0,home,0,0,0,2.31,3,-4.2815,0
SYN-2032,40300.0,5,2,1,informal,1,0,0.0,43600.0,hostel,1,0,1,2.71,4,1.7003,0
SYN-2033,129800.0,8,3,0,formal,0,0,0.0,42600.0,boarding,0,0,0,2.93,3,-1.3256,0
SYN-2034,91400.0,6,3,2,formal,0,0,0.0,33500.0,home,1,1,0,3.45,3,1.7444,1
SYN-2035,39500.0,2,0,0,retired,0,1,282000.0,37600.0,home,0,0,0,2.26,3,-0.7534,0
SYN-2036,129200.0,4,0,0,informal,0,0,0.0,42800.0,home,0,0,0,2.61,4,-3.878,0
SYN-2037,35300.0,4,0,0,informal,0,0,0.0,31100.0,home,1,0,0,2.25,4,0.255,0
SYN-2038,183900.0,5,0,0,formal,0,0,0.0,28300.0,home,0,0,0,3.19,4,-4.3566,0
SYN-2039,39500.0,5,0,0,retired,0,0,0.0,27900.0,home,0,0,0,3.55,4,-0.3797,0
SYN-2040,52800.0,4,1,1,formal,0,1,449000.0,42700.0,hostel,1,0,0,3.2,3,2.4751,1
SYN-2041,39700.0,4,0,0,informal,0,0,0.0,32500.0,home,0,0,0,3.29,3,0.9194,0
SYN-2042,32800.0,4,2,1,retired,0,0,0.0,27300.0,home,0,0,1,2.62,4,2.186,1
SYN-2043,57100.0,3,0,0,informal,0,1,242000.0,44300.0,boarding,0,0,0,3.21,3,-1.3341,0
SYN-2044,12700.0,5,3,0,deceased,0,0,0.0,42900.0,hostel,0,0,0,2.73,3,6.1567,1
SYN-2045,60400.0,3,2,2,formal,0,0,0.0,45400.0,hostel,1,0,0,3.08,3,1.27,0
SYN-2046,25300.0,5,2,2,unemployed,0,0,0.0,50400.0,hostel,0,1,0,3.16,4,5.0917,1
SYN-2047,74700.0,5,0,0,deceased,0,0,0.0,47300.0,hostel,0,0,0,2.93,3,-2.3231,0
SYN-2048,71000.0,2,1,1,informal,0,0,0.0,19400.0,home,1,0,0,3.39,4,-0.8227,0
SYN-2049,17700.0,5,1,1,unemployed,0,0,0.0,41400.0,boarding,1,0,0,2.98,4,3.8295,1
SYN-2050,56100.0,3,1,0,informal,0,0,0.0,25600.0,home,0,0,0,3.16,3,-0.7506,0
SYN-2051,22900.0,3,2,1,unemployed,0,1,343000.0,54500.0,hostel,1,1,0,3.74,3,7.4886,1
SYN-2052,123500.0,4,1,1,retired,0,0,0.0,35300.0,home,0,0,0,3.26,3,-1.3775,0
SYN-2053,15300.0,3,1,1,unemployed,1,1,228000.0,28900.0,boarding,0,0,1,2.74,3,5.8263,1
SYN-2054,25400.0,7,1,1,deceased,0,0,0.0,34400.0,home,1,0,0,2.85,3,2.9613,1
SYN-2055,38800.0,5,1,1,informal,0,1,276000.0,50100.0,hostel,0,0,0,3.42,3,3.2926,1
SYN-2056,31900.0,7,1,1,informal,0,0,0.0,21800.0,home,0,0,0,3.49,4,1.6124,0
SYN-2057,104200.0,6,1,1,formal,0,0,0.0,52800.0,hostel,0,0,0,3.03,3,-1.6868,0
SYN-2058,29200.0,4,2,1,unemployed,0,0,0.0,41000.0,hostel,1,0,0,2.41,4,1.6841,0
SYN-2059,62000.0,7,2,1,retired,1,0,0.0,36300.0,home,1,0,0,2.65,3,1.2901,0
SYN-2060,128000.0,5,0,0,informal,0,0,0.0,37900.0,boarding,0,0,1,3.13,4,-4.3055,0
SYN-2061,256500.0,3,1,0,formal,0,0,0.0,21700.0,home,1,0,0,3.29,4,-3.9286,0
SYN-2062,69300.0,6,2,1,informal,0,1,688000.0,41700.0,home,0,0,0,3.47,4,0.871,0
SYN-2063,22600.0,5,1,0,unemployed,0,0,0.0,21500.0,home,1,0,0,2.2,4,1.882,1
SYN-2064,23700.0,5,0,0,deceased,0,1,337000.0,37100.0,boarding,0,0,0,3.42,3,3.6223,1
SYN-2065,129100.0,5,1,1,formal,0,0,0.0,26600.0,home,0,0,1,3.65,4,-2.4762,0
SYN-2066,93900.0,4,1,1,formal,0,0,0.0,39000.0,boarding,0,0,0,2.04,4,-2.1636,0
SYN-2067,103200.0,9,1,0,informal,0,0,0.0,45300.0,boarding,0,0,0,3.05,4,-0.293,0
SYN-2068,36700.0,5,0,0,formal,0,1,424000.0,30300.0,home,1,0,0,3.37,4,2.2469,1
SYN-2069,58700.0,6,3,0,deceased,0,0,0.0,35500.0,home,0,0,0,2.46,3,0.4919,0
SYN-2070,80800.0,4,0,0,informal,0,0,0.0,32000.0,home,0,0,0,2.84,4,-2.7796,0
SYN-2071,77900.0,3,1,1,informal,0,0,0.0,20800.0,home,0,0,0,3.29,4,-1.5551,0
SYN-2072,47100.0,6,1,0,formal,0,0,0.0,51000.0,hostel,1,0,0,2.83,4,1.7464,1
SYN-2073,138800.0,9,0,0,informal,0,0,0.0,31300.0,home,0,0,0,2.9,4,-0.5429,0
SYN-2074,116600.0,3,1,1,deceased,0,0,0.0,38100.0,boarding,1,1,0,3.04,4,-2.2685,0
SYN-2075,39200.0,4,2,1,informal,0,1,161000.0,59400.0,hostel,0,0,0,2.56,4,2.7623,1
SYN-2076,130800.0,3,2,2,formal,0,0,0.0,33300.0,home,0,0,0,2.6,3,-2.7882,0
SYN-2077,14100.0,4,2,2,formal,0,0,0.0,46700.0,boarding,1,0,0,3.25,4,6.6961,1
SYN-2078,54500.0,7,1,1,deceased,0,1,195000.0,53400.0,hostel,1,0,0,3.45,3,1.4344,0
SYN-2079,13500.0,4,1,0,deceased,0,0,0.0,39200.0,boarding,1,0,0,3.22,4,4.985,1
SYN-2080,51400.0,8,3,1,formal,0,1,311000.0,33500.0,home,1,0,0,3.62,3,3.7232,1
SYN-2081,27300.0,2,1,1,informal,0,1,220000.0,43200.0,boarding,1,0,0,3.23,3,2.668,1
SYN-2082,78200.0,4,1,1,formal,0,0,0.0,44900.0,hostel,0,0,0,3.83,3,-1.6482,0
SYN-2083,64300.0,4,2,0,informal,1,0,0.0,34800.0,boarding,1,0,0,3.08,4,0.8287,0
SYN-2084,31700.0,3,1,0,formal,0,0,0.0,41600.0,boarding,0,0,0,3.16,3,1.0655,0
SYN-2085,34900.0,2,1,0,retired,0,1,217000.0,44700.0,boarding,1,0,1,3.22,4,-0.0871,0
SYN-2086,28500.0,5,0,0,deceased,0,0,0.0,41600.0,boarding,1,1,1,2.69,3,2.4296,1
SYN-2087,163800.0,5,3,1,formal,0,1,222000.0,29000.0,home,1,0,0,2.72,4,-1.8528,0
SYN-2088,91500.0,4,2,2,informal,0,0,0.0,48200.0,hostel,0,0,0,2.67,3,0.1002,0
SYN-2089,46100.0,4,2,0,formal,0,0,0.0,28400.0,home,0,0,0,2.82,3,0.2336,0
SYN-2090,53000.0,2,1,1,formal,0,0,0.0,56500.0,hostel,1,0,0,3.92,3,0.4515,0
SYN-2091,207100.0,2,1,0,formal,0,0,0.0,31500.0,home,0,0,0,3.82,3,-5.4769,0
SYN-2092,130400.0,4,0,0,formal,0,0,0.0,38800.0,boarding,0,0,0,2.91,4,-3.4127,0
SYN-2093,22800.0,2,0,0,deceased,0,1,148000.0,38100.0,hostel,1,0,0,2.87,3,1.5856,0
SYN-2094,76000.0,2,1,0,formal,0,0,0.0,46900.0,hostel,0,0,0,2.15,4,-2.2218,0
SYN-2095,37400.0,5,0,0,retired,0,1,468000.0,26800.0,home,1,0,0,2.63,4,1.7886,1
SYN-2096,51100.0,5,1,1,formal,0,1,582000.0,38100.0,boarding,1,0,0,2.71,3,1.036,0
SYN-2097,28200.0,5,2,0,informal,0,0,0.0,35200.0,home,0,0,0,2.87,4,2.4693,1
SYN-2098,38800.0,3,2,0,informal,0,0,0.0,30400.0,home,1,0,1,2.81,4,0.4639,0
SYN-2099,81100.0,4,0,0,deceased,0,0,0.0,32200.0,boarding,1,0,0,3.14,3,-2.5859,0
SYN-2100,71400.0,3,2,2,formal,0,0,0.0,51400.0,hostel,0,1,0,3.28,4,0.796,0
SYN-2101,64900.0,4,0,0,formal,0,0,0.0,39300.0,hostel,1,0,0,2.74,3,-2.0853,0
SYN-2102,26000.0,9,3,2,unemployed,1,1,222000.0,45300.0,boarding,0,0,0,3.65,3,5.5528,1
SYN-2103,113300.0,4,0,0,unemployed,0,0,0.0,38900.0,boarding,0,0,0,3.2,3,-2.6213,0
SYN-2104,33600.0,2,0,0,unemployed,0,1,211000.0,30500.0,home,0,0,0,3.42,3,-0.5704,0
SYN-2105,160600.0,6,1,0,formal,0,0,0.0,29900.0,home,0,0,0,2.87,3,-3.5866,0
SYN-2106,63300.0,3,1,1,formal,0,0,0.0,40700.0,boarding,0,0,0,3.28,3,0.3574,0
SYN-2107,47300.0,4,0,0,retired,0,0,0.0,49200.0,hostel,0,0,0,3.24,3,-1.2448,0
SYN-2108,56700.0,5,0,0,informal,0,0,0.0,42000.0,boarding,1,0,1,3.67,4,-0.5009,0
SYN-2109,36800.0,2,1,0,informal,0,1,135000.0,40300.0,home,1,0,0,3.32,3,0.3312,0
SYN-2110,78700.0,3,1,1,formal,0,0,0.0,31200.0,home,0,0,0,3.41,3,-2.4407,0
SYN-2111,143400.0,6,2,1,formal,0,0,0.0,31400.0,home,0,0,0,2.83,3,-1.5386,0
SYN-2112,24300.0,4,1,1,deceased,0,1,254000.0,44100.0,hostel,1,0,0,3.55,3,4.3984,1
SYN-2113,33400.0,8,1,1,unemployed,0,1,308000.0,32100.0,home,0,0,0,2.51,4,3.3525,1
SYN-2114,73000.0,6,3,2,formal,1,0,0.0,24400.0,home,1,0,0,2.81,4,2.1028,1
SYN-2115,30800.0,5,0,0,deceased,0,1,134000.0,47800.0,boarding,0,0,0,3.17,3,2.6063,1
SYN-2116,102800.0,5,1,1,informal,0,0,0.0,21800.0,home,1,0,0,2.57,4,-1.036,0
SYN-2117,71400.0,3,0,0,formal,0,0,0.0,25400.0,home,1,0,0,2.66,3,-2.6293,0
SYN-2118,37000.0,7,1,1,informal,1,1,479000.0,32500.0,boarding,1,0,0,2.66,3,4.4416,1
SYN-2119,12000.0,3,2,2,unemployed,0,0,0.0,32300.0,home,1,1,0,3.11,4,7.1634,1
SYN-2120,45800.0,6,0,0,informal,0,1,846000.0,39200.0,boarding,1,0,0,2.98,4,3.0637,1
SYN-2121,69000.0,7,1,1,informal,0,0,0.0,51800.0,hostel,1,0,0,3.45,4,0.0118,0
SYN-2122,68100.0,5,0,0,unemployed,0,0,0.0,24600.0,home,1,0,0,3.84,4,-2.628,0
SYN-2123,93800.0,5,1,1,formal,0,0,0.0,32900.0,home,1,0,0,3.16,3,-0.349,0
SYN-2124,70100.0,5,1,1,deceased,0,0,0.0,44700.0,boarding,1,0,0,2.84,4,-0.1909,0
SYN-2125,25400.0,4,3,2,formal,1,1,322000.0,42700.0,boarding,1,0,0,3.2,4,6.8431,1
SYN-2126,52500.0,4,0,0,informal,0,1,304000.0,48200.0,hostel,1,0,0,2.67,3,0.0743,0
SYN-2127,51000.0,4,1,1,unemployed,0,0,0.0,30800.0,home,1,0,0,3.02,4,-0.022,0
SYN-2128,34500.0,8,1,1,informal,0,1,232000.0,43000.0,hostel,1,0,0,4.0,3,4.8167,1
SYN-2129,95700.0,5,0,0,informal,0,0,0.0,35600.0,boarding,1,0,0,2.96,4,-1.8322,0
SYN-2130,84200.0,4,1,1,informal,0,0,0.0,33000.0,home,1,0,0,3.18,4,0.0331,0
SYN-2131,63500.0,4,1,0,retired,0,0,0.0,39500.0,boarding,0,0,0,2.98,3,-0.6025,0
SYN-2132,45500.0,5,2,1,retired,0,0,0.0,32500.0,home,0,0,0,2.88,3,0.6135,0
SYN-2133,31700.0,8,2,1,retired,0,0,0.0,38500.0,home,0,0,0,3.25,4,3.1485,1
SYN-2134,233600.0,6,2,2,formal,0,0,0.0,27500.0,home,0,0,0,2.52,3,-1.4962,0
SYN-2135,102100.0,4,0,0,informal,0,0,0.0,26700.0,home,0,0,1,2.98,4,-3.2849,0
SYN-2136,48900.0,6,1,1,informal,1,1,185000.0,39700.0,boarding,1,1,0,2.38,3,3.8168,1
SYN-2137,50500.0,3,1,1,formal,1,0,0.0,30200.0,home,0,0,0,3.7,3,0.5985,0
SYN-2138,34100.0,3,0,0,unemployed,0,1,75000.0,33400.0,home,0,0,1,3.46,3,-1.4762,0
SYN-2139,96300.0,3,1,1,formal,0,0,0.0,29800.0,home,0,0,1,2.73,4,-2.2275,0
SYN-2140,109600.0,4,1,1,formal,0,0,0.0,52900.0,boarding,0,0,0,2.27,4,-1.2043,0
SYN-2141,131800.0,5,0,0,formal,0,0,0.0,50300.0,hostel,0,0,0,3.26,4,-3.423,0
SYN-2142,57200.0,4,2,1,formal,0,0,0.0,34300.0,home,0,0,0,3.03,4,0.7146,0
SYN-2143,39300.0,6,1,1,formal,0,0,0.0,47800.0,hostel,0,0,0,3.99,4,1.6439,0
SYN-2144,59000.0,3,0,0,informal,0,0,0.0,47100.0,boarding,1,0,0,3.64,3,-2.5825,0
SYN-2145,27600.0,3,1,1,informal,0,0,0.0,46900.0,hostel,0,1,0,3.22,3,3.2985,1
SYN-2146,57400.0,4,1,1,formal,0,0,0.0,38000.0,boarding,1,0,0,2.83,3,-0.0951,0
SYN-2147,66500.0,5,0,0,formal,0,0,0.0,46500.0,boarding,0,0,0,2.94,4,-1.2654,0
SYN-2148,71500.0,4,0,0,retired,0,0,0.0,47700.0,hostel,0,0,0,3.18,3,-1.5288,0
SYN-2149,204200.0,5,1,1,formal,0,0,0.0,42800.0,boarding,1,0,0,3.2,4,-3.4109,0
SYN-2150,24800.0,5,0,0,informal,0,0,0.0,53400.0,hostel,0,0,0,2.75,3,2.7847,1
SYN-2151,141600.0,8,1,1,informal,1,0,0.0,48800.0,hostel,1,0,0,2.48,3,-1.2355,0
SYN-2152,63500.0,6,0,0,informal,0,0,0.0,40700.0,boarding,0,0,0,3.86,4,0.032,0
SYN-2153,66100.0,4,3,0,retired,0,0,0.0,38600.0,boarding,0,0,0,3.06,4,0.5818,0
SYN-2154,23900.0,6,3,2,informal,1,1,198000.0,47300.0,boarding,0,0,0,3.23,3,7.3487,1
SYN-2155,60300.0,8,2,1,deceased,1,0,0.0,39600.0,boarding,0,1,0,2.59,4,2.6948,1
SYN-2156,43500.0,4,1,1,retired,0,0,0.0,41200.0,boarding,1,0,0,3.62,4,0.5578,0
SYN-2157,66400.0,4,1,0,formal,0,1,225000.0,43100.0,boarding,1,0,0,3.49,3,-0.9212,0
SYN-2158,23600.0,3,1,1,formal,0,0,0.0,31600.0,home,1,0,0,3.08,4,1.646,0
SYN-2159,71500.0,4,2,1,formal,0,0,0.0,53600.0,hostel,1,0,0,3.14,3,0.0259,0
SYN-2160,114900.0,4,1,0,informal,0,0,0.0,29600.0,home,0,0,1,3.17,3,-3.4518,0
SYN-2161,49400.0,5,0,0,informal,0,0,0.0,37600.0,home,1,0,0,3.09,4,-0.0522,0
SYN-2162,94300.0,5,1,1,formal,1,0,0.0,28600.0,home,1,1,0,3.18,4,-0.5779,0
SYN-2163,164100.0,8,2,2,formal,0,0,0.0,32000.0,home,0,0,0,3.21,4,-1.5213,0
SYN-2164,50700.0,2,1,1,informal,0,0,0.0,40500.0,boarding,0,0,1,2.98,3,-1.4287,0
SYN-2165,135300.0,3,2,1,informal,0,0,0.0,41500.0,home,1,0,1,2.56,3,-2.6821,0
SYN-2166,34300.0,5,1,0,unemployed,0,0,0.0,28100.0,home,0,1,0,2.94,3,1.6328,0
SYN-2167,49700.0,6,0,0,deceased,0,0,0.0,28600.0,home,0,0,0,3.37,4,-0.0269,0
SYN-2168,52200.0,3,2,2,formal,1,0,0.0,30600.0,home,1,0,0,3.33,4,0.7824,0
SYN-2169,75000.0,4,0,0,informal,0,0,0.0,46500.0,hostel,0,0,1,3.6,4,-3.046,0
SYN-2170,12000.0,3,2,0,deceased,0,1,279000.0,43200.0,boarding,1,0,0,3.65,3,8.2993,1
SYN-2171,23600.0,4,1,1,unemployed,0,0,0.0,36800.0,home,1,1,0,3.24,4,3.1395,1
SYN-2172,34100.0,2,0,0,informal,0,0,0.0,42300.0,boarding,0,0,0,3.13,4,-0.4598,0
SYN-2173,99100.0,3,1,1,informal,1,0,0.0,42500.0,boarding,1,0,0,3.19,4,-1.8656,0
SYN-2174,164200.0,3,2,0,formal,0,0,0.0,40200.0,boarding,1,0,0,2.81,4,-2.8006,0
SYN-2175,62800.0,6,5,0,retired,1,0,0.0,27200.0,home,0,0,0,3.39,4,1.6334,0
SYN-2176,49400.0,7,2,0,informal,0,1,590000.0,42000.0,boarding,1,0,0,3.61,3,2.2801,1
SYN-2177,29800.0,4,1,1,informal,1,1,293000.0,30000.0,home,0,0,0,3.49,4,2.8311,1
SYN-2178,39200.0,3,2,1,informal,0,0,0.0,36500.0,home,1,0,0,3.28,4,1.0157,0
SYN-2179,210000.0,3,1,1,informal,0,0,0.0,42700.0,hostel,0,0,1,2.95,3,-3.9445,0
SYN-2180,60100.0,3,1,1,formal,0,0,0.0,38000.0,home,0,0,0,2.9,4,0.0751,0
SYN-2181,12000.0,3,2,2,unemployed,0,0,0.0,29200.0,home,0,0,0,2.98,4,6.5835,1
SYN-2182,91600.0,3,2,1,informal,1,0,0.0,30800.0,home,0,0,0,2.74,3,-0.2278,0
SYN-2183,156700.0,3,1,0,formal,0,0,0.0,35600.0,boarding,1,0,0,3.17,4,-4.2096,0
SYN-2184,129400.0,4,1,1,informal,1,0,0.0,33100.0,home,0,0,0,1.88,4,-2.5922,0
SYN-2185,66800.0,5,2,1,deceased,0,0,0.0,24700.0,home,1,0,0,2.82,3,0.8762,0
SYN-2186,100600.0,7,3,1,informal,1,0,0.0,32100.0,home,0,1,1,2.98,3,1.1824,0
SYN-2187,74300.0,2,0,0,informal,0,0,0.0,31500.0,home,0,0,0,4.0,3,-3.247,0
SYN-2188,18000.0,6,0,0,informal,0,0,0.0,39700.0,boarding,1,0,0,3.05,4,4.2229,1
SYN-2189,55400.0,4,1,0,retired,0,0,0.0,18600.0,home,0,0,0,3.07,3,-1.3337,0
SYN-2190,79200.0,4,2,1,informal,0,0,0.0,53400.0,boarding,1,0,0,2.7,4,0.7704,0
SYN-2191,50600.0,4,0,0,retired,0,0,0.0,24200.0,home,0,0,0,3.77,4,-1.7474,0
SYN-2192,57400.0,6,3,2,formal,1,0,0.0,49500.0,hostel,0,0,0,2.71,3,1.2437,0
SYN-2193,22200.0,2,1,1,deceased,0,1,405000.0,37500.0,boarding,1,0,0,3.9,3,4.89,1
SYN-2194,31400.0,2,1,0,retired,0,0,0.0,35800.0,home,0,0,0,2.74,4,-0.2714,0
SYN-2195,198300.0,8,3,1,informal,0,0,0.0,27900.0,home,0,0,0,3.45,3,-2.5052,0
SYN-2196,157800.0,5,1,1,informal,0,0,0.0,37400.0,boarding,1,0,0,3.03,3,-1.8314,0
SYN-2197,87900.0,5,1,0,formal,0,0,0.0,44800.0,boarding,0,0,0,2.81,3,-2.5473,0
SYN-2198,65700.0,4,1,1,informal,0,0,0.0,23000.0,home,1,0,0,3.47,3,-0.4467,0
SYN-2199,51300.0,2,1,1,formal,0,0,0.0,27700.0,home,0,0,0,3.61,3,-1.4058,0
SYN-2200,97700.0,5,0,0,formal,0,0,0.0,45300.0,boarding,1,0,0,2.97,3,-1.1013,0
SYN-2201,127400.0,2,1,1,deceased,0,0,0.0,38300.0,home,0,0,0,3.04,3,-3.0827,0
SYN-2202,37900.0,4,2,1,formal,0,0,0.0,24700.0,home,0,0,1,2.88,3,1.3062,0
SYN-2203,72600.0,6,3,2,informal,0,1,229000.0,26600.0,home,1,0,0,3.14,4,1.2673,0
SYN-2204,92300.0,3,1,1,formal,0,0,0.0,43400.0,boarding,1,0,0,2.59,3,-2.6399,0
SYN-2205,69400.0,5,1,1,informal,1,0,0.0,19000.0,home,0,0,0,1.92,3,-0.6146,0
SYN-2206,128200.0,3,1,1,informal,1,0,0.0,37500.0,home,0,0,0,2.26,4,-2.1307,0
SYN-2207,269700.0,5,2,1,formal,0,0,0.0,24500.0,home,0,1,0,2.86,4,-2.7925,0
SYN-2208,35600.0,3,1,0,informal,1,1,467000.0,39100.0,boarding,1,1,0,2.5,4,4.4583,1
SYN-2209,39400.0,5,4,1,deceased,1,1,259000.0,42900.0,boarding,1,0,0,3.0,4,4.8291,1
SYN-2210,75600.0,5,1,1,informal,0,0,0.0,41800.0,boarding,0,0,0,2.83,3,-1.3071,0
SYN-2211,34200.0,4,1,0,deceased,0,0,0.0,36200.0,boarding,0,0,1,2.75,4,0.5728,0
SYN-2212,83700.0,3,2,0,informal,0,0,0.0,51000.0,boarding,0,0,0,2.78,4,-1.2297,0
SYN-2213,104400.0,2,1,1,informal,0,0,0.0,27300.0,boarding,0,0,0,3.46,3,-2.2534,0
SYN-2214,99200.0,4,1,1,formal,0,0,0.0,41800.0,hostel,0,0,0,3.15,3,-2.3061,0
SYN-2215,42300.0,7,0,0,formal,0,0,0.0,44500.0,hostel,1,0,0,3.71,3,0.7453,0
SYN-2216,33000.0,4,0,0,retired,0,0,0.0,24800.0,home,1,0,0,3.09,4,0.3597,0
SYN-2217,40400.0,2,1,1,informal,1,0,0.0,48200.0,boarding,0,0,0,2.25,3,1.2148,0
SYN-2218,45400.0,4,1,1,informal,0,0,0.0,20900.0,home,0,1,0,2.51,4,0.3905,0
SYN-2219,36400.0,3,2,2,retired,1,0,0.0,38600.0,home,1,0,0,3.1,4,2.8481,1
SYN-2220,62200.0,6,2,1,formal,1,0,0.0,28500.0,home,1,0,0,3.15,4,1.0247,0
SYN-2221,93500.0,4,1,1,retired,0,1,294000.0,34000.0,boarding,0,0,0,2.8,3,-1.4432,0
SYN-2222,30800.0,4,3,0,formal,1,0,0.0,36400.0,hostel,1,1,0,2.62,3,4.5918,1
SYN-2223,19800.0,6,5,2,deceased,1,1,187000.0,40300.0,boarding,1,0,0,2.79,3,8.2163,1
SYN-2224,206900.0,5,1,0,formal,0,0,0.0,37600.0,boarding,0,0,0,2.99,4,-3.9366,0
SYN-2225,62700.0,4,2,0,formal,0,0,0.0,31300.0,home,1,0,0,3.03,4,-0.582,0
SYN-2226,24500.0,3,2,1,unemployed,1,0,0.0,45500.0,hostel,0,1,1,2.49,3,3.961,1
SYN-2227,44900.0,5,2,2,formal,1,1,263000.0,35300.0,home,1,0,0,3.15,3,2.9993,1
SYN-2228,70400.0,7,0,0,deceased,0,0,0.0,47200.0,hostel,1,0,0,3.15,4,-0.4926,0
SYN-2229,137500.0,4,2,1,informal,0,0,0.0,27700.0,home,0,0,0,3.0,3,-2.0962,0
SYN-2230,126600.0,3,1,1,formal,0,1,787000.0,35400.0,home,1,1,0,2.66,4,-1.2016,0
SYN-2231,89300.0,5,1,1,formal,0,0,0.0,42800.0,boarding,0,0,0,3.33,3,-1.7005,0
SYN-2232,23400.0,4,1,1,deceased,0,1,858000.0,34300.0,home,1,0,0,3.61,4,5.329,1
SYN-2233,208000.0,5,1,1,informal,0,0,0.0,36300.0,home,0,0,0,2.86,3,-3.4684,0
SYN-2234,87400.0,3,2,0,retired,0,0,0.0,39900.0,boarding,0,0,1,2.79,3,-2.3428,0
SYN-2235,68500.0,5,1,0,formal,0,0,0.0,41700.0,boarding,0,0,0,3.25,3,-1.2301,0
SYN-2236,82600.0,7,0,0,deceased,0,0,0.0,34600.0,home,1,0,0,2.56,3,-0.4635,0
SYN-2237,30200.0,4,1,1,informal,1,0,0.0,28000.0,boarding,1,0,1,2.51,3,2.364,1
SYN-2238,122300.0,3,0,0,informal,0,0,0.0,40900.0,boarding,1,0,0,2.78,3,-3.8458,0
SYN-2239,162700.0,4,3,1,informal,0,0,0.0,28800.0,home,0,0,0,3.18,3,-2.3153,0
SYN-2240,29800.0,3,2,1,formal,1,1,345000.0,32100.0,home,1,0,0,2.68,3,4.163,1
SYN-2241,52000.0,3,1,1,deceased,0,0,0.0,37100.0,boarding,1,0,0,3.04,3,-0.1956,0
SYN-2242,58000.0,5,2,0,deceased,0,0,0.0,54000.0,hostel,1,0,0,2.21,4,0.922,0
SYN-2243,237100.0,3,1,1,informal,0,0,0.0,25900.0,home,1,0,0,3.31,4,-4.2968,0
SYN-2244,25100.0,6,3,2,deceased,0,0,0.0,39000.0,boarding,1,0,0,3.65,3,4.1751,1
SYN-2245,150900.0,3,2,1,formal,0,0,0.0,37800.0,boarding,1,0,0,2.67,3,-0.8459,0
SYN-2246,69300.0,3,0,0,formal,0,0,0.0,48300.0,boarding,1,0,0,3.24,3,-2.8085,0
SYN-2247,44500.0,5,1,1,formal,0,0,0.0,36500.0,hostel,0,0,0,2.96,4,1.1637,0
SYN-2248,37900.0,4,1,1,informal,1,0,0.0,51300.0,boarding,1,0,0,3.09,4,2.7399,1
SYN-2249,68700.0,5,0,0,formal,0,0,0.0,38100.0,home,1,0,0,2.95,4,-1.2818,0
SYN-2250,40300.0,4,2,0,informal,0,0,0.0,44900.0,hostel,0,0,0,2.92,4,1.2047,0
SYN-2251,75200.0,3,1,1,formal,1,0,0.0,47100.0,boarding,0,0,0,2.7,4,-1.9157,0
SYN-2252,44200.0,5,2,1,unemployed,0,1,464000.0,42200.0,boarding,1,0,0,2.59,3,3.1908,1
SYN-2253,62200.0,4,1,1,retired,0,0,0.0,50600.0,boarding,0,0,0,3.51,3,0.2333,0
SYN-2254,24800.0,6,2,1,unemployed,0,0,0.0,35200.0,home,0,0,0,2.34,4,3.2883,1
SYN-2255,81100.0,2,1,1,formal,0,0,0.0,53600.0,boarding,0,0,0,3.04,3,-1.9857,0
SYN-2256,33400.0,6,0,0,unemployed,0,1,256000.0,32900.0,boarding,0,0,0,3.02,3,3.1767,1
SYN-2257,99200.0,7,0,0,formal,0,0,0.0,31100.0,home,0,1,0,2.93,4,-0.7049,0
SYN-2258,48000.0,7,2,2,unemployed,0,0,0.0,20500.0,home,1,1,0,3.23,4,2.7552,1
SYN-2259,83800.0,7,1,1,informal,0,0,0.0,38600.0,boarding,0,0,0,2.89,3,-0.9096,0
SYN-2260,33400.0,8,0,0,informal,0,0,0.0,53900.0,boarding,0,0,0,3.32,3,0.8264,0
SYN-2261,64600.0,4,2,1,formal,0,0,0.0,44100.0,boarding,0,0,0,3.88,3,0.1722,0
SYN-2262,59800.0,6,1,1,retired,0,0,0.0,35400.0,home,0,0,0,2.99,3,0.1185,0
SYN-2263,70100.0,8,2,2,deceased,0,0,0.0,44300.0,boarding,1,0,0,2.2,3,1.7921,1
SYN-2264,147300.0,7,0,0,informal,0,0,0.0,32500.0,home,0,1,0,2.89,4,-2.0202,0
SYN-2265,72100.0,3,2,1,deceased,1,0,0.0,38600.0,boarding,1,0,0,2.95,3,0.1083,0
SYN-2266,52000.0,4,2,1,deceased,0,1,552000.0,37600.0,boarding,0,0,0,3.22,4,2.0846,1
SYN-2267,133900.0,3,0,0,formal,0,0,0.0,38500.0,boarding,0,0,0,2.21,3,-4.8242,0
SYN-2268,15000.0,3,1,0,unemployed,0,1,175000.0,33000.0,hostel,0,0,1,3.19,3,3.5111,1
SYN-2269,111500.0,4,0,0,formal,0,0,0.0,29500.0,home,0,1,0,2.77,3,-3.1267,0
SYN-2270,39900.0,4,1,1,informal,0,0,0.0,31300.0,home,0,0,0,3.39,4,-0.0996,0
SYN-2271,85000.0,3,1,1,formal,0,0,0.0,38100.0,boarding,0,0,0,2.83,4,-1.8813,0
SYN-2272,256200.0,8,2,0,deceased,0,0,0.0,40800.0,boarding,0,0,0,3.41,3,-3.954,0
SYN-2273,39500.0,2,1,1,unemployed,0,0,0.0,44400.0,boarding,0,0,0,2.42,4,-0.2677,0
SYN-2274,54700.0,4,0,0,formal,0,1,233000.0,52900.0,hostel,0,0,0,3.06,3,1.024,0
SYN-2275,70400.0,6,0,0,informal,0,0,0.0,34900.0,boarding,1,1,0,2.54,3,-0.309,0
SYN-2276,54300.0,4,2,1,informal,0,0,0.0,25600.0,home,0,0,0,2.84,3,0.1446,0
SYN-2277,15400.0,2,1,1,unemployed,0,0,0.0,34100.0,home,1,0,0,4.0,3,3.4193,1
SYN-2278,153900.0,4,2,1,deceased,0,0,0.0,51200.0,hostel,0,0,0,2.65,4,-2.116,0
SYN-2279,158200.0,4,2,2,formal,0,0,0.0,37400.0,home,0,1,0,2.79,4,-1.6316,0
SYN-2280,87300.0,3,2,2,informal,0,0,0.0,48700.0,boarding,0,0,0,2.57,4,-0.6615,0
SYN-2281,45400.0,3,2,2,informal,0,0,0.0,61300.0,hostel,1,0,0,2.92,4,1.6313,0
SYN-2282,47400.0,5,0,0,informal,0,1,357000.0,39900.0,boarding,1,0,0,2.99,4,0.4129,0
SYN-2283,168600.0,8,2,0,informal,0,0,0.0,38700.0,home,0,0,0,2.74,3,-1.4516,0
SYN-2284,81200.0,3,0,0,formal,0,0,0.0,36400.0,boarding,1,0,0,3.71,3,-3.1737,0
SYN-2285,12000.0,5,1,1,formal,1,1,275000.0,43200.0,home,1,0,0,3.54,3,10.1012,1
SYN-2286,273300.0,6,1,1,informal,0,0,0.0,50500.0,hostel,0,0,0,2.65,3,-3.9445,0
SYN-2287,53500.0,3,0,0,deceased,0,0,0.0,44500.0,boarding,0,0,1,3.39,3,-2.8073,0
SYN-2288,82900.0,4,1,1,formal,0,1,328000.0,46900.0,boarding,1,1,0,2.75,3,1.0879,0
SYN-2289,124800.0,6,1,0,formal,0,0,0.0,22500.0,home,1,0,1,2.53,4,-3.1787,0
SYN-2290,43200.0,5,1,0,unemployed,0,1,264000.0,24100.0,home,0,0,0,2.75,3,-0.078,0
SYN-2291,73000.0,3,1,1,deceased,0,0,0.0,30600.0,home,0,0,0,2.52,3,-2.3589,0
SYN-2292,57200.0,7,0,0,informal,0,0,0.0,43400.0,boarding,0,0,0,3.45,3,-0.2067,0
SYN-2293,34900.0,4,1,1,formal,0,0,0.0,53000.0,boarding,1,0,0,2.68,3,1.1092,0
SYN-2294,30400.0,7,0,0,unemployed,0,0,0.0,42800.0,hostel,1,0,0,3.59,3,1.8666,1
SYN-2295,123700.0,3,1,0,informal,0,0,0.0,38500.0,home,1,0,0,3.11,3,-4.0584,0
SYN-2296,50500.0,5,0,0,informal,0,0,0.0,28500.0,home,0,0,0,2.88,4,-0.1816,0
SYN-2297,46000.0,4,3,1,formal,0,0,0.0,40000.0,boarding,1,0,0,2.84,4,1.996,1
SYN-2298,134300.0,6,3,1,formal,0,0,0.0,40600.0,boarding,1,0,0,3.79,4,-1.5118,0
SYN-2299,49300.0,5,2,2,formal,1,0,0.0,39800.0,boarding,0,0,0,3.05,3,0.5009,0
SYN-2300,26700.0,6,2,1,unemployed,0,1,333000.0,32700.0,home,0,0,0,2.84,4,4.1512,1
SYN-2301,58800.0,4,0,0,informal,0,0,0.0,27800.0,home,0,1,0,3.31,4,-0.7118,0
SYN-2302,84900.0,4,2,1,formal,0,0,0.0,33700.0,boarding,0,0,0,3.3,4,-0.3135,0
SYN-2303,30400.0,4,1,1,informal,0,0,0.0,46500.0,hostel,0,0,0,2.64,3,1.7193,0
SYN-2304,17900.0,5,3,1,unemployed,1,0,0.0,50500.0,hostel,0,1,0,2.95,4,6.7865,1
SYN-2305,77900.0,5,0,0,formal,0,1,419000.0,33800.0,boarding,1,0,0,2.29,3,-1.3191,0
SYN-2306,37800.0,2,1,0,unemployed,0,1,665000.0,44700.0,boarding,0,1,0,2.94,3,2.6558,1
SYN-2307,136400.0,4,0,0,informal,0,0,0.0,48000.0,boarding,0,0,0,3.18,3,-3.0923,0
SYN-2308,198500.0,6,1,1,informal,0,0,0.0,49600.0,boarding,0,0,0,3.24,3,-2.8579,0
SYN-2309,111200.0,2,1,0,deceased,0,0,0.0,31900.0,home,0,0,0,2.63,4,-3.7136,0
SYN-2310,90200.0,5,1,1,retired,0,0,0.0,20100.0,home,0,0,1,2.74,4,-1.364,0
SYN-2311,63200.0,4,2,1,formal,0,0,0.0,51600.0,hostel,1,0,0,3.15,4,1.2729,0
SYN-2312,48700.0,5,3,0,formal,0,1,318000.0,53300.0,hostel,1,1,0,3.48,3,3.6364,1
SYN-2313,69300.0,4,0,0,formal,0,0,0.0,37700.0,boarding,1,0,0,3.09,3,-1.5977,0
SYN-2314,94700.0,3,2,0,formal,0,0,0.0,29600.0,home,1,0,1,2.82,3,-2.3542,0
SYN-2315,88500.0,3,0,0,informal,0,0,0.0,50700.0,hostel,1,0,0,3.46,4,-2.6988,0
SYN-2316,38300.0,4,1,1,deceased,1,1,148000.0,39800.0,home,1,1,0,3.0,3,3.0476,1
SYN-2317,51000.0,4,0,0,retired,0,0,0.0,28600.0,home,0,0,0,3.13,4,-0.4952,0
SYN-2318,135700.0,3,0,0,formal,0,0,0.0,46400.0,boarding,0,0,1,3.39,3,-4.0489,0
SYN-2319,144400.0,5,0,0,informal,0,0,0.0,43200.0,boarding,0,0,0,3.01,3,-2.3238,0
SYN-2320,80200.0,3,1,0,formal,1,0,0.0,31100.0,home,1,0,0,2.66,3,-1.8309,0
SYN-2321,55300.0,7,0,0,informal,0,0,0.0,48800.0,boarding,1,0,0,2.99,3,1.5066,0
SYN-2322,43400.0,2,0,0,formal,0,1,304000.0,36900.0,boarding,1,0,0,3.52,4,-0.9802,0
SYN-2323,17000.0,2,1,0,deceased,1,0,0.0,31300.0,home,1,1,0,3.74,4,3.7665,1
SYN-2324,29300.0,6,2,1,retired,0,1,425000.0,30100.0,home,1,0,0,2.54,4,5.4414,1
SYN-2325,101400.0,2,1,0,formal,0,0,0.0,33200.0,boarding,0,1,0,3.64,3,-3.232,0
SYN-2326,34700.0,4,1,1,unemployed,0,0,0.0,54800.0,hostel,1,0,0,2.9,4,1.9379,1
SYN-2327,25900.0,3,1,1,informal,0,0,0.0,52600.0,hostel,1,0,0,3.06,3,2.5031,1
SYN-2328,41400.0,5,0,0,retired,0,0,0.0,30200.0,home,0,0,0,3.76,3,0.0407,0
SYN-2329,82500.0,2,1,1,informal,0,0,0.0,40100.0,boarding,0,0,0,2.88,4,-2.4666,0
SYN-2330,53700.0,5,1,1,formal,0,0,0.0,48000.0,hostel,0,0,0,2.93,3,0.0487,0
SYN-2331,71500.0,5,2,2,informal,0,0,0.0,33900.0,home,1,0,0,2.78,4,0.3147,0
SYN-2332,74300.0,5,2,1,formal,0,0,0.0,41800.0,boarding,0,0,0,3.07,4,-0.3741,0
SYN-2333,37800.0,3,1,1,informal,0,1,252000.0,26300.0,home,1,1,0,3.08,3,2.7181,1
SYN-2334,90600.0,3,1,1,formal,0,1,277000.0,38700.0,boarding,0,0,0,2.76,3,-1.0024,0
SYN-2335,41500.0,4,2,2,unemployed,0,0,0.0,29900.0,home,0,0,0,3.66,3,0.2057,0
SYN-2336,34200.0,3,1,1,retired,0,0,0.0,24900.0,home,0,0,0,2.74,4,0.7828,0
SYN-2337,60100.0,7,1,1,formal,0,0,0.0,31800.0,home,1,0,0,3.26,3,0.3515,0
SYN-2338,93300.0,4,0,0,informal,0,0,0.0,25600.0,home,0,0,1,3.06,4,-3.3002,0
SYN-2339,17200.0,5,0,0,unemployed,0,1,301000.0,24800.0,home,1,0,0,3.57,4,4.387,1
SYN-2340,27600.0,5,1,1,formal,0,0,0.0,47600.0,home,1,0,0,2.71,3,2.9352,1
SYN-2341,17400.0,3,1,0,informal,1,1,289000.0,52200.0,boarding,1,0,0,3.29,3,6.3766,1
SYN-2342,57300.0,8,0,0,informal,0,0,0.0,30800.0,home,0,0,0,4.0,3,-0.2025,0
SYN-2343,33200.0,3,1,1,formal,0,1,508000.0,34700.0,home,1,0,0,2.44,3,3.4331,1
SYN-2344,45100.0,3,1,0,retired,0,1,560000.0,35600.0,home,0,0,0,2.67,4,0.9667,0
SYN-2345,101300.0,6,1,0,informal,1,0,0.0,47600.0,hostel,1,0,0,3.93,4,-0.0741,0
SYN-2346,33800.0,2,0,0,informal,0,0,0.0,31600.0,home,0,0,0,2.99,4,-1.8159,0
SYN-2347,75300.0,2,0,0,formal,0,0,0.0,40100.0,boarding,0,1,0,3.0,3,-2.6262,0
SYN-2348,221800.0,4,1,0,formal,0,0,0.0,36900.0,home,1,1,1,2.81,3,-3.3137,0
SYN-2349,85900.0,2,1,1,formal,0,0,0.0,37000.0,home,1,0,0,3.74,3,-2.0168,0
SYN-2350,34800.0,4,0,0,retired,0,1,336000.0,56600.0,hostel,1,0,0,2.37,4,3.3592,1
SYN-2351,50000.0,5,0,0,retired,0,0,0.0,43000.0,boarding,0,0,0,3.57,4,-0.8059,0
SYN-2352,53900.0,8,1,1,retired,0,0,0.0,53400.0,boarding,1,0,0,2.43,3,1.6404,0
SYN-2353,223600.0,4,2,1,formal,0,0,0.0,29600.0,home,0,0,0,2.39,4,-3.0625,0
SYN-2354,53900.0,4,1,1,informal,0,1,518000.0,41300.0,home,0,0,0,2.59,3,0.6917,0
SYN-2355,36000.0,6,0,0,retired,0,1,211000.0,27500.0,home,0,0,0,3.0,4,2.3542,1
SYN-2356,33800.0,4,1,1,informal,0,1,539000.0,22900.0,home,0,0,0,2.75,4,2.8162,1
SYN-2357,93100.0,7,2,0,formal,0,0,0.0,59200.0,hostel,0,0,1,2.73,4,-0.7293,0
SYN-2358,25200.0,6,2,1,retired,0,1,330000.0,33600.0,home,0,0,0,2.66,4,5.8129,1
SYN-2359,53200.0,5,2,2,formal,0,0,0.0,32900.0,home,1,0,0,2.67,4,1.4172,0
SYN-2360,53400.0,4,0,0,formal,0,0,0.0,28000.0,home,0,0,0,2.66,3,-1.39,0
SYN-2361,55300.0,5,3,2,retired,1,0,0.0,25400.0,home,1,0,0,3.15,4,1.9789,1
SYN-2362,54600.0,6,0,0,informal,0,0,0.0,25900.0,home,0,0,0,2.78,4,-1.2039,0
SYN-2363,89800.0,2,0,0,informal,0,0,0.0,30800.0,home,0,0,0,1.93,3,-4.3788,0
SYN-2364,29900.0,5,1,0,informal,0,0,0.0,47200.0,hostel,0,0,0,3.03,4,1.759,1
SYN-2365,52000.0,8,3,0,deceased,0,0,0.0,30800.0,boarding,0,1,0,3.26,4,1.7164,0
SYN-2366,35400.0,5,2,0,formal,0,0,0.0,39300.0,home,1,0,0,2.93,3,2.5302,1
SYN-2367,20600.0,9,0,0,unemployed,0,1,288000.0,27700.0,home,1,0,0,2.52,3,5.9115,1
SYN-2368,231600.0,9,5,0,formal,0,0,0.0,48300.0,boarding,1,0,0,3.36,3,-1.8484,0
SYN-2369,146900.0,3,0,0,formal,0,1,241000.0,26100.0,home,0,0,0,2.47,3,-4.3739,0
SYN-2370,67200.0,5,2,2,informal,0,0,0.0,48900.0,hostel,0,0,0,2.92,4,1.3865,0
SYN-2371,327000.0,8,1,0,informal,0,0,0.0,46800.0,boarding,1,1,0,2.94,4,-3.9309,0
SYN-2372,29900.0,3,2,2,formal,1,0,0.0,46100.0,boarding,1,0,0,3.5,3,3.3064,1
SYN-2373,106800.0,3,1,1,informal,0,0,0.0,40000.0,boarding,1,0,0,3.29,3,-2.8341,0
SYN-2374,24200.0,4,1,0,informal,0,0,0.0,32800.0,home,1,0,1,3.15,3,2.9994,1
SYN-2375,49200.0,5,2,0,informal,0,0,0.0,33700.0,home,1,0,0,3.44,4,1.0621,0
SYN-2376,15900.0,3,2,1,unemployed,0,0,0.0,40700.0,boarding,0,0,0,2.56,4,4.3753,1
SYN-2377,62900.0,4,3,2,retired,0,0,0.0,23900.0,home,0,0,0,3.71,3,0.7269,0
SYN-2378,58000.0,5,0,0,informal,0,0,0.0,26600.0,home,1,0,0,1.76,3,-1.3339,0
SYN-2379,60900.0,6,2,0,informal,0,0,0.0,45900.0,hostel,0,0,0,3.65,4,1.2811,0
SYN-2380,131600.0,3,2,1,informal,0,0,0.0,48100.0,hostel,0,0,1,2.7,3,-3.6974,0
SYN-2381,41200.0,5,0,0,informal,0,1,706000.0,38800.0,home,1,0,0,3.21,4,2.7633,1
SYN-2382,82200.0,4,1,1,formal,0,0,0.0,53000.0,hostel,1,0,0,3.66,3,-0.9079,0
SYN-2383,107800.0,3,2,1,formal,0,0,0.0,25500.0,home,1,0,0,3.29,3,-2.0616,0
SYN-2384,30400.0,4,3,1,formal,0,1,130000.0,58100.0,hostel,1,1,0,3.11,4,5.5977,1
SYN-2385,47800.0,4,0,0,informal,0,0,0.0,29600.0,home,0,0,0,3.41,3,-1.9712,0
SYN-2386,35900.0,7,4,2,deceased,1,1,272000.0,45200.0,boarding,0,0,0,2.43,4,6.1884,1
SYN-2387,79600.0,5,1,0,informal,0,0,0.0,36300.0,boarding,1,0,0,2.49,4,-1.0726,0
SYN-2388,157700.0,2,1,1,informal,0,0,0.0,27500.0,home,0,0,0,3.16,3,-3.4129,0
SYN-2389,50000.0,3,2,2,informal,0,0,0.0,53700.0,hostel,1,0,1,2.97,3,0.8245,0
SYN-2390,60600.0,6,3,0,informal,0,0,0.0,25200.0,home,0,0,0,2.92,4,0.9795,0
SYN-2391,44700.0,6,1,1,informal,0,0,0.0,48300.0,hostel,0,0,0,3.57,4,1.2535,0
SYN-2392,67500.0,4,0,0,informal,0,0,0.0,32600.0,home,1,0,0,3.53,3,-1.0613,0
SYN-2393,22200.0,2,1,0,unemployed,0,1,813000.0,24400.0,home,1,0,0,2.66,3,4.2762,1
SYN-2394,75700.0,4,0,0,formal,0,0,0.0,20200.0,home,0,0,0,3.24,3,-2.435,0
SYN-2395,68500.0,7,2,2,informal,0,0,0.0,35000.0,home,0,0,0,2.39,3,1.3478,0
SYN-2396,76200.0,5,2,2,informal,0,0,0.0,57200.0,boarding,1,0,0,2.38,4,2.9752,1
SYN-2397,19100.0,4,2,1,unemployed,0,0,0.0,44000.0,boarding,1,0,0,2.68,4,3.8933,1
SYN-2398,24700.0,5,1,1,deceased,0,0,0.0,51600.0,hostel,1,1,0,2.93,4,4.5031,1
SYN-2399,49800.0,4,1,1,retired,1,0,0.0,36600.0,boarding,0,0,0,2.78,4,-0.3054,0
SYN-2400,13700.0,3,0,0,informal,0,1,320000.0,49600.0,boarding,0,0,0,3.24,4,6.4922,1
SYN-2401,63100.0,3,1,0,formal,0,0,0.0,27900.0,home,0,0,0,3.04,3,-1.5545,0
SYN-2402,38300.0,3,0,0,informal,0,0,0.0,47900.0,boarding,0,0,0,3.52,3,0.4973,0
SYN-2403,105800.0,5,3,1,retired,0,1,325000.0,51300.0,hostel,0,0,0,3.28,3,-0.4119,0
SYN-2404,38000.0,7,1,1,deceased,0,0,0.0,33500.0,home,0,0,0,2.61,3,2.1685,1
SYN-2405,31300.0,5,0,0,retired,0,0,0.0,33300.0,home,1,0,0,3.43,4,-0.0963,0
SYN-2406,85700.0,2,0,0,formal,0,0,0.0,33100.0,home,0,0,0,2.69,4,-3.9425,0
SYN-2407,18800.0,2,0,0,unemployed,0,0,0.0,31600.0,home,1,0,0,3.22,3,0.3413,0
SYN-2408,34100.0,4,1,1,retired,0,0,0.0,46800.0,boarding,1,0,0,2.84,3,2.0697,1
SYN-2409,35300.0,3,1,1,unemployed,0,1,366000.0,26000.0,home,0,0,0,3.61,3,2.5109,1
SYN-2410,26500.0,4,1,1,unemployed,0,1,166000.0,46700.0,hostel,0,0,0,3.36,3,3.2182,1
SYN-2411,57000.0,4,0,0,informal,0,0,0.0,38100.0,home,0,0,0,2.76,4,-1.1051,0
SYN-2412,32300.0,2,1,0,informal,0,0,0.0,31000.0,home,1,0,0,2.89,4,-0.0924,0
SYN-2413,46700.0,5,1,1,formal,0,0,0.0,28200.0,home,0,1,0,4.0,3,1.4195,0
SYN-2414,91000.0,4,2,1,formal,0,0,0.0,35700.0,home,0,0,0,2.52,4,-0.8313,0
SYN-2415,50400.0,6,0,0,retired,0,1,187000.0,46100.0,boarding,1,0,0,2.75,4,0.6354,0
SYN-2416,12400.0,4,2,2,deceased,1,0,0.0,40900.0,hostel,1,0,0,2.77,3,6.465,1
SYN-2417,82900.0,6,0,0,retired,0,0,0.0,34000.0,home,0,0,0,2.56,3,-1.1254,0
SYN-2418,104500.0,5,2,1,formal,0,0,0.0,30800.0,home,1,0,0,2.61,3,-1.2851,0
SYN-2419,150400.0,3,1,1,formal,0,0,0.0,45400.0,boarding,0,0,0,3.0,4,-2.5122,0
SYN-2420,80900.0,4,2,2,formal,0,0,0.0,41600.0,boarding,1,0,0,3.25,4,-0.9114,0
SYN-2421,60400.0,4,0,0,retired,0,0,0.0,44100.0,boarding,1,1,0,2.28,4,0.4026,0
SYN-2422,240000.0,4,3,2,informal,0,1,198000.0,19900.0,home,0,0,0,2.84,4,-2.311,0
SYN-2423,23000.0,3,1,1,deceased,1,0,0.0,36600.0,boarding,1,0,0,2.71,3,2.7577,1
SYN-2424,49500.0,7,2,2,formal,0,0,0.0,34100.0,home,0,0,0,2.56,3,1.7505,1
SYN-2425,31000.0,3,2,0,informal,0,0,0.0,44400.0,home,0,0,0,3.47,3,0.8314,0
SYN-2426,111800.0,7,1,1,retired,0,0,0.0,50000.0,hostel,1,0,0,2.73,4,-0.1715,0
SYN-2427,232800.0,6,0,0,formal,0,0,0.0,26200.0,home,0,0,0,2.47,3,-4.3334,0
SYN-2428,29100.0,7,3,1,deceased,0,0,0.0,30700.0,home,0,0,0,3.42,4,2.5999,1
SYN-2429,48400.0,6,0,0,informal,0,0,0.0,25100.0,home,0,0,0,3.58,3,0.8402,0
SYN-2430,73600.0,6,1,1,formal,0,0,0.0,36900.0,home,0,1,0,3.05,3,-0.0097,0
SYN-2431,172500.0,6,0,0,formal,0,0,0.0,48300.0,hostel,0,0,0,2.65,4,-3.7643,0
SYN-2432,26900.0,3,0,0,retired,0,0,0.0,35800.0,home,0,0,0,2.93,4,0.7072,0
SYN-2433,19100.0,4,1,1,informal,0,0,0.0,40700.0,boarding,1,0,0,2.77,4,3.8967,1
SYN-2434,110200.0,4,1,1,unemployed,0,0,0.0,54300.0,hostel,0,0,0,3.03,3,-1.3908,0
SYN-2435,46600.0,3,1,1,retired,1,1,373000.0,21100.0,home,0,0,0,3.35,3,0.6797,0
SYN-2436,92600.0,9,1,0,informal,0,0,0.0,30100.0,home,0,0,0,3.04,4,-0.2791,0
SYN-2437,48700.0,2,1,0,retired,0,0,0.0,33000.0,home,0,0,0,3.05,3,-0.2275,0
SYN-2438,62500.0,6,1,0,deceased,0,0,0.0,28500.0,home,0,0,0,2.83,3,-0.9826,0
SYN-2439,38300.0,9,0,0,formal,0,1,413000.0,32000.0,home,0,0,0,3.33,3,2.6944,1
SYN-2440,15200.0,5,1,0,unemployed,1,0,0.0,43400.0,boarding,0,1,0,3.1,4,5.1767,1
SYN-2441,72700.0,2,1,1,formal,0,0,0.0,35800.0,home,1,0,0,2.28,3,-1.439,0
SYN-2442,19700.0,6,2,1,formal,0,1,406000.0,44900.0,boarding,1,0,0,2.3,3,7.5493,1
SYN-2443,61100.0,4,1,1,informal,0,0,0.0,50200.0,hostel,0,0,0,2.91,4,0.3363,0
SYN-2444,44700.0,5,1,1,retired,0,0,0.0,34800.0,home,0,0,1,3.46,3,0.25,0
SYN-2445,74500.0,6,0,0,formal,0,0,0.0,22600.0,home,0,0,0,3.54,3,-1.5319,0
SYN-2446,41600.0,3,2,0,informal,0,1,154000.0,25900.0,home,1,0,0,3.37,3,1.4949,0
SYN-2447,15100.0,4,1,1,unemployed,0,0,0.0,22400.0,home,1,1,0,2.89,3,4.5059,1
SYN-2448,32300.0,4,2,1,formal,0,1,182000.0,33000.0,home,0,0,0,3.67,4,3.094,1
SYN-2449,59100.0,4,3,0,retired,0,1,451000.0,43800.0,boarding,0,0,0,2.75,3,1.2329,0
SYN-2450,29500.0,2,1,1,deceased,1,1,625000.0,37600.0,home,0,0,0,2.91,3,3.578,1
SYN-2451,41300.0,5,4,0,formal,0,0,0.0,31900.0,home,0,0,0,2.45,3,1.6107,0
SYN-2452,91100.0,6,0,0,formal,0,0,0.0,26500.0,home,0,0,1,2.9,3,-1.9723,0
SYN-2453,41200.0,3,1,1,deceased,0,0,0.0,42200.0,boarding,0,0,0,2.69,3,0.6103,0
SYN-2454,68300.0,4,3,1,formal,0,0,0.0,19700.0,home,0,0,0,3.7,3,-0.1494,0
SYN-2455,26900.0,3,0,0,formal,0,0,0.0,39300.0,boarding,0,0,0,3.61,3,0.3489,0
SYN-2456,70500.0,5,2,2,deceased,0,0,0.0,28600.0,boarding,0,0,0,3.08,4,0.0868,0
SYN-2457,21600.0,4,2,0,retired,0,1,198000.0,31800.0,home,1,0,0,3.25,3,3.7338,1
SYN-2458,58300.0,5,2,1,informal,0,0,0.0,40000.0,boarding,1,0,1,2.8,3,0.1094,0
SYN-2459,33300.0,2,1,0,informal,1,1,222000.0,29300.0,home,0,0,0,1.98,3,1.1545,0
SYN-2460,39100.0,2,1,0,deceased,0,1,933000.0,36400.0,boarding,0,0,0,2.73,3,2.1933,1
SYN-2461,97900.0,5,1,1,informal,1,0,0.0,26300.0,home,0,0,0,3.36,3,-0.9637,0
SYN-2462,54300.0,7,2,2,informal,1,0,0.0,45300.0,boarding,1,0,0,3.23,3,1.7853,1
SYN-2463,101600.0,5,0,0,retired,0,0,0.0,33600.0,boarding,0,0,0,2.89,3,-1.9633,0
SYN-2464,48600.0,3,2,1,informal,1,0,0.0,44300.0,boarding,1,0,0,3.36,3,2.325,1
SYN-2465,89700.0,7,2,0,informal,0,0,0.0,37000.0,boarding,0,0,0,2.85,3,-0.4441,0
SYN-2466,27100.0,5,2,2,informal,0,0,0.0,20800.0,home,0,0,0,2.57,3,2.5804,1
SYN-2467,60600.0,6,1,0,informal,0,0,0.0,48200.0,boarding,0,0,0,3.36,3,-0.6268,0
SYN-2468,63800.0,5,0,0,informal,0,0,0.0,37300.0,home,0,0,0,2.79,3,-1.2621,0
SYN-2469,79400.0,4,1,0,informal,1,0,0.0,27000.0,home,1,0,0,3.48,4,-1.4084,0
SYN-2470,54600.0,3,2,0,informal,0,1,311000.0,27000.0,home,0,1,0,2.11,4,0.5168,0
SYN-2471,45400.0,3,2,0,retired,1,0,0.0,40100.0,boarding,0,0,0,2.81,4,1.383,0
SYN-2472,81700.0,3,0,0,informal,0,0,0.0,37000.0,boarding,0,0,0,3.3,3,-2.5111,0
SYN-2473,166300.0,3,1,1,formal,0,0,0.0,44500.0,hostel,0,0,0,3.26,4,-3.6529,0
SYN-2474,63800.0,3,0,0,formal,0,0,0.0,44000.0,boarding,1,0,0,2.96,4,-1.881,0
SYN-2475,77900.0,2,1,1,formal,1,0,0.0,52900.0,boarding,1,1,0,3.07,3,-0.1353,0
SYN-2476,16700.0,4,2,0,retired,0,0,0.0,46000.0,hostel,1,1,0,3.01,4,5.6271,1
SYN-2477,23200.0,7,2,1,informal,0,1,119000.0,35600.0,home,1,0,0,2.42,4,4.3148,1
SYN-2478,19600.0,5,1,1,formal,0,0,0.0,43400.0,boarding,1,1,0,2.8,3,5.6439,1
SYN-2479,84100.0,6,1,0,retired,0,0,0.0,20800.0,home,0,0,0,3.15,3,-0.7593,0
SYN-2480,91800.0,2,1,0,formal,1,0,0.0,29900.0,home,0,0,1,3.26,3,-3.3257,0
SYN-2481,80900.0,6,2,0,formal,1,0,0.0,47200.0,hostel,1,0,0,3.02,3,-0.2302,0
SYN-2482,29300.0,3,1,0,retired,0,1,324000.0,38100.0,home,1,0,0,2.82,4,3.2714,1
SYN-2483,41300.0,6,0,0,informal,0,0,0.0,56300.0,hostel,1,0,0,2.49,4,0.7876,0
SYN-2484,51000.0,6,3,0,retired,0,1,201000.0,50100.0,hostel,0,0,0,3.37,3,1.3645,0
SYN-2485,94100.0,2,1,1,retired,0,0,0.0,54700.0,hostel,1,0,0,3.32,3,-2.3478,0
SYN-2486,122900.0,7,2,1,deceased,0,1,424000.0,40700.0,boarding,0,0,0,3.46,4,0.0132,0
SYN-2487,136200.0,5,1,1,formal,0,0,0.0,47700.0,boarding,0,0,0,2.6,3,-2.4739,0
SYN-2488,51100.0,3,0,0,retired,0,1,705000.0,30600.0,home,1,1,0,3.0,4,0.055,0
SYN-2489,69700.0,8,2,1,unemployed,0,0,0.0,36000.0,home,0,0,0,2.76,4,0.2593,0
SYN-2490,76400.0,5,2,1,formal,0,0,0.0,54600.0,hostel,0,0,0,3.07,4,-0.7501,0
SYN-2491,30400.0,3,2,2,deceased,0,1,525000.0,33900.0,home,1,0,1,4.0,4,3.7203,1
SYN-2492,52400.0,7,1,0,informal,0,0,0.0,37400.0,boarding,1,0,0,3.43,4,0.4993,0
SYN-2493,31800.0,3,2,0,retired,0,0,0.0,45700.0,hostel,0,0,0,2.73,4,0.8061,0
SYN-2494,65500.0,4,1,1,informal,0,0,0.0,34100.0,home,0,0,0,2.94,4,-1.0341,0
SYN-2495,39000.0,7,0,0,informal,0,0,0.0,52900.0,hostel,0,0,0,2.9,4,1.44,0
SYN-2496,154600.0,4,0,0,formal,0,0,0.0,30900.0,home,0,0,0,3.1,3,-3.7916,0
SYN-2497,50900.0,3,0,0,deceased,0,0,0.0,28300.0,home,1,0,0,2.41,4,-1.6652,0
SYN-2498,114100.0,7,1,1,informal,1,0,0.0,42600.0,boarding,0,0,0,3.19,4,-1.4468,0
SYN-2499,35900.0,6,1,1,formal,0,0,0.0,40000.0,boarding,0,0,0,2.16,3,1.5074,0
SYN-2500,195400.0,5,0,0,formal,0,0,0.0,46500.0,hostel,1,1,1,2.25,4,-3.2433,0
SYN-2501,23000.0,4,0,0,retired,0,0,0.0,40800.0,home,0,0,0,3.89,4,1.9985,1
SYN-2502,32800.0,6,2,1,formal,1,0,0.0,27400.0,home,0,1,0,2.8,3,3.3492,1
SYN-2503,51300.0,8,1,1,informal,0,0,0.0,50800.0,hostel,0,0,0,3.65,3,0.9746,0
SYN-2504,53500.0,5,0,0,unemployed,0,1,371000.0,42300.0,boarding,1,0,1,2.71,3,0.5616,0
SYN-2505,77700.0,7,1,1,formal,0,0,0.0,34800.0,boarding,1,0,0,2.17,4,-0.2113,0
SYN-2506,63100.0,3,2,2,informal,0,0,0.0,23100.0,home,0,0,0,2.61,4,-0.6397,0
SYN-2507,56900.0,5,0,0,formal,0,1,351000.0,47600.0,hostel,0,0,0,4.0,3,0.5756,0
SYN-2508,22700.0,4,1,0,deceased,0,1,289000.0,37300.0,hostel,0,0,0,2.46,4,3.9553,1
SYN-2509,101700.0,2,1,1,retired,0,0,0.0,51600.0,boarding,0,0,0,3.8,4,-3.2534,0
SYN-2510,98300.0,5,1,1,formal,1,0,0.0,28000.0,home,0,0,0,3.19,4,-1.4891,0
SYN-2511,118400.0,6,1,1,informal,0,0,0.0,45600.0,hostel,1,0,0,3.1,4,-1.3493,0
SYN-2512,70000.0,6,1,1,informal,0,0,0.0,54700.0,hostel,1,0,0,2.74,4,-0.5619,0
SYN-2513,12000.0,6,1,1,deceased,0,1,182000.0,40700.0,boarding,1,0,0,2.67,3,7.9434,1
SYN-2514,20400.0,3,1,1,informal,1,1,789000.0,45100.0,boarding,1,0,0,3.29,3,6.9696,1
SYN-2515,93200.0,4,2,0,informal,0,0,0.0,26900.0,home,0,0,0,3.6,3,-1.932,0
SYN-2516,30800.0,6,2,1,deceased,0,0,0.0,30200.0,home,1,0,0,3.13,3,2.1727,1
SYN-2517,50500.0,6,3,1,formal,0,0,0.0,46800.0,boarding,1,0,0,3.36,4,2.4947,1
SYN-2518,39300.0,3,2,2,informal,0,0,0.0,36800.0,boarding,0,0,0,2.87,4,1.7023,0
SYN-2519,115600.0,4,2,1,formal,0,0,0.0,44400.0,boarding,1,0,1,3.96,3,-1.2407,0
SYN-2520,72300.0,5,1,1,informal,0,0,0.0,34700.0,hostel,1,0,0,3.15,4,-0.8422,0
SYN-2521,95100.0,3,1,1,informal,0,0,0.0,48500.0,boarding,0,0,0,3.9,3,-2.187,0
SYN-2522,26600.0,3,2,2,deceased,0,0,0.0,44900.0,hostel,1,0,0,2.64,3,3.4037,1
SYN-2523,79500.0,7,2,1,informal,0,0,0.0,29500.0,home,0,0,0,3.03,3,0.0155,0
SYN-2524,42200.0,6,4,2,formal,0,0,0.0,47500.0,hostel,0,0,0,3.5,3,4.28,1
SYN-2525,39600.0,6,2,1,retired,0,0,0.0,24600.0,home,1,0,0,3.11,4,1.7562,1
SYN-2526,13600.0,5,1,1,retired,0,1,330000.0,24200.0,home,0,0,1,3.27,3,7.3346,1
SYN-2527,14100.0,5,2,1,unemployed,0,0,0.0,44400.0,boarding,0,0,0,2.64,3,7.0714,1
SYN-2528,28000.0,4,0,0,unemployed,0,0,0.0,33100.0,home,0,0,0,2.88,3,1.576,0
SYN-2529,324900.0,4,0,0,formal,0,0,0.0,25100.0,home,0,0,0,2.68,4,-5.6125,0
SYN-2530,26800.0,7,0,0,informal,0,1,490000.0,44500.0,boarding,0,0,0,3.01,3,5.391,1
SYN-2531,44400.0,3,0,0,formal,0,0,0.0,33100.0,home,0,0,0,2.97,4,-1.3334,0
SYN-2532,99100.0,5,2,2,formal,0,0,0.0,45900.0,hostel,0,0,0,2.83,4,-0.5005,0
SYN-2533,99900.0,8,2,1,deceased,0,0,0.0,22900.0,home,1,0,0,3.32,3,0.2227,0
SYN-2534,37400.0,3,2,0,unemployed,0,0,0.0,29800.0,home,0,1,0,2.5,3,2.1119,1
SYN-2535,129500.0,5,1,0,formal,0,1,373000.0,32000.0,home,0,0,1,2.15,4,-2.4193,0
SYN-2536,73100.0,6,3,0,formal,0,0,0.0,41200.0,boarding,0,0,0,2.81,4,-0.0978,0
SYN-2537,28500.0,3,2,0,deceased,0,0,0.0,26700.0,home,1,0,0,3.95,3,1.3303,0
SYN-2538,71800.0,3,1,0,formal,0,0,0.0,32600.0,home,1,0,0,3.26,3,-2.304,0
SYN-2539,44100.0,8,2,2,formal,1,1,419000.0,37000.0,home,0,0,0,2.69,3,4.2662,1
SYN-2540,131100.0,4,0,0,formal,0,0,0.0,25800.0,home,0,0,0,3.24,4,-3.5224,0
SYN-2541,36400.0,5,2,2,formal,0,0,0.0,39900.0,boarding,0,0,0,2.99,4,2.751,1
SYN-2542,112000.0,4,0,0,formal,0,0,0.0,56600.0,boarding,1,0,0,3.21,3,-3.5042,0
SYN-2543,38600.0,6,2,1,deceased,0,1,583000.0,31600.0,home,1,0,0,3.42,3,4.0672,1
SYN-2544,78200.0,3,2,2,formal,0,0,0.0,23000.0,home,0,0,0,3.13,3,-0.7197,0
SYN-2545,22800.0,2,1,1,informal,0,1,156000.0,45400.0,hostel,1,0,0,3.1,4,3.5446,1
SYN-2546,19500.0,4,2,2,unemployed,0,0,0.0,25800.0,home,0,0,1,3.67,3,3.9468,1
SYN-2547,108800.0,3,0,0,informal,0,1,228000.0,50100.0,hostel,1,0,0,3.28,3,-2.3841,0
SYN-2548,23300.0,3,0,0,unemployed,0,1,256000.0,31700.0,home,1,0,0,3.13,4,3.0897,1
SYN-2549,65600.0,2,1,1,informal,0,0,0.0,44500.0,hostel,1,0,0,3.07,3,-1.1876,0
SYN-2550,44500.0,5,1,1,informal,0,0,0.0,40200.0,home,0,0,0,2.81,4,0.6493,0
SYN-2551,51100.0,4,3,1,informal,1,0,0.0,42000.0,boarding,0,0,0,2.53,3,2.2754,1
SYN-2552,25700.0,6,0,0,retired,0,0,0.0,27500.0,home,0,1,0,3.23,4,3.5487,1
SYN-2553,35300.0,5,3,1,unemployed,0,1,219000.0,41300.0,hostel,0,0,0,3.59,4,4.4988,1
SYN-2554,52200.0,5,2,1,retired,0,1,602000.0,25100.0,home,1,0,0,3.23,3,2.7089,1
SYN-2555,105000.0,5,1,1,formal,0,0,0.0,34600.0,boarding,0,0,0,3.29,4,-1.6338,0
SYN-2556,34200.0,2,1,0,informal,0,0,0.0,29000.0,home,1,0,0,2.68,4,0.2483,0
SYN-2557,21600.0,6,0,0,unemployed,0,1,230000.0,36600.0,boarding,1,1,0,2.7,3,5.9359,1
SYN-2558,118200.0,3,0,0,formal,0,0,0.0,45800.0,boarding,0,0,0,2.51,4,-4.0669,0
SYN-2559,37900.0,4,0,0,retired,0,1,459000.0,38300.0,boarding,1,0,0,2.95,4,1.7554,1
SYN-2560,75100.0,4,2,2,formal,0,0,0.0,46100.0,boarding,0,0,0,3.46,3,1.7011,0
SYN-2561,250700.0,6,0,0,formal,0,0,0.0,44200.0,boarding,0,0,1,2.76,3,-4.7585,0
SYN-2562,23300.0,6,1,1,retired,1,1,221000.0,45100.0,boarding,0,0,0,3.02,3,5.87,1
SYN-2563,159400.0,3,1,1,formal,0,0,0.0,34900.0,home,0,0,0,3.35,3,-3.7074,0
SYN-2564,38200.0,3,2,1,informal,0,1,179000.0,41000.0,home,0,1,0,3.46,4,3.2578,1
SYN-2565,80700.0,3,1,1,informal,0,0,0.0,36800.0,boarding,1,1,0,2.26,4,-1.3451,0
SYN-2566,62800.0,6,0,0,retired,0,0,0.0,34700.0,home,1,0,0,2.85,3,-1.0732,0
SYN-2567,42500.0,4,3,1,informal,0,0,0.0,43700.0,boarding,1,1,0,2.64,4,3.4854,1
SYN-2568,17100.0,8,0,0,unemployed,0,1,431000.0,35800.0,home,0,0,0,2.68,3,7.2794,1
SYN-2569,18500.0,6,1,1,retired,0,0,0.0,48600.0,hostel,0,0,0,2.89,3,5.7055,1
SYN-2570,40100.0,8,0,0,informal,0,1,268000.0,48000.0,boarding,1,0,0,2.23,3,2.8803,1
SYN-2571,46500.0,2,1,0,deceased,1,0,0.0,34400.0,boarding,0,0,0,2.9,3,-0.6889,0
SYN-2572,30200.0,5,0,0,retired,0,1,536000.0,42500.0,hostel,0,0,0,3.06,4,3.4569,1
SYN-2573,76100.0,4,0,0,informal,0,0,0.0,44900.0,hostel,0,0,0,2.61,3,-2.6306,0
SYN-2574,21500.0,5,1,1,deceased,0,0,0.0,29600.0,home,0,0,0,2.85,4,3.1059,1
SYN-2575,45700.0,4,2,1,informal,1,1,137000.0,30300.0,home,0,0,0,3.06,3,1.8538,1
SYN-2576,46800.0,6,0,0,formal,0,1,236000.0,37400.0,boarding,0,0,0,3.1,3,0.2681,0
SYN-2577,84300.0,2,1,1,formal,0,0,0.0,24600.0,home,0,0,0,2.36,3,-1.8589,0
SYN-2578,42700.0,5,1,1,informal,0,0,0.0,26400.0,home,1,0,0,3.34,4,0.5321,0
SYN-2579,45700.0,4,1,0,formal,0,0,0.0,20600.0,home,0,0,0,3.35,3,-0.3898,0
SYN-2580,39200.0,8,2,1,informal,0,0,0.0,28400.0,home,1,0,0,2.74,3,2.4533,1
SYN-2581,43200.0,5,1,1,informal,0,1,380000.0,29700.0,home,0,0,0,3.75,3,2.1296,1
SYN-2582,27300.0,3,2,1,informal,0,0,0.0,32400.0,home,1,0,0,3.24,4,1.8394,1
SYN-2583,124500.0,4,1,1,formal,0,0,0.0,30900.0,home,1,0,0,3.18,3,-1.3883,0
SYN-2584,34900.0,8,2,1,retired,0,1,174000.0,51400.0,boarding,1,0,0,3.34,4,3.9091,1
SYN-2585,21500.0,7,2,1,informal,0,1,247000.0,34500.0,home,0,0,0,2.62,3,4.2648,1
SYN-2586,48700.0,6,1,1,formal,0,0,0.0,34100.0,home,1,0,0,2.9,3,1.4286,0
SYN-2587,93100.0,6,1,1,informal,0,0,0.0,50000.0,hostel,1,0,0,3.31,4,-0.1306,0
SYN-2588,47500.0,5,2,1,informal,0,1,575000.0,44400.0,boarding,0,0,0,2.71,3,2.2057,1
SYN-2589,128300.0,4,2,1,informal,0,0,0.0,46800.0,hostel,1,0,0,2.9,3,-1.5171,0
SYN-2590,45000.0,6,0,0,informal,0,1,432000.0,48500.0,hostel,0,0,1,3.3,4,2.1216,1
SYN-2591,116100.0,6,1,1,formal,0,0,0.0,52100.0,boarding,0,1,0,3.08,3,-0.0614,0
SYN-2592,96500.0,4,0,0,retired,0,0,0.0,47600.0,hostel,0,0,1,3.06,3,-2.7115,0
SYN-2593,51900.0,4,1,1,informal,1,1,485000.0,22700.0,home,1,0,0,3.08,3,2.2413,1
SYN-2594,32200.0,5,1,1,formal,0,1,174000.0,45300.0,boarding,1,0,0,2.98,4,3.7349,1
SYN-2595,32500.0,5,1,1,retired,0,0,0.0,46300.0,boarding,0,0,0,3.41,4,1.8797,1
SYN-2596,107100.0,3,2,2,informal,0,0,0.0,42300.0,boarding,1,0,0,3.93,4,-1.4702,0
SYN-2597,36200.0,4,0,0,informal,0,0,0.0,19700.0,home,1,1,0,3.07,4,0.1886,0
SYN-2598,123400.0,4,0,0,informal,0,0,0.0,55100.0,hostel,0,0,0,3.59,4,-2.6493,0
SYN-2599,57000.0,4,0,0,informal,0,0,0.0,31300.0,home,0,0,0,2.87,3,-0.9119,0
SYN-2600,60800.0,3,2,1,informal,0,0,0.0,39800.0,boarding,1,0,0,2.76,4,0.2596,0
SYN-2601,29600.0,6,2,2,formal,1,0,0.0,54500.0,hostel,0,0,0,2.72,4,3.9649,1
SYN-2602,63000.0,3,2,1,formal,0,0,0.0,36900.0,hostel,0,0,0,2.66,3,0.6557,0
SYN-2603,29900.0,3,0,0,deceased,0,0,0.0,30600.0,home,0,0,0,2.93,4,-0.2117,0
SYN-2604,63700.0,4,3,1,informal,0,1,286000.0,27000.0,home,1,0,0,3.42,3,1.4114,0
SYN-2605,59200.0,4,3,1,informal,0,0,0.0,49700.0,boarding,1,1,0,3.37,3,1.5858,0
SYN-2606,81700.0,3,2,2,formal,1,0,0.0,42800.0,boarding,0,1,0,2.74,4,0.5241,0
SYN-2607,19900.0,3,2,2,unemployed,0,1,374000.0,25200.0,home,1,0,0,2.91,3,6.5966,1
SYN-2608,52800.0,5,1,0,formal,0,0,0.0,47800.0,boarding,0,0,0,3.05,3,-0.8081,0
SYN-2609,75900.0,6,0,0,formal,0,0,0.0,34500.0,hostel,1,0,0,3.15,3,-1.091,0
SYN-2610,36000.0,8,2,2,formal,1,1,302000.0,32800.0,home,0,0,0,3.3,4,4.7962,1
SYN-2611,60500.0,3,2,1,unemployed,0,0,0.0,23100.0,home,0,0,0,2.88,4,0.3636,0
SYN-2612,67800.0,5,0,0,informal,0,0,0.0,39000.0,boarding,0,0,1,2.97,4,-1.2062,0
SYN-2613,73500.0,3,2,2,formal,0,0,0.0,40200.0,boarding,0,0,0,3.62,4,0.7141,0
SYN-2614,88500.0,4,1,1,formal,0,0,0.0,53000.0,hostel,1,0,0,2.93,4,-0.6149,0
SYN-2615,69200.0,5,1,1,informal,0,0,0.0,53600.0,boarding,0,0,0,2.81,3,0.1746,0
SYN-2616,22600.0,2,1,1,informal,0,1,397000.0,20200.0,home,1,0,0,3.01,3,3.0018,1
SYN-2617,18700.0,5,1,1,unemployed,0,0,0.0,44000.0,boarding,0,0,0,3.08,4,3.5393,1
SYN-2618,157400.0,4,2,2,formal,0,1,135000.0,60100.0,hostel,0,0,0,2.4,4,-0.7728,0
SYN-2619,25200.0,4,2,1,unemployed,1,0,0.0,26800.0,home,0,0,0,2.86,4,2.5243,1
SYN-2620,19200.0,4,0,0,deceased,0,1,101000.0,26500.0,home,0,0,0,3.23,4,2.4073,1
SYN-2621,87600.0,7,0,0,informal,0,0,0.0,42800.0,boarding,0,0,0,3.89,3,-2.5811,0
SYN-2622,50500.0,5,2,1,formal,0,1,846000.0,34600.0,home,1,1,0,2.73,4,4.8691,1
SYN-2623,44600.0,4,0,0,informal,0,0,0.0,51600.0,hostel,0,0,0,3.37,3,-0.9959,0
SYN-2624,33800.0,5,1,0,formal,1,1,327000.0,28000.0,home,0,0,1,3.13,3,1.9367,1
SYN-2625,152500.0,6,1,0,formal,0,0,0.0,25600.0,home,0,0,0,3.54,4,-2.1506,0
SYN-2626,29900.0,2,1,1,formal,0,1,268000.0,55200.0,hostel,0,0,0,2.79,4,0.9973,0
SYN-2627,26800.0,4,2,1,retired,0,0,0.0,25700.0,home,1,0,0,3.51,3,3.1632,1
SYN-2628,43300.0,6,2,0,informal,1,0,0.0,19500.0,home,1,0,0,3.64,4,0.8611,0
SYN-2629,101400.0,3,1,0,retired,0,0,0.0,22000.0,home,1,0,0,3.66,4,-2.6963,0
SYN-2630,76300.0,5,1,0,informal,0,0,0.0,44800.0,hostel,1,0,0,3.65,3,-1.2889,0
SYN-2631,45300.0,4,2,1,informal,0,1,432000.0,56200.0,hostel,0,0,0,3.13,3,2.0538,1
SYN-2632,204100.0,3,0,0,formal,0,0,0.0,23500.0,home,0,0,0,3.3,3,-5.7018,0
SYN-2633,24700.0,5,2,2,informal,1,0,0.0,49900.0,boarding,0,0,0,2.87,3,4.0307,1
SYN-2634,73300.0,4,2,1,formal,1,0,0.0,48700.0,boarding,0,0,0,2.12,3,-0.5766,0
SYN-2635,94400.0,3,1,1,informal,0,0,0.0,31200.0,home,0,0,0,3.16,3,-1.351,0
SYN-2636,54200.0,5,2,0,formal,0,1,276000.0,16000.0,home,0,0,0,2.98,3,0.2518,0
SYN-2637,82600.0,4,2,0,informal,0,0,0.0,41500.0,hostel,1,0,0,3.45,3,-1.9249,0
SYN-2638,39200.0,3,2,2,informal,1,0,0.0,26500.0,home,0,0,0,3.41,3,0.5325,0
SYN-2639,100600.0,6,0,0,formal,0,0,0.0,51000.0,boarding,1,0,0,2.6,4,-1.3735,0
SYN-2640,32000.0,6,3,2,formal,0,1,222000.0,26900.0,home,0,0,0,4.0,3,3.2077,1
SYN-2641,58200.0,4,0,0,deceased,0,0,0.0,37200.0,boarding,0,0,0,3.21,3,-1.5746,0
SYN-2642,70200.0,5,0,0,formal,0,0,0.0,31000.0,home,0,0,1,2.51,3,-0.8708,0
SYN-2643,165600.0,2,0,0,formal,0,0,0.0,22200.0,home,0,0,0,2.57,4,-5.5813,0
SYN-2644,67000.0,6,1,0,formal,0,1,373000.0,29900.0,home,1,0,1,2.14,3,0.5054,0
SYN-2645,143400.0,4,1,1,informal,0,0,0.0,43600.0,hostel,0,0,0,3.37,4,-2.9897,0
SYN-2646,44200.0,4,0,0,unemployed,0,0,0.0,44800.0,home,0,1,0,2.73,3,0.5339,0
SYN-2647,59100.0,2,1,1,formal,1,0,0.0,25000.0,home,0,0,0,2.7,3,-1.279,0
SYN-2648,111300.0,5,1,0,informal,0,0,0.0,40600.0,home,0,0,0,2.78,3,-2.0211,0
SYN-2649,111700.0,4,0,0,informal,0,0,0.0,23700.0,home,0,0,0,2.92,4,-2.3858,0
SYN-2650,114100.0,3,1,1,formal,0,0,0.0,49400.0,hostel,0,0,0,3.29,4,-2.7307,0
SYN-2651,13700.0,4,1,1,deceased,0,0,0.0,32800.0,home,0,1,0,2.26,3,5.0433,1
SYN-2652,28200.0,4,1,1,deceased,0,0,0.0,42300.0,boarding,0,0,0,2.6,4,1.9361,1
SYN-2653,188400.0,3,0,0,formal,0,0,0.0,41900.0,boarding,0,0,0,3.25,3,-4.4765,0
SYN-2654,44100.0,3,0,0,formal,0,0,0.0,52700.0,hostel,0,0,0,2.8,3,-1.1134,0
SYN-2655,143000.0,5,2,2,formal,0,0,0.0,50300.0,hostel,0,0,0,3.29,4,-1.2243,0
SYN-2656,101200.0,5,1,1,formal,0,0,0.0,29000.0,home,1,0,0,2.84,3,-1.0406,0
SYN-2657,48400.0,4,1,1,informal,0,1,265000.0,37800.0,boarding,0,0,0,3.71,4,2.369,1
SYN-2658,13500.0,6,3,1,informal,1,1,237000.0,47100.0,hostel,1,0,1,3.14,4,9.6886,1
SYN-2659,41200.0,4,1,1,informal,0,0,0.0,47000.0,hostel,1,0,0,3.57,3,0.625,0
SYN-2660,276000.0,5,0,0,formal,0,0,0.0,46900.0,hostel,0,0,0,3.27,3,-5.9903,0
SYN-2661,30700.0,2,1,1,formal,1,0,0.0,41900.0,boarding,1,0,0,3.29,4,1.5784,0
SYN-2662,24400.0,4,0,0,deceased,0,0,0.0,22200.0,home,1,0,0,2.73,4,0.5562,0
SYN-2663,15700.0,4,1,1,deceased,1,0,0.0,24300.0,home,1,0,0,3.54,4,3.721,1
SYN-2664,171700.0,4,1,1,formal,0,0,0.0,52600.0,hostel,0,0,0,3.14,4,-3.6256,0
SYN-2665,63100.0,5,1,0,informal,0,1,243000.0,35600.0,hostel,0,0,0,2.65,4,-0.1304,0
SYN-2666,51100.0,5,0,0,informal,0,0,0.0,36600.0,home,0,0,0,2.16,3,-0.9376,0
SYN-2667,56800.0,4,0,0,unemployed,0,1,783000.0,38400.0,boarding,1,1,0,3.01,4,1.2618,0
SYN-2668,99200.0,5,0,0,informal,0,0,0.0,39200.0,home,0,1,0,3.58,3,-2.1547,0
SYN-2669,32900.0,4,1,1,retired,0,1,465000.0,36700.0,home,0,0,0,2.67,3,2.8085,1
SYN-2670,44900.0,4,0,0,formal,0,0,0.0,28200.0,home,0,0,0,2.65,4,-0.6466,0
SYN-2671,166400.0,4,2,1,formal,0,0,0.0,28800.0,home,0,0,0,2.92,3,-2.5635,0
SYN-2672,38100.0,4,2,1,deceased,0,0,0.0,50300.0,boarding,1,0,0,3.51,3,2.0438,1
SYN-2673,37500.0,2,1,0,formal,0,0,0.0,37000.0,home,0,0,0,2.28,4,-0.512,0
SYN-2674,33000.0,5,0,0,formal,0,0,0.0,46900.0,boarding,0,0,0,2.78,4,0.5102,0
SYN-2675,18100.0,4,1,1,unemployed,0,1,220000.0,47800.0,boarding,0,0,0,2.63,3,6.6315,1
SYN-2676,27600.0,6,3,2,retired,0,1,240000.0,42000.0,hostel,0,0,1,3.29,3,6.1163,1
SYN-2677,23400.0,5,3,2,informal,0,0,0.0,31100.0,home,0,0,0,2.99,4,4.6202,1
SYN-2678,29800.0,5,1,0,retired,0,0,0.0,25800.0,home,0,0,0,2.9,3,0.1466,0
SYN-2679,15700.0,6,3,2,unemployed,0,1,287000.0,35400.0,boarding,1,0,0,2.97,3,8.181,1
SYN-2680,68200.0,6,0,0,formal,0,0,0.0,42400.0,boarding,0,0,0,3.38,4,-0.5818,0
SYN-2681,183100.0,6,0,0,informal,0,0,0.0,27700.0,home,0,0,0,3.52,3,-3.9605,0
SYN-2682,36700.0,4,0,0,retired,0,0,0.0,40600.0,boarding,1,0,0,3.48,3,-0.1049,0
SYN-2683,49800.0,9,3,3,retired,0,0,0.0,45200.0,hostel,0,0,0,3.29,3,2.2194,1
SYN-2684,90800.0,5,3,1,formal,0,0,0.0,23100.0,home,1,0,0,3.63,4,-0.3864,0
SYN-2685,55600.0,7,2,1,formal,1,0,0.0,39300.0,home,0,0,0,2.66,4,0.9618,0
SYN-2686,38200.0,3,1,1,retired,1,0,0.0,48900.0,hostel,1,0,0,3.21,4,0.099,0
SYN-2687,102700.0,4,2,0,formal,0,0,0.0,40100.0,hostel,0,0,0,4.0,4,-1.1304,0
SYN-2688,73400.0,2,1,0,formal,0,1,284000.0,31000.0,home,1,0,0,2.28,3,-1.5766,0
SYN-2689,249800.0,4,0,0,retired,0,0,0.0,56400.0,hostel,0,0,0,2.83,3,-5.7239,0
SYN-2690,119100.0,2,1,1,informal,0,0,0.0,35300.0,home,0,0,0,2.61,3,-2.7184,0
SYN-2691,27300.0,5,1,0,formal,1,0,0.0,45100.0,hostel,1,0,0,3.17,3,2.9003,1
SYN-2692,107900.0,5,0,0,formal,0,0,0.0,38800.0,boarding,0,0,0,3.65,3,-1.9618,0
SYN-2693,56900.0,7,0,0,formal,0,0,0.0,36200.0,boarding,0,0,0,3.28,4,0.1582,0
SYN-2694,69700.0,5,1,1,retired,0,0,0.0,43900.0,hostel,0,0,0,2.96,3,-0.9051,0
SYN-2695,26400.0,6,0,0,informal,0,0,0.0,44400.0,hostel,1,0,0,3.28,3,2.7976,1
SYN-2696,34500.0,3,2,0,formal,1,0,0.0,21900.0,home,0,0,0,2.93,3,1.3917,0
SYN-2697,82900.0,6,0,0,formal,0,0,0.0,39100.0,boarding,1,0,0,3.13,3,-0.6586,0
SYN-2698,118800.0,4,2,0,formal,0,0,0.0,49900.0,hostel,1,0,0,3.31,3,-1.1934,0
SYN-2699,83500.0,3,1,1,formal,1,0,0.0,39200.0,boarding,0,0,0,3.79,4,-0.2335,0
SYN-2700,140800.0,3,1,1,formal,0,0,0.0,31200.0,home,0,0,0,3.24,3,-2.6348,0
SYN-2701,63800.0,4,3,1,informal,1,0,0.0,38900.0,home,0,0,0,3.14,4,0.4932,0
SYN-2702,54300.0,5,3,0,formal,1,0,0.0,58100.0,hostel,1,0,1,3.9,4,1.4603,0
SYN-2703,66700.0,2,0,0,formal,0,0,0.0,29600.0,home,0,1,0,2.13,3,-3.4126,0
SYN-2704,112800.0,2,1,1,informal,0,1,279000.0,46300.0,boarding,0,0,0,3.01,3,-2.0537,0
SYN-2705,126800.0,7,2,2,informal,0,0,0.0,40600.0,boarding,0,0,0,2.74,3,-1.1742,0
SYN-2706,85000.0,8,0,0,formal,0,0,0.0,27300.0,home,0,0,0,2.95,4,0.0901,0
SYN-2707,64400.0,7,0,0,formal,0,0,0.0,23900.0,home,1,0,0,3.3,4,-0.6413,0
SYN-2708,118600.0,3,2,1,formal,1,1,310000.0,30500.0,home,1,0,0,3.46,3,-1.0227,0
SYN-2709,87000.0,4,0,0,formal,0,0,0.0,36000.0,home,0,0,0,2.83,3,-2.816,0
SYN-2710,34900.0,4,2,2,unemployed,0,1,517000.0,41000.0,hostel,0,0,0,3.33,4,3.8456,1
SYN-2711,89600.0,4,1,0,formal,0,0,0.0,28400.0,home,1,0,0,2.67,3,-2.1278,0
SYN-2712,40300.0,3,0,0,retired,0,1,373000.0,28200.0,home,1,1,0,2.41,3,1.6971,0
SYN-2713,16600.0,4,0,0,unemployed,0,1,416000.0,42900.0,boarding,1,0,0,3.08,4,6.413,1
SYN-2714,78000.0,3,2,2,formal,1,0,0.0,49400.0,hostel,0,0,0,2.96,4,-0.0692,0
SYN-2715,67200.0,5,4,2,formal,0,0,0.0,33000.0,home,1,0,0,3.68,4,1.7794,1
SYN-2716,242400.0,5,1,1,formal,0,0,0.0,40400.0,home,0,0,0,3.94,4,-3.8951,0
SYN-2717,135800.0,3,1,1,formal,0,0,0.0,36700.0,boarding,0,0,0,2.79,4,-3.0348,0
SYN-2718,29200.0,8,2,1,informal,1,1,470000.0,36400.0,boarding,1,0,0,2.29,3,6.9448,1
SYN-2719,94600.0,2,1,1,formal,1,0,0.0,42900.0,boarding,0,0,0,2.48,3,-2.4414,0
SYN-2720,64600.0,5,2,2,retired,0,1,495000.0,38000.0,home,0,0,0,2.7,3,1.697,0
SYN-2721,106800.0,6,3,1,informal,1,0,0.0,40000.0,hostel,0,1,0,3.04,4,-0.1709,0
SYN-2722,14100.0,5,2,1,unemployed,1,1,621000.0,43300.0,boarding,1,1,0,2.84,4,10.319,1
SYN-2723,28900.0,3,0,0,unemployed,0,0,0.0,46900.0,hostel,1,0,0,2.52,4,0.9141,0
SYN-2724,53300.0,5,2,0,informal,0,0,0.0,52700.0,hostel,1,0,0,3.8,3,0.489,0
SYN-2725,50000.0,5,1,1,deceased,0,1,359000.0,45000.0,boarding,0,1,0,3.23,3,2.1889,1
SYN-2726,29700.0,6,1,0,deceased,0,0,0.0,30300.0,home,0,0,0,3.79,3,1.7899,1
SYN-2727,94200.0,4,0,0,formal,0,0,0.0,44200.0,boarding,1,0,0,2.29,4,-2.115,0
SYN-2728,86400.0,5,3,1,formal,0,0,0.0,37900.0,boarding,1,0,0,3.58,4,0.4451,0
SYN-2729,146300.0,5,1,1,informal,0,0,0.0,34400.0,home,0,0,0,2.99,4,-3.1374,0
SYN-2730,68300.0,4,0,0,formal,0,0,0.0,37600.0,home,1,0,0,2.89,3,-0.8531,0
SYN-2731,44900.0,4,0,0,informal,0,1,352000.0,30600.0,home,1,0,0,3.06,3,0.4734,0
SYN-2732,111400.0,7,1,0,informal,0,0,0.0,45800.0,hostel,0,0,0,2.76,3,-2.1202,0
SYN-2733,36400.0,5,1,1,informal,0,1,264000.0,47200.0,hostel,1,0,0,2.99,3,3.7139,1
SYN-2734,47400.0,8,0,0,unemployed,0,0,0.0,45800.0,boarding,1,1,0,3.35,3,2.8481,1
SYN-2735,159600.0,8,1,1,formal,0,0,0.0,41300.0,boarding,0,0,0,2.23,4,-1.969,0
SYN-2736,112400.0,5,1,0,informal,0,0,0.0,34900.0,boarding,1,0,0,3.68,4,-2.4256,0
SYN-2737,108300.0,4,0,0,formal,0,0,0.0,53200.0,hostel,0,0,0,3.21,4,-2.7017,0
SYN-2738,41800.0,3,0,0,retired,0,1,221000.0,24600.0,home,0,0,0,3.0,3,-1.0972,0
SYN-2739,76600.0,2,1,1,informal,0,1,297000.0,32300.0,home,0,0,0,3.44,3,-0.3449,0
SYN-2740,84600.0,4,2,0,formal,0,0,0.0,31200.0,boarding,1,0,0,3.2,3,-1.6427,0
SYN-2741,53000.0,2,0,0,informal,0,0,0.0,48600.0,hostel,0,0,0,2.85,3,-2.2662,0
SYN-2742,142900.0,3,1,0,formal,0,0,0.0,47600.0,hostel,1,1,0,2.63,3,-2.7118,0
SYN-2743,46000.0,6,2,1,unemployed,0,1,185000.0,37200.0,hostel,0,0,0,3.68,3,1.7267,0
SYN-2744,34500.0,4,0,0,informal,0,0,0.0,43300.0,boarding,1,0,0,2.43,4,0.0499,0
SYN-2745,146300.0,4,3,3,informal,1,0,0.0,23900.0,home,0,0,0,2.97,4,0.2229,0
SYN-2746,27500.0,3,1,1,unemployed,0,0,0.0,30500.0,home,1,0,0,2.46,4,1.7169,0
SYN-2747,23300.0,5,2,1,retired,0,1,191000.0,27700.0,home,1,0,0,3.25,3,4.1646,1
SYN-2748,34600.0,5,0,0,retired,0,0,0.0,33400.0,boarding,0,0,0,3.01,3,0.1258,0
SYN-2749,127600.0,6,1,1,informal,0,0,0.0,35700.0,boarding,1,1,0,2.43,3,-1.3593,0
SYN-2750,51200.0,5,1,1,unemployed,1,1,484000.0,24700.0,home,1,0,0,2.69,4,2.7126,1
SYN-2751,125700.0,5,0,0,informal,0,0,0.0,46900.0,boarding,0,0,0,3.07,3,-2.4019,0
SYN-2752,112700.0,6,1,1,retired,0,0,0.0,52600.0,hostel,0,0,0,3.17,3,-1.0665,0
SYN-2753,83100.0,4,0,0,retired,0,0,0.0,42100.0,home,1,0,0,2.24,3,-1.9282,0
SYN-2754,86100.0,5,3,0,formal,1,0,0.0,38700.0,boarding,0,0,0,2.75,3,0.1427,0
SYN-2755,105500.0,2,0,0,formal,0,0,0.0,27000.0,home,0,0,0,3.12,3,-5.5074,0
SYN-2756,118400.0,4,1,1,formal,0,0,0.0,42200.0,boarding,0,0,0,3.56,3,-2.0872,0
SYN-2757,131900.0,6,2,2,formal,0,0,0.0,39500.0,boarding,0,0,0,3.4,3,-0.4356,0
SYN-2758,48000.0,5,2,2,informal,0,0,0.0,26800.0,home,0,0,0,2.86,4,1.2823,0
SYN-2759,94800.0,7,3,1,formal,1,0,0.0,41800.0,boarding,0,0,0,3.47,3,0.3735,0
SYN-2760,115900.0,4,1,1,informal,1,1,281000.0,45400.0,boarding,0,0,0,2.92,3,-1.8472,0
SYN-2761,78600.0,4,0,0,formal,0,0,0.0,18400.0,home,0,0,0,1.74,4,-2.843,0
SYN-2762,57800.0,5,3,0,formal,0,0,0.0,44900.0,hostel,1,0,0,3.66,4,0.5713,0
SYN-2763,73200.0,3,1,1,informal,0,0,0.0,40300.0,hostel,1,0,0,3.24,3,-1.0115,0
SYN-2764,39400.0,7,0,0,informal,0,0,0.0,40700.0,boarding,1,0,0,3.13,4,0.9743,0
SYN-2765,35000.0,3,0,0,informal,0,1,490000.0,32400.0,home,0,0,1,3.05,3,-0.1332,0
SYN-2766,102600.0,4,1,1,retired,0,0,0.0,36100.0,home,0,0,0,3.18,4,-1.5008,0
SYN-2767,37800.0,3,1,1,deceased,0,0,0.0,27600.0,home,0,0,0,3.05,4,0.4385,0
SYN-2768,72900.0,4,0,0,informal,0,0,0.0,30600.0,home,0,0,0,2.93,3,-1.9841,0
SYN-2769,62900.0,5,0,0,formal,0,0,0.0,32200.0,boarding,0,0,0,2.78,3,-1.8143,0
SYN-2770,138500.0,3,2,2,formal,0,0,0.0,43300.0,hostel,1,0,0,3.08,4,-1.7716,0
SYN-2771,77400.0,4,2,0,deceased,0,0,0.0,31100.0,home,0,1,0,2.58,4,-0.2671,0
SYN-2772,63200.0,6,0,0,informal,0,0,0.0,34000.0,boarding,0,0,0,2.57,4,-0.8813,0
SYN-2773,13600.0,4,2,0,unemployed,0,1,245000.0,48300.0,boarding,1,1,1,3.06,3,8.1497,1
SYN-2774,59600.0,3,1,1,informal,0,0,0.0,44400.0,boarding,0,0,0,3.46,3,-0.0839,0
SYN-2775,67600.0,7,4,1,formal,1,0,0.0,43000.0,hostel,1,0,0,2.72,4,1.4307,0
SYN-2776,80000.0,3,1,0,informal,0,0,0.0,21800.0,home,0,0,0,2.79,3,-3.9978,0
SYN-2777,57900.0,4,1,1,retired,0,0,0.0,37500.0,boarding,0,0,0,2.34,3,-0.3749,0
SYN-2778,47800.0,4,0,0,retired,0,1,406000.0,25100.0,home,1,0,0,2.5,3,0.5844,0
SYN-2779,75000.0,3,2,1,formal,1,0,0.0,23300.0,home,1,0,1,2.51,3,-0.5487,0
SYN-2780,55000.0,5,0,0,informal,0,0,0.0,33800.0,boarding,1,0,0,3.46,3,-0.3881,0
SYN-2781,87900.0,2,1,1,formal,0,0,0.0,28700.0,home,1,0,0,2.32,4,-2.5273,0
SYN-2782,28100.0,5,0,0,deceased,0,0,0.0,34000.0,home,0,0,0,3.24,3,1.6905,0
SYN-2783,279600.0,4,3,2,formal,0,0,0.0,26100.0,home,1,0,0,2.94,3,-3.1614,0
SYN-2784,22300.0,6,0,0,unemployed,0,1,247000.0,32400.0,home,1,0,0,3.3,4,4.1853,1
SYN-2785,98400.0,7,0,0,formal,0,0,0.0,28200.0,home,0,0,0,3.54,3,-2.1101,0
SYN-2786,98500.0,4,1,1,informal,0,0,0.0,33400.0,home,0,0,0,3.04,4,-1.3126,0
SYN-2787,57600.0,4,1,0,informal,0,0,0.0,25700.0,home,0,0,0,3.53,4,-1.5038,0
SYN-2788,88400.0,4,2,1,formal,0,0,0.0,43000.0,boarding,0,0,0,3.7,3,-0.8604,0
SYN-2789,42500.0,5,2,1,retired,0,0,0.0,42200.0,boarding,1,0,0,3.62,4,1.7587,1
SYN-2790,33000.0,7,2,0,retired,0,0,0.0,55500.0,hostel,0,0,0,2.77,4,2.7611,1
SYN-2791,54200.0,3,2,1,retired,0,0,0.0,51100.0,hostel,1,0,0,2.22,3,0.286,0
SYN-2792,25600.0,5,2,0,formal,1,0,0.0,49400.0,hostel,0,0,1,3.0,4,3.2722,1
SYN-2793,63100.0,4,3,1,unemployed,1,0,0.0,33400.0,boarding,0,1,0,3.02,3,1.4812,0
SYN-2794,111600.0,2,1,1,informal,0,0,0.0,27100.0,home,0,0,0,2.23,4,-2.9241,0
SYN-2795,102600.0,8,4,1,informal,0,0,0.0,25600.0,home,0,1,0,2.98,4,1.4766,0
SYN-2796,27800.0,3,0,0,informal,0,1,203000.0,43500.0,hostel,0,0,0,1.97,4,1.7663,1
SYN-2797,36400.0,3,0,0,informal,0,0,0.0,48100.0,hostel,1,0,0,3.7,3,-0.6379,0
SYN-2798,188900.0,3,1,1,formal,0,0,0.0,42800.0,boarding,0,0,0,3.25,4,-2.698,0
SYN-2799,600000.0,5,2,0,informal,0,0,0.0,43000.0,boarding,0,0,0,2.71,3,-5.0557,0
SYN-2800,169800.0,8,1,1,formal,0,0,0.0,36900.0,home,0,1,0,3.0,4,-1.0098,0
SYN-2801,155700.0,5,0,0,formal,0,0,0.0,32700.0,home,0,0,0,3.16,3,-3.6309,0
SYN-2802,91600.0,8,1,1,formal,0,0,0.0,34700.0,boarding,1,1,0,3.15,3,0.8115,0
SYN-2803,55200.0,4,0,0,formal,0,0,0.0,31100.0,home,0,0,0,3.08,4,-2.5739,0
SYN-2804,73600.0,5,3,0,retired,0,0,0.0,44700.0,boarding,1,0,0,3.45,3,1.0232,0
SYN-2805,30700.0,6,0,0,informal,0,0,0.0,54900.0,hostel,1,0,0,2.52,4,2.7123,1
SYN-2806,35300.0,4,0,0,formal,0,1,427000.0,47200.0,hostel,1,0,0,3.0,3,2.2486,1
SYN-2807,27100.0,2,0,0,retired,0,0,0.0,47200.0,hostel,0,0,0,3.8,4,0.2861,0
SYN-2808,52400.0,5,2,1,retired,1,1,421000.0,35900.0,home,1,1,0,2.8,4,4.1063,1
SYN-2809,41200.0,7,1,1,retired,0,0,0.0,31000.0,home,1,0,0,3.15,4,1.0858,0
SYN-2810,45000.0,7,1,1,retired,0,0,0.0,32700.0,boarding,1,0,0,2.63,3,1.5259,0
SYN-2811,34600.0,4,1,1,deceased,1,0,0.0,31500.0,boarding,0,0,0,3.96,4,1.5646,0
SYN-2812,38900.0,4,0,0,informal,0,1,399000.0,58100.0,hostel,0,0,0,3.17,3,1.7455,1
SYN-2813,26100.0,6,3,2,deceased,0,0,0.0,20600.0,home,1,1,0,2.42,4,4.5343,1
SYN-2814,26800.0,4,2,2,deceased,0,0,0.0,29100.0,home,1,0,0,3.51,4,3.4898,1
SYN-2815,40600.0,5,4,1,formal,0,0,0.0,34900.0,home,0,0,0,2.6,3,2.4065,1
SYN-2816,32300.0,2,0,0,retired,0,0,0.0,31800.0,boarding,1,0,0,3.34,3,-0.0101,0
SYN-2817,30100.0,6,0,0,retired,0,0,0.0,24100.0,home,0,0,0,3.48,3,0.5871,0
SYN-2818,75000.0,5,0,0,retired,0,0,0.0,23100.0,home,0,0,1,3.9,4,-2.0063,0
SYN-2819,78500.0,4,0,0,retired,0,0,0.0,39900.0,home,0,0,0,3.14,3,-2.7516,0
SYN-2820,27600.0,3,1,1,informal,0,1,166000.0,41100.0,home,1,0,0,3.07,3,3.4148,1
SYN-2821,61300.0,2,1,1,informal,0,0,0.0,37500.0,boarding,0,0,0,2.2,3,-2.0768,0
SYN-2822,156200.0,2,0,0,informal,0,0,0.0,33200.0,home,1,0,0,2.86,4,-5.0184,0
SYN-2823,19500.0,4,0,0,unemployed,0,1,3913000.0,49700.0,hostel,0,0,0,2.75,4,6.3747,1
SYN-2824,69000.0,5,2,1,retired,0,0,0.0,40000.0,boarding,0,0,0,2.97,3,-0.0113,0
SYN-2825,57800.0,9,1,0,retired,0,0,0.0,21100.0,home,0,0,0,2.83,3,-0.3092,0
SYN-2826,61000.0,5,2,2,unemployed,0,0,0.0,42700.0,home,0,0,0,3.38,3,1.3126,0
SYN-2827,44400.0,3,1,1,deceased,0,1,391000.0,20000.0,home,1,0,0,2.81,4,0.8913,0
SYN-2828,69400.0,5,1,1,formal,0,0,0.0,31200.0,home,0,1,0,3.15,4,-0.1016,0
SYN-2829,50200.0,4,2,1,deceased,0,0,0.0,37900.0,boarding,0,0,0,3.0,4,0.0437,0
SYN-2830,71800.0,4,1,1,formal,0,0,0.0,53500.0,hostel,1,0,0,2.79,3,-1.3646,0
SYN-2831,68600.0,6,1,1,informal,0,0,0.0,34700.0,home,0,0,0,2.75,3,0.9743,0
SYN-2832,42600.0,4,1,1,formal,0,0,0.0,24600.0,home,0,0,0,3.15,3,-0.1599,0
SYN-2833,143000.0,6,2,0,informal,0,0,0.0,43700.0,hostel,0,0,0,3.63,4,-2.63,0
SYN-2834,129700.0,4,1,1,informal,0,0,0.0,33000.0,boarding,0,0,0,2.74,4,-2.3634,0
SYN-2835,35700.0,5,1,1,formal,1,0,0.0,31100.0,home,0,0,0,3.07,3,1.0475,0
SYN-2836,61200.0,7,1,1,informal,0,0,0.0,45400.0,boarding,0,0,0,3.25,3,0.7653,0
SYN-2837,23000.0,5,0,0,unemployed,0,0,0.0,27600.0,home,1,0,0,3.04,3,2.5835,1
SYN-2838,36300.0,5,0,0,formal,0,0,0.0,28700.0,home,1,0,0,2.31,3,-0.1292,0
SYN-2839,12000.0,2,1,1,unemployed,0,0,0.0,58500.0,hostel,1,0,0,3.25,4,4.5826,1
SYN-2840,60900.0,8,4,1,formal,0,0,0.0,46600.0,boarding,0,0,0,2.42,3,1.8831,1
SYN-2841,72300.0,5,0,0,formal,0,0,0.0,37400.0,home,0,0,0,2.42,4,-2.2587,0
SYN-2842,39800.0,3,2,1,formal,0,1,169000.0,35700.0,hostel,0,0,1,2.5,4,1.1136,0
SYN-2843,62000.0,4,1,1,informal,0,0,0.0,33000.0,home,1,0,0,2.98,3,-0.4508,0
SYN-2844,80700.0,6,0,0,retired,0,0,0.0,31400.0,home,1,0,0,2.65,3,-0.1886,0
SYN-2845,114700.0,2,1,1,informal,0,0,0.0,41100.0,hostel,0,0,0,2.45,3,-3.5214,0
SYN-2846,39700.0,4,2,1,retired,0,0,0.0,35800.0,boarding,1,1,0,3.11,4,2.4186,1
SYN-2847,20500.0,4,0,0,informal,0,0,0.0,40300.0,boarding,1,0,0,3.04,3,3.7621,1
SYN-2848,58200.0,5,1,1,retired,1,0,0.0,22600.0,home,0,0,0,3.37,4,0.5127,0
SYN-2849,40900.0,3,1,1,deceased,0,1,463000.0,25600.0,home,1,0,0,2.74,4,0.9141,0
SYN-2850,71100.0,5,1,1,informal,0,0,0.0,45500.0,hostel,1,0,0,3.02,4,-0.3389,0
SYN-2851,255200.0,4,1,1,formal,0,0,0.0,33200.0,home,0,0,0,3.39,4,-3.7772,0
SYN-2852,40300.0,3,2,1,formal,1,1,911000.0,44100.0,hostel,0,0,1,2.5,3,4.8212,1
SYN-2853,12000.0,3,1,1,informal,0,1,313000.0,39000.0,boarding,1,0,0,2.77,4,8.9039,1
SYN-2854,29100.0,5,1,1,informal,1,0,0.0,35600.0,home,0,0,0,3.47,4,2.7107,1
SYN-2855,115000.0,4,2,1,formal,0,0,0.0,38300.0,hostel,0,0,0,3.06,3,-1.2203,0
SYN-2856,55400.0,6,1,1,retired,0,0,0.0,49300.0,hostel,0,0,0,2.99,3,-0.1309,0
SYN-2857,24800.0,4,0,0,deceased,0,0,0.0,50100.0,hostel,0,0,0,3.03,3,1.3696,0
SYN-2858,40300.0,3,2,2,formal,0,0,0.0,32300.0,home,0,0,0,3.56,3,0.6047,0
SYN-2859,72400.0,4,1,1,formal,0,0,0.0,38700.0,boarding,0,0,0,3.04,3,-0.4461,0
SYN-2860,34600.0,5,2,0,formal,0,0,0.0,24100.0,home,1,1,0,2.97,3,2.6525,1
SYN-2861,69200.0,2,1,1,informal,1,0,0.0,38400.0,home,0,1,0,2.94,4,-0.7008,0
SYN-2862,33900.0,4,1,1,retired,0,0,0.0,43300.0,hostel,1,0,0,2.37,3,2.5076,1
SYN-2863,39900.0,4,0,0,informal,0,1,540000.0,41900.0,hostel,1,0,0,3.26,3,2.2295,1
SYN-2864,45200.0,3,0,0,formal,0,0,0.0,30100.0,home,1,0,0,2.71,3,-0.5972,0
SYN-2865,65000.0,3,1,1,informal,0,0,0.0,37400.0,boarding,1,0,0,2.52,3,-0.4408,0
SYN-2866,70300.0,5,3,1,formal,0,1,191000.0,53800.0,hostel,1,0,0,2.32,4,1.6183,0
SYN-2867,80600.0,2,1,0,informal,0,0,0.0,40000.0,boarding,0,0,0,2.4,3,-3.1841,0
SYN-2868,57400.0,4,2,0,informal,1,1,282000.0,36500.0,home,0,0,0,2.1,3,1.163,0
SYN-2869,54100.0,4,0,0,informal,0,0,0.0,32500.0,home,1,0,0,2.62,3,-0.8011,0
SYN-2870,40900.0,3,2,1,informal,0,0,0.0,39400.0,boarding,0,0,0,2.87,3,0.7804,0
SYN-2871,36500.0,3,2,1,retired,0,0,0.0,54100.0,hostel,0,0,0,3.5,4,2.1561,1
SYN-2872,39800.0,2,1,1,formal,1,0,0.0,26400.0,home,1,0,0,3.08,3,0.9318,0
SYN-2873,132500.0,2,1,0,retired,0,0,0.0,28200.0,home,1,0,0,3.16,4,-3.7095,0
SYN-2874,32700.0,3,1,0,formal,0,1,416000.0,50900.0,hostel,1,1,0,3.49,4,3.6049,1
SYN-2875,54500.0,2,1,0,formal,0,0,0.0,49200.0,hostel,1,0,0,1.85,4,-1.4504,0
SYN-2876,44900.0,5,1,1,retired,0,0,0.0,44300.0,hostel,1,0,0,3.21,3,0.3527,0
SYN-2877,22100.0,5,4,0,unemployed,0,0,0.0,39600.0,hostel,1,0,0,3.18,3,4.3161,1
SYN-2878,158900.0,3,0,0,formal,0,0,0.0,41400.0,boarding,0,0,0,3.4,3,-4.2798,0
SYN-2879,47500.0,8,1,1,informal,0,0,0.0,44000.0,hostel,1,0,0,2.3,3,2.7127,1
SYN-2880,22900.0,4,0,0,unemployed,0,0,0.0,41700.0,boarding,1,0,0,2.81,3,1.5716,0
SYN-2881,59100.0,4,1,1,deceased,0,0,0.0,39200.0,boarding,1,0,0,2.66,4,0.0472,0
SYN-2882,195300.0,4,1,1,informal,0,1,315000.0,26100.0,home,0,0,0,2.51,4,-3.3563,0
SYN-2883,148900.0,2,1,1,formal,0,0,0.0,40000.0,boarding,1,0,0,4.0,4,-3.4024,0
SYN-2884,66900.0,2,0,0,informal,0,0,0.0,29600.0,home,0,0,0,2.81,3,-4.2847,0
SYN-2885,48100.0,6,2,2,formal,1,0,0.0,51800.0,hostel,1,0,0,3.44,3,2.0779,1
SYN-2886,70400.0,6,0,0,formal,0,0,0.0,32300.0,home,1,0,0,3.35,4,0.0921,0
SYN-2887,78200.0,5,3,1,informal,0,0,0.0,41500.0,home,0,0,0,2.45,3,0.6685,0
SYN-2888,26700.0,6,0,0,retired,0,1,424000.0,48800.0,hostel,1,0,0,2.83,3,4.8309,1
SYN-2889,82700.0,4,3,1,formal,1,0,0.0,44300.0,hostel,1,0,0,3.08,4,0.8526,0
SYN-2890,47700.0,3,2,2,retired,0,1,121000.0,40600.0,boarding,1,0,0,3.22,3,1.9715,1
SYN-2891,32600.0,3,2,1,unemployed,0,0,0.0,44600.0,boarding,0,1,0,3.09,4,2.7054,1
SYN-2892,16600.0,6,2,1,unemployed,0,1,200000.0,35500.0,home,0,1,0,3.69,3,7.3788,1
SYN-2893,91100.0,4,0,0,formal,0,0,0.0,37400.0,home,0,0,0,3.43,4,-3.0,0
SYN-2894,18300.0,7,2,2,informal,1,0,0.0,42400.0,hostel,0,1,0,3.23,3,7.0144,1
SYN-2895,49800.0,3,0,0,formal,0,0,0.0,55000.0,hostel,1,0,0,3.46,4,-1.6108,0
SYN-2896,46500.0,6,3,1,formal,1,0,0.0,29700.0,home,0,0,0,3.62,3,1.533,0
SYN-2897,80400.0,3,0,0,formal,0,0,0.0,24900.0,home,1,0,1,2.79,3,-2.8816,0
SYN-2898,247500.0,3,0,0,formal,0,0,0.0,28900.0,home,0,0,0,2.39,4,-5.8856,0
SYN-2899,86800.0,9,1,1,formal,1,0,0.0,48200.0,boarding,0,0,0,2.8,4,-0.5257,0
SYN-2900,152200.0,4,0,0,formal,0,0,0.0,32500.0,home,1,0,0,2.47,3,-3.8602,0
SYN-2901,56000.0,4,1,1,retired,1,0,0.0,23300.0,home,0,0,0,2.64,3,0.1298,0
SYN-2902,56900.0,3,2,1,retired,1,0,0.0,23400.0,home,1,0,0,3.09,3,0.522,0
SYN-2903,244400.0,8,1,0,formal,0,0,0.0,34700.0,boarding,0,0,0,2.82,4,-4.1961,0
SYN-2904,25200.0,5,1,1,deceased,0,0,0.0,37500.0,boarding,1,0,0,3.32,4,3.4274,1
SYN-2905,56800.0,3,0,0,formal,0,0,0.0,30400.0,home,0,0,0,3.18,3,-2.2772,0
SYN-2906,104200.0,5,1,0,informal,0,0,0.0,23800.0,home,0,0,0,3.2,3,-2.0049,0
SYN-2907,42500.0,3,1,1,retired,0,1,376000.0,27600.0,home,1,1,0,2.42,3,2.6189,1
SYN-2908,81500.0,6,1,0,informal,0,0,0.0,49200.0,boarding,0,0,0,2.68,4,-1.0447,0
SYN-2909,55300.0,4,1,0,formal,1,0,0.0,38900.0,home,0,0,0,2.25,3,-1.3461,0
SYN-2910,52000.0,8,0,0,informal,0,0,0.0,56500.0,hostel,0,0,0,3.29,3,1.6565,0
SYN-2911,98800.0,2,1,0,informal,1,1,264000.0,20100.0,home,1,0,0,3.86,3,-3.5731,0
SYN-2912,39400.0,3,0,0,informal,0,0,0.0,57200.0,hostel,0,0,0,3.13,4,-0.6075,0
SYN-2913,105300.0,2,1,1,informal,0,0,0.0,30500.0,home,0,1,0,3.06,4,-1.629,0
SYN-2914,96300.0,6,2,0,informal,0,0,0.0,41900.0,boarding,0,0,0,2.83,4,-1.4963,0
SYN-2915,28800.0,3,2,2,formal,0,1,409000.0,47200.0,boarding,1,0,0,2.96,4,4.7935,1
SYN-2916,35600.0,3,0,0,informal,0,1,311000.0,33900.0,home,1,0,0,3.59,4,0.8714,0
SYN-2917,61100.0,5,0,0,formal,0,0,0.0,19700.0,home,0,0,0,3.09,4,-1.5316,0
SYN-2918,58100.0,7,0,0,retired,0,0,0.0,26600.0,home,1,1,0,3.22,3,-0.0463,0
SYN-2919,27300.0,3,2,2,unemployed,0,0,0.0,39500.0,boarding,0,0,0,3.6,3,2.4571,1
SYN-2920,68800.0,6,1,0,informal,0,1,245000.0,40700.0,hostel,0,0,0,3.51,3,0.8631,0
SYN-2921,12000.0,4,2,0,unemployed,1,1,290000.0,47000.0,boarding,1,1,1,2.96,4,9.5183,1
SYN-2922,246700.0,2,0,0,formal,0,0,0.0,49400.0,boarding,1,1,0,2.99,3,-5.2819,0
SYN-2923,91500.0,3,2,0,formal,0,0,0.0,29900.0,home,0,0,0,2.89,3,-2.3055,0
SYN-2924,74100.0,4,1,1,informal,0,1,253000.0,43100.0,boarding,1,0,0,3.26,4,0.3852,0
SYN-2925,53600.0,3,2,1,informal,0,0,0.0,41400.0,boarding,0,0,1,2.88,3,0.4016,0
SYN-2926,23400.0,3,1,1,unemployed,0,1,417000.0,30500.0,home,0,0,0,3.2,4,4.0189,1
SYN-2927,138600.0,9,2,0,deceased,0,0,0.0,36100.0,home,0,0,0,3.49,4,-1.1124,0
SYN-2928,19600.0,2,1,1,informal,0,1,481000.0,20300.0,home,1,0,0,2.34,4,5.4479,1
SYN-2929,73900.0,2,1,1,formal,1,0,0.0,32700.0,home,0,0,0,2.27,4,-2.165,0
SYN-2930,37100.0,4,1,0,informal,0,1,568000.0,48100.0,hostel,0,0,0,3.03,3,2.2218,1
SYN-2931,54900.0,6,3,2,formal,0,0,0.0,26100.0,home,1,0,0,3.33,3,1.912,1
SYN-2932,62000.0,3,1,0,formal,0,0,0.0,27200.0,home,0,0,0,3.17,3,-2.356,0
SYN-2933,28100.0,4,0,0,deceased,0,1,361000.0,40100.0,home,0,0,1,2.54,3,1.4923,0
SYN-2934,55600.0,5,1,1,retired,0,0,0.0,22700.0,home,0,1,0,3.33,4,-0.509,0
SYN-2935,12000.0,2,1,0,deceased,0,0,0.0,29100.0,home,0,0,0,3.85,4,3.4899,1
SYN-2936,57700.0,2,1,0,formal,0,0,0.0,39000.0,home,1,0,0,2.69,4,-2.5371,0
SYN-2937,65300.0,4,0,0,formal,0,0,0.0,23000.0,home,1,0,1,2.75,4,-2.2873,0
SYN-2938,26700.0,3,2,1,informal,0,1,291000.0,27500.0,home,1,0,0,3.06,4,2.0183,1
SYN-2939,86800.0,5,2,1,deceased,0,1,502000.0,48200.0,hostel,1,0,1,3.0,4,0.2111,0
SYN-2940,63500.0,4,0,0,formal,0,0,0.0,43800.0,boarding,0,0,0,3.56,3,-1.3317,0
SYN-2941,60200.0,3,2,1,formal,0,0,0.0,41100.0,boarding,1,0,0,3.17,3,0.0808,0
SYN-2942,63500.0,5,0,0,formal,0,0,0.0,25100.0,home,0,0,0,2.93,3,-0.7891,0
SYN-2943,24900.0,4,0,0,unemployed,0,1,229000.0,32500.0,home,1,0,0,2.8,4,3.2039,1
SYN-2944,62900.0,4,3,1,retired,1,0,0.0,47400.0,hostel,1,0,0,2.41,4,0.9673,0
SYN-2945,101600.0,4,2,0,unemployed,0,0,0.0,33500.0,home,1,1,0,3.53,4,-1.3859,0
SYN-2946,74500.0,2,1,1,formal,1,0,0.0,35100.0,home,1,0,1,3.31,3,-1.1657,0
SYN-2947,60800.0,2,0,0,unemployed,0,0,0.0,21800.0,home,0,0,0,3.01,4,-2.9502,0
SYN-2948,185500.0,3,2,2,informal,0,0,0.0,35700.0,home,0,1,1,3.0,4,-2.4417,0
SYN-2949,100900.0,4,0,0,formal,0,0,0.0,40100.0,boarding,0,0,1,3.0,3,-4.2091,0
SYN-2950,162800.0,7,2,0,formal,0,0,0.0,46000.0,boarding,1,0,0,2.31,4,-1.3563,0
SYN-2951,111600.0,4,2,1,informal,0,0,0.0,32700.0,home,0,0,1,2.45,4,-1.9054,0
SYN-2952,74300.0,3,1,1,formal,0,0,0.0,51700.0,boarding,1,0,0,2.96,3,-1.0484,0
SYN-2953,42300.0,4,2,2,deceased,1,0,0.0,30000.0,home,0,0,0,2.96,4,0.1982,0
SYN-2954,26500.0,4,2,2,informal,0,0,0.0,39300.0,boarding,0,0,0,3.04,3,3.4191,1
SYN-2955,66100.0,3,2,2,informal,0,0,0.0,45200.0,hostel,1,0,1,3.76,3,0.0649,0
SYN-2956,24100.0,9,2,1,informal,0,0,0.0,35800.0,boarding,1,0,0,2.93,3,3.9525,1
SYN-2957,16600.0,3,2,0,informal,1,1,235000.0,34400.0,home,1,0,0,2.73,3,5.8174,1
SYN-2958,76300.0,3,1,1,formal,0,0,0.0,23900.0,home,1,0,0,3.07,4,-1.4049,0
SYN-2959,39100.0,8,2,2,informal,0,1,247000.0,45900.0,boarding,0,1,0,2.36,3,5.3488,1
SYN-2960,63100.0,4,2,0,formal,1,0,0.0,28800.0,home,0,0,0,3.12,3,-0.4536,0
SYN-2961,77900.0,3,2,0,informal,0,0,0.0,38300.0,hostel,0,1,0,2.65,4,-0.3853,0
SYN-2962,28800.0,3,2,1,unemployed,0,0,0.0,56200.0,hostel,1,0,0,3.14,3,2.4302,1
SYN-2963,43900.0,5,2,1,informal,0,0,0.0,15000.0,home,0,0,0,2.97,3,0.3153,0
SYN-2964,92300.0,7,1,1,informal,0,0,0.0,47600.0,hostel,1,0,0,2.99,4,0.0654,0
SYN-2965,83800.0,4,1,0,formal,0,0,0.0,31300.0,home,0,1,0,3.21,4,-1.5586,0
SYN-2966,71700.0,2,1,1,informal,0,0,0.0,17300.0,home,1,0,0,3.36,4,-0.9325,0
SYN-2967,35500.0,4,0,0,formal,0,1,292000.0,50400.0,hostel,1,1,0,3.8,3,3.2385,1
SYN-2968,43900.0,3,2,2,deceased,0,1,812000.0,37800.0,boarding,0,0,0,3.34,3,2.3839,1
SYN-2969,102900.0,6,0,0,informal,0,0,0.0,40100.0,boarding,1,0,0,2.95,4,-2.6444,0
SYN-2970,93000.0,4,1,1,retired,0,0,0.0,55400.0,hostel,0,0,0,2.78,4,-1.0494,0
SYN-2971,33500.0,3,2,2,informal,1,1,330000.0,30800.0,home,0,0,0,3.2,4,3.4408,1
SYN-2972,31500.0,4,0,0,retired,0,0,0.0,39600.0,boarding,1,0,0,3.66,3,1.2638,0
SYN-2973,51100.0,9,1,1,formal,0,0,0.0,47100.0,hostel,0,0,0,3.41,4,1.2196,0
SYN-2974,61300.0,5,0,0,formal,0,0,0.0,57800.0,hostel,0,0,0,2.75,4,-0.6685,0
SYN-2975,40800.0,6,2,1,formal,0,0,0.0,32200.0,home,0,0,0,3.24,4,1.3348,0
SYN-2976,81600.0,9,0,0,formal,0,0,0.0,25100.0,home,0,0,0,3.14,3,-0.6743,0
SYN-2977,68600.0,5,1,1,deceased,0,0,0.0,45300.0,hostel,0,0,0,3.49,3,-0.0125,0
SYN-2978,21700.0,4,1,1,unemployed,0,0,0.0,23500.0,home,0,0,0,3.18,3,2.1151,1
SYN-2979,68700.0,3,1,0,informal,0,0,0.0,45500.0,hostel,0,0,0,3.16,4,-1.2692,0
SYN-2980,63900.0,3,1,1,informal,0,0,0.0,38800.0,home,0,0,0,2.55,4,-2.0222,0
SYN-2981,100600.0,8,2,1,informal,0,0,0.0,29100.0,home,1,0,1,3.38,3,-0.3144,0
SYN-2982,40200.0,3,1,0,informal,0,0,0.0,22600.0,home,1,0,0,2.47,3,-0.287,0
SYN-2983,39800.0,5,1,1,retired,0,1,333000.0,43900.0,boarding,0,0,0,3.09,4,2.4281,1
SYN-2984,35300.0,6,4,0,informal,0,0,0.0,27800.0,home,1,0,0,2.82,3,1.143,0
SYN-2985,14000.0,6,0,0,unemployed,0,0,0.0,33100.0,home,1,0,0,2.79,4,3.5577,1
SYN-2986,66100.0,3,1,1,formal,1,0,0.0,46700.0,hostel,1,0,0,3.29,3,-0.2126,0
SYN-2987,44900.0,4,1,0,deceased,0,0,0.0,37900.0,home,0,0,0,3.05,4,0.0644,0
SYN-2988,70700.0,3,2,0,formal,0,0,0.0,36500.0,boarding,1,1,1,1.94,3,-0.2869,0
SYN-2989,145500.0,3,0,0,informal,0,0,0.0,23600.0,home,0,0,0,2.97,4,-4.5227,0
SYN-2990,81700.0,6,2,2,retired,1,0,0.0,46700.0,boarding,0,0,0,2.89,3,0.0325,0
SYN-2991,35600.0,4,1,0,formal,0,0,0.0,30500.0,boarding,0,0,1,3.58,3,-0.5405,0
SYN-2992,98000.0,4,2,1,formal,0,0,0.0,47100.0,hostel,1,0,0,2.53,3,-1.9839,0
SYN-2993,81700.0,4,0,0,informal,0,0,0.0,34400.0,home,0,0,0,3.86,3,-2.3511,0
SYN-2994,56000.0,6,1,1,informal,0,0,0.0,29400.0,boarding,0,0,1,3.41,4,0.8839,0
SYN-2995,58000.0,4,3,1,deceased,0,0,0.0,30400.0,home,0,0,0,2.93,4,0.5682,0
SYN-2996,21100.0,5,2,2,retired,0,1,420000.0,33300.0,boarding,0,0,0,2.87,3,6.0447,1
SYN-2997,125800.0,5,2,2,informal,0,1,321000.0,19900.0,home,1,0,0,2.78,4,-0.7318,0
SYN-2998,64200.0,6,1,1,deceased,0,0,0.0,35600.0,boarding,0,0,0,3.18,3,-0.1482,0
SYN-2999,35000.0,6,1,1,informal,0,0,0.0,29000.0,home,1,0,0,2.72,3,0.839,0
